date,p_0,p_1,p_2
2000-10-31,0.22138092644533824,0.027955507262097105,0.7506635662925649
2000-11-30,3.549046437154331e-10,0.11001885763152881,0.8899811420135669
2000-12-29,9.824924016962183e-15,7.502264426284176e-08,0.9999999249773462
2001-01-16,0.00013239951124522183,0.9875035234715771,0.012364077017178352
2001-01-17,0.010003854043351372,0.977424451999979,0.012571693956671222
2001-01-18,5.809835668207886e-07,0.9506174383714867,0.049381980644945644
2001-01-19,0.006423513338786994,0.9826429660870132,0.010933520574198302
2001-01-22,1.8639826168093377e-12,0.602461550593934,0.3975384494042035
2001-01-23,0.02460912161893609,0.9596172608363579,0.01577361754470591
2001-01-24,7.520676197652819e-07,0.790573937168008,0.20942531076437101
2001-01-25,0.00013383738771634553,0.9700109725677601,0.029855190044521706
2001-01-26,0.0017765774416683244,0.9758537016409368,0.02236972091739572
2001-01-29,0.0020335558266706506,0.994839224488635,0.003127219684693257
2001-01-30,2.687561158635631e-07,0.9703150723149856,0.02968465892889991
2001-01-31,8.624468812564891e-07,0.9859639977545749,0.014035139798543983
2001-02-02,0.005507395774787701,0.9158212257341367,0.07867137849107432
2001-02-05,1.3001878344778124e-05,0.9978134977882404,0.002173500333414584
2001-02-06,0.0005389840757857837,0.9532079228387639,0.046253093085449615
2001-02-07,0.0006862884484096107,0.977074051955112,0.022239659596478067
2001-02-08,8.004369942418017e-07,0.9270241565109538,0.07297504305205196
2001-02-09,6.971626190807227e-07,0.9296871411037269,0.0703121617336539
2001-02-12,0.0033544247221322294,0.9766496051765081,0.019995970101359988
2001-02-13,0.00029352058971309316,0.9694754136712971,0.030231065738991005
2001-02-14,6.992489628035265e-05,0.9743825648584813,0.02554751024523903
2001-02-15,0.001794722220210411,0.9712915993915869,0.02691367838820156
2001-02-16,8.77153482785196e-11,0.5707371729085736,0.4292628270037122
2001-02-20,6.140289102542072e-07,0.8823410954240304,0.11765829054706015
2001-02-21,1.797766058110313e-07,0.8414453326224067,0.15855448760098706
2001-02-22,3.2194899895066876e-07,0.9139983275158793,0.08600135053512041
2001-02-23,5.058532032438527e-09,0.8680141001453159,0.13198589479615264
2001-02-26,1.143514207389146e-13,0.5043492710687782,0.49565072893110584
2001-02-27,1.0438317978689924e-05,0.9492953088518828,0.050694252830139314
2001-02-28,0.0004012811015024221,0.9360242063814186,0.06357451251707869
2001-03-01,4.682667827490075e-06,0.9635591707042486,0.03643614662792334
2001-03-02,0.00040117871688327965,0.9631746673159306,0.03642415396718624
2001-03-05,0.00016440048241162967,0.9652395325808056,0.03459606693678331
2001-03-06,0.19470609738202532,0.7334613138638898,0.07183258875408358
2001-03-07,0.0006248907008516362,0.973276533856333,0.026098575442815273
2001-03-08,7.164446076714608e-15,0.6737241712329937,0.3262758287670004
2001-03-09,6.280418023657601e-07,0.7106934207538185,0.2893059512043808
2001-03-12,1.8694637437838302e-14,0.0010968489709943159,0.9989031510289862
2001-03-13,0.00019088907783207495,0.9658466208038263,0.03396249011834028
2001-03-14,2.2496702001851973e-10,0.6181123822136954,0.3818876175613375
2001-03-15,0.07961061232835584,0.8148469439647078,0.10554244370693772
2001-03-16,5.006190761381763e-11,0.25659287859916363,0.7434071213507735
2001-03-19,4.155388694106377e-05,0.9734475693443224,0.026510876768737115
2001-03-20,3.257691151502486e-05,0.9637319366408806,0.03623548644760566
2001-03-21,1.5666333489271824e-05,0.9385437345957941,0.06144059907071788
2001-03-22,6.103861500765924e-11,0.27808061076744706,0.7219193891715138
2001-03-23,0.006083586484403636,0.1759567452720723,0.8179596682435231
2001-03-26,0.054264261383466156,0.41319130514596875,0.5325444334705662
2001-03-27,0.7964804043949631,0.06245786277668178,0.1410617328283561
2001-03-28,2.770483515354606e-10,0.9220935782252515,0.0779064214976988
2001-03-29,8.710738333053333e-06,0.9462994663588487,0.05369182290281855
2001-03-30,0.0002731077245835979,0.9902932888078869,0.009433603467531327
2001-04-02,3.81909170649048e-06,0.9279084086691187,0.07208777223917379
2001-04-03,1.757494178877007e-10,0.07449575046074941,0.925504249363501
2001-04-04,3.463672148948042e-14,0.9512498389628341,0.04875016103713121
2001-04-05,0.06316102067701092,0.02878132812058759,0.908057651202402
2001-04-06,2.4740107544838095e-07,0.9127990504880455,0.08720070211087971
2001-04-09,0.006503927697447291,0.968257491387169,0.025238580915383054
2001-04-10,0.7548224440216554,0.16384737428205917,0.08133018169628668
2001-04-11,0.0031891640119180143,0.9682633630224657,0.028547472965617805
2001-04-12,0.4494271205065711,0.5255540396609967,0.025018839832431857
2001-04-16,0.41429562499468237,0.5680353453377831,0.017669029667533784
2001-04-17,0.4697725075707508,0.5221462346569464,0.008081257772303124
2001-04-18,0.0014371065066729391,0.5117909011238796,0.486771992369449
2001-04-19,0.3465288408775772,0.6149290161689203,0.038542142953503666
2001-04-20,0.451880072072479,0.5298479976728375,0.018271930254683818
2001-04-23,0.36643808073122786,0.5806417220476533,0.05292019722111771
2001-04-24,0.3689219414286072,0.581695840350867,0.04938221822052627
2001-04-25,0.4961401588167955,0.4713913436874319,0.03246849749577214
2001-04-26,0.4053404228837686,0.5357480626994104,0.058911514416820465
2001-04-27,0.2833203217138279,0.6075664718237946,0.10911320646237649
2001-04-30,0.4748318946547674,0.5051658883475287,0.020002216997704724
2001-05-01,0.43516137058549487,0.4979540103738703,0.06688461904063585
2001-05-02,0.47689551245729145,0.5178396425602477,0.005264844982461786
2001-05-03,0.19124268883545453,0.6581464904633625,0.15061082070118273
2001-05-04,0.45712177193869913,0.5265117227293541,0.016366505331946345
2001-05-07,0.46933347166503425,0.5216028841528151,0.00906364418214973
2001-05-08,0.46678764717728183,0.5165693158977275,0.016643036924990005
2001-05-09,0.06865215304741543,0.6033916572059999,0.32795618974658425
2001-05-10,0.4659651044363911,0.516373783308544,0.017661112255064917
2001-05-11,0.44704826033239853,0.5096991576798452,0.04325258198775635
2001-05-14,0.45702874126158827,0.5201598401540262,0.022811418584386314
2001-05-15,0.4788291497103634,0.5067388414005706,0.014432008889066336
2001-05-16,0.23757944397006323,0.5914463149179949,0.1709742411119411
2001-05-17,0.4522711398597604,0.5230523761357179,0.0246764840045208
2001-05-18,0.427568994556232,0.5659030078084185,0.006527997635349566
2001-05-21,0.4531801159897172,0.5349568518634032,0.011863032146880212
2001-05-22,0.3914218166479454,0.5554917280844525,0.05308645526760198
2001-05-23,0.3858440740664907,0.5623723383412165,0.05178358759229236
2001-05-24,0.43863398315126056,0.544959605220425,0.016406411628313997
2001-05-25,0.3057904632884874,0.6310756549029009,0.06313388180861128
2001-05-29,0.454668642094946,0.528955028653389,0.01637632925166442
2001-05-30,0.27462561523566204,0.6072173394417826,0.11815704532255511
2001-05-31,0.4744102666117921,0.5085146843874402,0.01707504900076739
2001-06-01,0.47646212076975897,0.5112226492154155,0.01231523001482451
2001-06-04,0.4760388001257541,0.5145684405712168,0.009392759303030275
2001-06-05,0.4661393381452168,0.5159659087889091,0.01789475306587284
2001-06-06,0.4319129344390372,0.531951634015216,0.03613543154574687
2001-06-07,0.47241256861606057,0.5143923076991819,0.013195123684757714
2001-06-08,0.3377401999424779,0.6167398569274365,0.045519943130086275
2001-06-11,0.41092152705059787,0.553654562250094,0.035423910699307254
2001-06-12,0.4233708383975924,0.5488340442656671,0.027795117336740217
2001-06-13,0.4714363791570871,0.5171963969491535,0.011367223893758544
2001-06-14,0.3114150709833062,0.6161432844109135,0.07244164460578097
2001-06-15,0.457510567424026,0.5352428909460331,0.007246541629940654
2001-06-18,0.4634566767001884,0.5200832885365789,0.016460034763232666
2001-06-19,0.4785448849139787,0.5105421499911827,0.010912965094838455
2001-06-20,0.44457196956768474,0.5548792762641966,0.000548754168117654
2001-06-21,0.4760959379131243,0.5049993016231054,0.018904760463770556
2001-06-22,0.47220529256618615,0.5141978763192563,0.01359683111455831
2001-06-25,0.467444950499407,0.5175881791954875,0.014966870305106487
2001-06-26,0.45726245100509705,0.5230569668561514,0.01968058213875187
2001-06-27,0.46763080666463885,0.5285692526713781,0.0037999406639836674
2001-06-28,0.34470999003273767,0.5971194547734537,0.05817055519380814
2001-06-29,0.4900899109222684,0.5003953583351306,0.00951473074260149
2001-07-02,0.4862474172779261,0.44967322741603544,0.06407935530603973
2001-07-03,0.45876986184142327,0.5218140612956828,0.019416076862893924
2001-07-05,0.4017234001125924,0.5654377862235374,0.03283881366387014
2001-07-06,0.05391600324967107,0.8454611557224025,0.1006228410279278
2001-07-09,0.4767939466800753,0.5135044258774356,0.009701627442489232
2001-07-10,0.44120175619973045,0.5336850024479921,0.025113241352277473
2001-07-11,0.4041714930118165,0.5523606823647162,0.043467824623468376
2001-07-12,0.31438287953496385,0.6053570685172904,0.0802600519477453
2001-07-13,0.6233440768156319,0.37240250006151104,0.004253423122856974
2001-07-16,0.6083291113822885,0.38508616347046637,0.006584725147245761
2001-07-17,0.6364536775462509,0.3590298431712992,0.004516479282451163
2001-07-18,0.22924691158123886,0.7441434167110402,0.026609671707721643
2001-07-19,0.6221037742847312,0.3724680089249403,0.005428216790328459
2001-07-20,0.6255538641946932,0.3650065629613673,0.009439572843939195
2001-07-23,0.554876070995704,0.42094690098069615,0.0241770280235994
2001-07-24,0.46291085947049776,0.5028775367141985,0.03421160381530407
2001-07-25,0.6285223453635904,0.3580023299675192,0.013475324668890192
2001-07-26,0.5951130447908779,0.3853912247884994,0.019495730420623185
2001-07-27,0.6364289293842047,0.35525054905439973,0.00832052156139562
2001-07-30,0.6092592786758455,0.38138583039654206,0.009354890927611496
2001-07-31,0.6179824714126075,0.3711988658465121,0.010818662740879925
2001-08-01,0.6302998345344578,0.3629005833234303,0.006799582142111893
2001-08-02,0.6145244336018548,0.3732287806170446,0.012246785781100118
2001-08-03,0.6096869477129835,0.38042467767790106,0.009888374609114353
2001-08-06,0.599341072713989,0.3867856951972477,0.013873232088762797
2001-08-07,0.6349984357092101,0.35611137562720613,0.008890188663584628
2001-08-08,0.27471836501218294,0.6467199646612252,0.07856167032659232
2001-08-09,0.2896472887583516,0.6179246770940859,0.09242803414756334
2001-08-10,0.5839390537034993,0.39287164997302115,0.023189296323479183
2001-08-13,0.6216580173272368,0.3672905482373634,0.01105143443540025
2001-08-14,0.6293020473403163,0.3610885138715254,0.00960943878815832
2001-08-15,0.5454584773006466,0.42231148779648886,0.03223003490286432
2001-08-16,0.6275844606747129,0.3657248203896288,0.006690718935658319
2001-08-17,0.3417750566022222,0.5992096682898019,0.059015275107975544
2001-08-20,0.6284635956306018,0.36624635476418316,0.005290049605215459
2001-08-21,0.635289636038849,0.35758608071611886,0.007124283245033045
2001-08-22,0.6204225594837973,0.3717582926808037,0.007819147835398952
2001-08-23,0.6022138248544338,0.37555616064606073,0.02223001449950424
2001-08-24,0.4165510776850363,0.5338133263175852,0.04963559599737891
2001-08-27,0.6322163484577743,0.3588867330354734,0.00889691850675156
2001-08-28,0.49181731924350114,0.4677576213637642,0.04042505939273458
2001-08-29,0.5705430345530829,0.41001759328310533,0.019439372163811725
2001-08-30,0.15156867784075076,0.7480927514986373,0.10033857066061046
2001-08-31,0.6354717504889867,0.3584910626326281,0.006037186878384986
2001-09-04,0.47267802698672307,0.45912701500905834,0.0681949580042183
2001-09-05,0.604446446699593,0.3798627543786504,0.01569079892175737
2001-09-06,0.16739889960169596,0.6875893390267911,0.1450117613715141
2001-09-07,0.08492613093607448,0.7516156843430104,0.16345818472091617
2001-09-10,0.6215427967912345,0.36760275037790385,0.010854452830861457
2001-09-20,6.136762543763222e-17,0.6666666666666666,0.3333333333333333
2001-09-21,0.03544954405745574,0.6889187107618068,0.275631745180738
2001-09-24,0.33333367000277186,0.6666663299967558,4.722099984235191e-13
2001-09-25,0.5450892704173362,0.44179854213191944,0.013112187450743646
2001-09-26,0.593385255839367,0.39690967547948347,0.009705068681148956
2001-09-27,0.6041545082403887,0.3809022176345831,0.014943274125029243
2001-09-28,0.24219932699125377,0.6817592027336946,0.07604147027505166
2001-10-01,0.6109176391989632,0.3772894270367013,0.011792933764336072
2001-10-02,0.5948289603808274,0.39890738620822636,0.0062636534109465625
2001-10-03,0.40957654100914204,0.5586043533088352,0.03181910568202141
2001-10-04,0.6235275059424074,0.36469799792335583,0.01177449613423666
2001-10-05,0.606728483538762,0.3838258013440023,0.009445715117236358
2001-10-08,0.6206684414788585,0.36814539405369057,0.011186164467451078
2001-10-09,0.5909605269087475,0.38762166134921067,0.02141781174204192
2001-10-10,0.33090786215004003,0.6348551631237481,0.03423697472621103
2001-10-11,0.1727231065344548,0.7139367211343034,0.11334017233124188
2001-10-12,0.27023337131707104,0.7128982302664787,0.016868398416450468
2001-10-15,0.5590912486374773,0.4348224633147661,0.006086288047756506
2001-10-16,0.6255958693586161,0.3624570102274262,0.01194712041395662
2001-10-17,0.6274936970874098,0.36333139683016036,0.009174906082429537
2001-10-18,0.4777201968374509,0.491905957872896,0.03037384528965242
2001-10-19,0.6088710250565518,0.37879286371572274,0.012336111227725738
2001-10-22,0.46184652391757064,0.5242815927085047,0.013871883373923786
2001-10-23,0.6755359550117593,0.3164162235230862,0.008047821465154918
2001-10-24,0.7070817973682751,0.2872747768122578,0.005643425819467127
2001-10-25,0.6947920978475519,0.29885533849766394,0.006352563654783916
2001-10-26,0.672211163186756,0.31969190672761566,0.00809693008562891
2001-10-29,0.014930263453320335,0.7899811832696535,0.19508855327702604
2001-10-30,0.037731922375830416,0.8136937678695622,0.14857430975460786
2001-10-31,0.7019754968307131,0.2934882973542322,0.004536205815054636
2001-11-01,0.4512934651449756,0.5378749840186418,0.010831550836382414
2001-11-02,0.6197843347833254,0.36461071703503245,0.01560494818164151
2001-11-05,0.5103455753171445,0.47363535147584124,0.01601907320701365
2001-11-06,0.6580562520256413,0.33509875737546896,0.006844990598888707
2001-11-07,0.68598623569545,0.30541904251299806,0.00859472179155145
2001-11-08,0.2224478883066282,0.7421565880959887,0.03539552359738214
2001-11-09,0.696156413617359,0.3032408827048689,0.0006027036777725241
2001-11-12,0.6073149983396889,0.3835134180373525,0.009171583622959271
2001-11-13,0.09319090383796012,0.7982219540478959,0.10858714211414484
2001-11-14,0.6903891286851435,0.3087218752853651,0.0008889960294913386
2001-11-15,0.5995663754110253,0.39977739154105585,0.0006562330479189884
2001-11-16,0.6683353589000371,0.32767963671647043,0.0039850043834928775
2001-11-19,0.4340437376083675,0.5041454327862495,0.06181082960538305
2001-11-20,0.5924539633692693,0.3935945298992901,0.013951506731440222
2001-11-21,0.6845615848012802,0.30410686794842595,0.011331547250293512
2001-11-27,0.5286523750172344,0.4597694021109228,0.011578222871842627
2001-11-28,0.09764674458163013,0.8102669352830958,0.09208632013527504
2001-11-29,0.6872438808774328,0.30352556667009917,0.009230552452468671
2001-11-30,0.6884697072458912,0.3090554955200349,0.0024747972340727394
2001-12-03,0.5193838780723377,0.4621422053447366,0.018473916582925912
2001-12-04,0.6111755511863647,0.38666287007843075,0.00216157873520462
2001-12-05,0.1936213296026925,0.7524782423881499,0.05390042800915805
2001-12-06,0.6774738585204675,0.3195130803102166,0.0030130611693151405
2001-12-07,0.646474441843458,0.3347488179086271,0.018776740247915195
2001-12-10,0.25002625064291506,0.7059227075843969,0.044051041772687885
2001-12-11,0.6984144980815506,0.2953532516585093,0.006232250259939507
2001-12-12,0.6628772985729374,0.32914403788937285,0.00797866353768963
2001-12-13,0.27601843452800656,0.6470938536363342,0.07688771183565839
2001-12-14,0.599656484935257,0.39784825406659013,0.0024952609981525086
2001-12-17,0.5169482108558987,0.4672691321007728,0.015782657043328183
2001-12-18,0.6660325411575653,0.31879596430054175,0.01517149454189275
2001-12-19,0.49985240198463554,0.4612421211258583,0.03890547688950633
2001-12-20,0.5701627113605862,0.4147515167429248,0.015085771896488583
2001-12-21,0.6386362917171888,0.34927587148038625,0.012087836802424435
2001-12-26,0.7459132555488923,0.2531985816647227,0.0008881627863851959
2001-12-27,0.5645187023375001,0.4266605178331556,0.008820779829344936
2001-12-28,0.6846485358511908,0.30978482991895845,0.005566634229850258
2001-12-31,0.5730518171660999,0.4190865522518903,0.007861630582009976
2002-01-02,0.7016562307626657,0.29408329994428806,0.004260469293046733
2002-01-03,0.6596620745589475,0.3322636330004131,0.008074292440639792
2002-01-04,0.713011166245836,0.28628323710648684,0.0007055966476774863
2002-01-07,0.6251174963405624,0.36779942705205776,0.007083076607380359
2002-01-08,0.6753240473916244,0.3150003601716183,0.009675592436756987
2002-01-09,0.4011527513716416,0.5657690584699814,0.03307819015837655
2002-01-10,0.6755237042876545,0.3162699479560304,0.008206347756315827
2002-01-11,0.6766136157587774,0.3166173447943912,0.006769039446831735
2002-01-14,0.5051537152856311,0.4840750952681395,0.010771189446229316
2002-01-15,0.6960093079466468,0.2971210339713796,0.006869658081973395
2002-01-16,0.3902983246914612,0.5977534040722602,0.011948271236279003
2002-01-17,0.5876562955610398,0.4115686573862757,0.00077504705268425
2002-01-18,0.6826835352271096,0.3116678801271361,0.005648584645754187
2002-01-22,0.6627164956459077,0.32799576059621793,0.009287743757874023
2002-01-23,0.6510336574118173,0.3380953847857407,0.010870957802441314
2002-01-24,0.6652923262346347,0.3253585902884829,0.009349083476882483
2002-01-25,0.45024385857005356,0.503206308632553,0.046549832797392277
2002-01-28,0.7405321575288557,0.2578417698198804,0.001626072651264121
2002-01-29,0.0024539001234530856,0.8142080566702268,0.18333804320632022
2002-01-30,0.7455834853759036,0.2513546970762057,0.0030618175478912294
2002-01-31,0.47896903792248013,0.5073057264989139,0.013725235578606129
2002-02-01,0.6751053468448966,0.32318723147774137,0.0017074216773619634
2002-02-04,0.004936300821255577,0.8205180728802413,0.17454562629850384
2002-02-05,0.22294447268665252,0.7187584095014594,0.05829711781188853
2002-02-06,0.4978771085135104,0.4744466982812018,0.027676193205287976
2002-02-07,0.5821101404154669,0.4003916376535458,0.017498221930986723
2002-02-08,0.7008507038255603,0.29051516514078957,0.008634131033650731
2002-02-11,0.13769968965315665,0.8007934517447189,0.06150685860212511
2002-02-12,0.6638178892379857,0.32808777166562225,0.008094339096391904
2002-02-13,0.6937269033790223,0.2995443603790595,0.006728736241918216
2002-02-14,0.7120018805004579,0.2837390545324805,0.004259064967060967
2002-02-15,0.5862731744892054,0.4005020219620582,0.01322480354873665
2002-02-19,0.11900114700887028,0.752464478547473,0.12853437444365662
2002-02-20,0.7128194749050867,0.28207538831526974,0.005105136779644014
2002-02-21,0.5980319625768133,0.3938139269227746,0.008154110500411994
2002-02-22,0.7237496113089368,0.27052331826936793,0.005727070421696028
2002-02-25,0.4411056919530756,0.5568903338996198,0.0020039741473039355
2002-02-26,0.46552539592229814,0.5201808666875859,0.014293737390115718
2002-02-27,0.6336613177828557,0.353355221330893,0.012983460886252452
2002-02-28,0.738761353508546,0.25598757375999687,0.005251072731456196
2002-03-01,0.15133071244786472,0.8190008102624329,0.029668477289702337
2002-03-04,0.016769647754918567,0.8296266266572884,0.15360372558779273
2002-03-05,0.7257209214153809,0.26991064547509,0.004368433109528738
2002-03-06,0.6759911718666919,0.3124201884469492,0.011588639686358367
2002-03-07,0.2028804744071974,0.7880672017452885,0.009052323847514938
2002-03-08,0.5775441193262919,0.4102876900229452,0.01216819065076362
2002-03-11,0.734803440041395,0.26389417064630405,0.0013023893123010493
2002-03-12,0.5063685248371407,0.47683316782282753,0.016798307340032483
2002-03-13,0.6660925824011349,0.3243141212168936,0.009593296381971258
2002-03-14,0.7129426061264941,0.27742377509481414,0.009633618778691495
2002-03-15,0.6051001792880244,0.38453871904298664,0.010361101668988928
2002-03-18,0.4332185467728066,0.5484420131296821,0.018339440097510897
2002-03-19,0.7307827221243473,0.2646413768028711,0.004575901072781381
2002-03-20,0.2357508453998264,0.728365922668751,0.035883231931422406
2002-03-21,0.7561068194992118,0.24274131251038966,0.0011518679903989516
2002-03-22,0.4015982656267438,0.5788957767028234,0.01950595767043253
2002-03-25,0.17454617293415997,0.7678030514992444,0.05765077556659563
2002-03-26,0.6203931002538777,0.3657488807721867,0.013858018973935382
2002-03-27,0.328162430918034,0.6300403693564093,0.041797199725557184
2002-03-28,0.6632253145175776,0.32865003944995125,0.00812464603247277
2002-04-01,0.7492093190444031,0.2499047233765689,0.0008859575790277291
2002-04-02,0.7060079895112379,0.2905946400803926,0.003397370408369437
2002-04-03,0.6381550358874589,0.35983347360549395,0.0020114905070474634
2002-04-04,0.6954236391310586,0.3043429338071986,0.000233427061742445
2002-04-05,0.7336042465690296,0.26288515408150936,0.003510599349460763
2002-04-08,0.7345687870036104,0.26005915636030746,0.005372056636081602
2002-04-09,0.7152325006093129,0.2808429782728057,0.003924521117881614
2002-04-10,0.5318264377450447,0.44310296320899595,0.025070599045959558
2002-04-11,0.06505609104552151,0.8993812582720715,0.035562650682407264
2002-04-12,0.7276170067084946,0.27157157434748636,0.0008114189440193183
2002-04-15,0.7446203050341652,0.25485558478460785,0.00052411018122724
2002-04-16,0.1385153555610697,0.8089370062256425,0.052547638213287784
2002-04-17,0.6368469182446689,0.3621112770699829,0.0010418046853482678
2002-04-18,0.6869163299665952,0.3037813849136802,0.009302285119724012
2002-04-19,0.710330672879585,0.2832349179484613,0.006434409171954069
2002-04-22,0.5170744022752554,0.4693480150530604,0.013577582671683821
2002-04-23,0.6854147571808898,0.30724257147782724,0.0073426713412826795
2002-04-24,0.6783854130438179,0.3180495933261463,0.003564993630036117
2002-04-25,0.686439935258452,0.30655841594757494,0.007001648793972905
2002-04-26,0.10709430607874629,0.8268841458046104,0.06602154811664399
2002-04-29,0.7344128359372032,0.2601850907770322,0.005402073285765085
2002-04-30,0.28620182852428677,0.6982588715105944,0.015539299965117872
2002-05-01,0.6520978518781723,0.3436009462859782,0.004301201835848146
2002-05-02,0.7677479751707241,0.22900257032260804,0.003249454506667486
2002-05-03,0.46658141540987147,0.5189147653211249,0.014503819269003316
2002-05-06,0.25651943567762575,0.7259424818796455,0.01753808244272909
2002-05-07,0.6856300062573301,0.3091367427349088,0.005233251007761139
2002-05-08,0.1103166293665482,0.8342566563876838,0.055426714245768643
2002-05-09,0.43513833009421904,0.5519524199489,0.012909249956881218
2002-05-10,0.32292120146958997,0.6634612199602242,0.013617578570185312
2002-05-13,0.5760280098196846,0.4136835338790994,0.010288456301215384
2002-05-14,0.0018978757622476717,0.8460099675231895,0.15209215671456208
2002-05-15,0.7538565898115016,0.24576169061973174,0.00038171956876714984
2002-05-16,0.7592616116717319,0.23633091773279843,0.0044074705954698775
2002-05-17,0.5508829603689497,0.4214609545696409,0.02765608506140878
2002-05-20,0.2615873907470404,0.714753262468002,0.02365934678495833
2002-05-21,0.3426959834341696,0.6514547183439937,0.005849298221836323
2002-05-22,0.7705508596099895,0.224689173752302,0.004759966637708643
2002-05-23,0.7076318363713466,0.2835831431473582,0.00878502048129541
2002-05-24,0.7207436278647769,0.2749134100331289,0.004342962102095011
2002-05-28,0.3652312283408397,0.619051376604034,0.015717395055126586
2002-05-29,0.6071596441843322,0.3842482243578886,0.008592131457779815
2002-05-30,0.614879888191048,0.3847908711967201,0.00032924061223197514
2002-05-31,0.7780189440338535,0.22049342347703957,0.001487632489107408
2002-06-03,0.06814527477704348,0.8637524624879114,0.06810226273504515
2002-06-04,0.7278059190003822,0.2668323003025532,0.005361780697063706
2002-06-05,0.7059111239680478,0.2890208974810198,0.005067978550932135
2002-06-06,0.33971343521109737,0.6424563448993671,0.017830219889536095
2002-06-07,0.17834792304758373,0.7384532660241016,0.08319881092831434
2002-06-10,0.43568627767882656,0.5567224580919078,0.007591264229264903
2002-06-11,0.23953572007787746,0.7259129346882164,0.03455134523390551
2002-06-12,0.6495538895206893,0.3388834652682551,0.011562645211054996
2002-06-13,0.5202775338953619,0.47706475323387804,0.0026577128707598098
2002-06-14,0.1406007249826585,0.8185983853433553,0.04080088967398602
2002-06-17,0.09590087113262295,0.8351140393604796,0.06898508950689723
2002-06-18,0.5594960054520325,0.4317614868493447,0.008742507698622858
2002-06-19,0.13800490396406753,0.8032407628043362,0.058754333231596075
2002-06-20,0.04509133018842058,0.8510137650601025,0.10389490475147757
2002-06-21,0.2943347891930322,0.6747707941438672,0.030894416663100773
2002-06-24,0.7392337970899595,0.25945432175817323,0.0013118811518672783
2002-06-25,0.7650826468883745,0.2296735775915705,0.005243775520055321
2002-06-26,0.02408634495831667,0.82353535344651,0.15237830159517368
2002-06-27,0.07004180534850225,0.858064920712324,0.07189327393917364
2002-06-28,0.2522746076982515,0.7339305244908075,0.013794867810941415
2002-07-01,0.042552987178749314,0.8839632338622295,0.07348377895902128
2002-07-02,0.004899638189937405,0.8325911394526319,0.1625092223574316
2002-07-03,0.7445559027930497,0.2506005240026458,0.0048435732043048355
2002-07-08,0.12422599941581902,0.8608701260282663,0.014903874555914588
2002-07-09,0.0009975015700912071,0.8397077204418667,0.15929477798804179
2002-07-10,0.00010442548024113847,0.8357756879126725,0.16411988660708646
2002-07-11,0.32162381924568856,0.6273907587727873,0.05098542198152422
2002-07-12,0.7611581400744635,0.23495932458227822,0.0038825353432576245
2002-07-15,0.01100128098835581,0.8328318754305329,0.1561668435811121
2002-07-16,0.6379342821790808,0.358443132625666,0.0036225851952531637
2002-07-17,0.27807475577142776,0.7044237132649253,0.017501530963646518
2002-07-18,0.5744861460687414,0.417048649931278,0.008465203999980816
2002-07-19,2.6988596627289826e-07,0.8333617003522935,0.1666380297617411
2002-07-22,1.2243167983219182e-05,0.8333454616666419,0.16664229516537446
2002-07-23,7.608089714802474e-05,0.8332943018383627,0.16662961726448916
2002-07-24,0.023163111001726983,0.8246278361421081,0.1522090528561645
2002-07-25,0.11876040644482022,0.8481826386128319,0.03305695494234835
2002-07-26,0.025705951732580848,0.8504391305939224,0.123854917673497
2002-07-29,4.144598327368181e-08,0.8333333507405567,0.16666660781345993
2002-07-30,0.7637443039085735,0.23296095839983533,0.003294737691591215
2002-07-31,0.703327742539632,0.2911705482050238,0.0055017092553442575
2002-08-01,8.92143903267662e-06,0.8574037444437446,0.14258733411722327
2002-08-02,0.15132255929717367,0.8213086723209747,0.027368768381852225
2002-08-05,5.144245899793474e-05,0.8571807806630977,0.14276777687790415
2002-08-06,0.002524486646303967,0.8572880144399097,0.14018749891378618
2002-08-07,0.7015344178448484,0.29454365845687,0.003921923698281387
2002-08-08,0.10738094714898748,0.8574926374990817,0.035126415351930826
2002-08-09,0.21118884026351026,0.7189405078305794,0.0698706519059102
2002-08-12,0.4954631342821334,0.5038374320647035,0.0006994336531623639
2002-08-13,0.566017034456465,0.4267670203582475,0.007215945185287634
2002-08-14,0.05125575142645539,0.8559731304433356,0.0927711181302093
2002-08-15,0.06300838110761492,0.8935762895397377,0.04341532935264793
2002-08-16,0.7248858626717726,0.2691826420221123,0.005931495306115287
2002-08-19,0.04605247067118625,0.8647341265353129,0.08921340279350094
2002-08-20,0.19802931465678045,0.7686975147560007,0.03327317058721866
2002-08-21,0.3528916017725506,0.6337792761698804,0.013329122057568584
2002-08-22,0.24186464690813217,0.7201628685829257,0.037972484508942014
2002-08-23,0.13968839581814738,0.8026041064945123,0.0577074976873403
2002-08-26,0.43443321503410187,0.5504640967140338,0.015102688251863746
2002-08-27,0.5095041570892941,0.48089250829750324,0.009603334613202475
2002-08-28,0.011166872273288001,0.881753952253085,0.10707917547362723
2002-08-29,0.15850659448102464,0.8068666910221138,0.03462671449686129
2002-08-30,0.8004256505758214,0.1963975990091238,0.003176750415054359
2002-09-03,4.306139041035034e-09,0.857144151394445,0.14285584429941708
2002-09-04,0.4238402384868474,0.5713211756491873,0.004838585863964691
2002-09-05,0.16139104486244696,0.8307840703617255,0.007824884775827491
2002-09-06,0.23552353425650965,0.7395037023988211,0.024972763344669264
2002-09-09,0.673107466720867,0.32486147179460484,0.0020310614845280915
2002-09-10,0.022876558051833345,0.8679790528980053,0.10914438905016136
2002-09-11,0.7400731598250773,0.25341127886744835,0.0065155613074745185
2002-09-12,4.330074286707905e-05,0.8581260336575769,0.14183066559955582
2002-09-13,0.7586507670744683,0.23682660588928223,0.004522627036248973
2002-09-16,0.7772987046641623,0.21837702377642396,0.004324271559413833
2002-09-17,0.4852526541185322,0.4873457184624863,0.02740162741898199
2002-09-18,0.39885816456510176,0.5909142959661432,0.010227539468755239
2002-09-19,0.0033928315339021744,0.8733754638361495,0.1232317046299487
2002-09-20,0.7869124522525873,0.2082600362168514,0.004827511530561225
2002-09-23,0.14459528608892433,0.815897542888984,0.039507171022092134
2002-09-24,0.03371992757723917,0.8804344750213277,0.08584559740143281
2002-09-25,0.13105452607529705,0.856721610032644,0.012223863892059037
2002-09-26,0.0683497677864227,0.8579521640502176,0.07369806816336008
2002-09-27,0.22030357090454947,0.7565953949045153,0.023101034190935205
2002-09-30,0.001738188917910188,0.865750131180678,0.13251167990141147
2002-10-01,0.11395650129204866,0.8579716402512624,0.02807185845668874
2002-10-02,0.7651202361240736,0.23042730216783883,0.0044524617080874945
2002-10-03,0.4068122930371262,0.5927128111784509,0.0004748957844228946
2002-10-04,0.06140007943424327,0.8692637403414498,0.06933618022430724
2002-10-07,0.13665439190776846,0.805384927998082,0.05796068009415023
2002-10-08,0.39935796186376854,0.5724300494667369,0.02821198866949471
2002-10-09,0.06291401280494822,0.8598057060098919,0.07728028118516025
2002-10-10,0.13883412211101545,0.8573879216113713,0.003777956277612942
2002-10-11,2.4597489020997797e-06,0.8571891301204049,0.14280841013069318
2002-10-14,0.802851021147102,0.195674860841281,0.0014741180116166392
2002-10-15,6.913288083343858e-05,0.8571428585208093,0.14278800859835764
2002-10-16,0.12215089207757455,0.8282894167289383,0.049559691193486785
2002-10-17,0.12384156891432715,0.8513143215406708,0.024844109545001953
2002-10-18,0.779792693753323,0.21773317500581948,0.002474131240857404
2002-10-21,0.694328250848386,0.3042196256117709,0.0014521235398429907
2002-10-22,0.01220267122062106,0.874120569986174,0.11367675879320492
2002-10-23,0.6319245796578494,0.3575468454804612,0.010528574861689493
2002-10-24,0.7726637749046572,0.22315955695231812,0.0041766681430245615
2002-10-25,0.7401317749215507,0.2584506717814305,0.001417553297018747
2002-10-28,0.6353131338480347,0.3576399257095438,0.007046940442421499
2002-10-29,0.02368890699569188,0.901018671122912,0.07529242188139612
2002-10-30,0.5592582413377477,0.42900752191311425,0.01173423674913776
2002-10-31,0.4549599999735797,0.5218531654475709,0.023186834578849493
2002-11-01,0.52868295686275,0.45515912004992826,0.016157923087322057
2002-11-04,0.44662681037860236,0.5458734363910671,0.007499753230330463
2002-11-05,0.765365399669883,0.23319535706008185,0.0014392432700349534
2002-11-06,0.7372860538156945,0.2563504091292588,0.006363537055046159
2002-11-07,0.020774362116317825,0.894326320700152,0.08489931718353004
2002-11-08,0.39918707598780795,0.5830081300849536,0.017804793927238476
2002-11-11,0.14790633576654807,0.814895093120959,0.037198571112492786
2002-11-12,0.7587478911030725,0.2381851029807018,0.003067005916226007
2002-11-13,0.7083294535461382,0.2867134252258006,0.004957121228061665
2002-11-14,0.12833336582066096,0.8326849778834045,0.0389816562959341
2002-11-15,0.6937079314539458,0.2952725288633412,0.011019539682712853
2002-11-18,0.7575991809793562,0.24148279833527483,0.0009180206853698853
2002-11-19,0.6934257648123016,0.2983858377075095,0.008188397480189236
2002-11-20,0.4265983901077814,0.5665965036077084,0.006805106284509734
2002-11-21,0.09072989195472889,0.8777538032450113,0.03151630480025973
2002-11-22,0.814982885991622,0.18245473193255907,0.00256238207581852
2002-11-25,0.8088349536494455,0.18951620942577285,0.001648836924782271
2002-11-26,0.04318324713395515,0.8944931027180798,0.06232365014796493
2002-11-27,0.11054613750513043,0.8739542136027371,0.015499648892132314
2002-12-02,0.809637319128672,0.18813809871000564,0.002224582161322981
2002-12-03,0.00179924139665214,0.8832672718393567,0.11493348676399084
2002-12-04,0.6800987603382358,0.31558470181995757,0.0043165378418071245
2002-12-05,0.40631491790304564,0.5872092020276534,0.006475880069301341
2002-12-06,0.6722926721315342,0.32214027691237923,0.005567050956086336
2002-12-09,0.04235264896879742,0.8982594892963284,0.059387861734874106
2002-12-10,0.23727875128288448,0.7601264912410819,0.0025947574760333044
2002-12-11,0.7661520879695995,0.22971555316892425,0.004132358861476837
2002-12-12,0.08336803699334445,0.8981124008132919,0.018519562193363703
2002-12-13,0.1675298207759743,0.8130077263755292,0.019462452848496146
2002-12-16,0.08426578290483792,0.880210588822597,0.03552362827256507
2002-12-17,0.23847737680448305,0.7182038713741039,0.04331875182141346
2002-12-18,0.04322987673032243,0.915574676865619,0.04119544640405939
2002-12-19,0.6303003195334699,0.3578405954041023,0.01185908506242797
2002-12-20,0.7257569161466915,0.26915118783499564,0.005091896018312321
2002-12-23,0.7418500650882724,0.25603597464390904,0.0021139602678185952
2002-12-24,0.7556038570249914,0.2390865494156244,0.005309593559384001
2002-12-26,0.40527928656465795,0.5820282441871232,0.01269246924821866
2002-12-27,0.07140458060953152,0.8725974804430063,0.055997938947462
2002-12-30,0.6688066967288245,0.3310955185143145,9.778475686014287e-05
2002-12-31,0.8119172531129621,0.18551310002604876,0.002569646860988741
2003-01-02,0.1236348114723077,0.8751593539758263,0.0012058345518664816
2003-01-03,0.809491905364527,0.18942279815896132,0.001085296476511329
2003-01-06,0.13349853938621115,0.8654637264516555,0.001037734162134028
2003-01-07,0.688138632996816,0.297870889782481,0.013990477220703117
2003-01-08,0.05501249907619631,0.9044024148987468,0.04058508602505714
2003-01-09,0.14545364454192214,0.842595520897419,0.01195083456065906
2003-01-10,0.7272989369962182,0.27194471390933883,0.0007563490944430879
2003-01-13,0.7709017391540802,0.22400335137462812,0.005094909471291282
2003-01-14,0.2629911139974603,0.7173646287043176,0.01964425729822179
2003-01-15,0.5309506796525678,0.465479375956868,0.003569944390564066
2003-01-16,0.4124892976793617,0.5791094086112071,0.008401293709430756
2003-01-17,0.2300787420071692,0.736730835348711,0.03319042264411953
2003-01-21,0.5152089949946337,0.4773664465229643,0.007424558482401671
2003-01-22,0.21598442001417248,0.7715851125759939,0.012430467409833824
2003-01-23,0.7153761883023354,0.2796857372012568,0.004938074496407351
2003-01-24,0.01821786445417703,0.9484826352851224,0.03329950026070026
2003-01-27,0.06073326567319748,0.8730237654559925,0.06624296887080906
2003-01-28,0.773316148456332,0.2234176227463293,0.0032662287973388303
2003-01-29,0.5602388201448013,0.4372026731032066,0.0025585067519922934
2003-01-30,0.6834172440797118,0.311649224899058,0.004933531021230142
2003-01-31,0.7178528066252561,0.2768575204180952,0.005289672956648872
2003-02-03,0.6518575872811091,0.3433512520089772,0.004791160709913811
2003-02-04,0.011570965353679788,0.9147757521608043,0.07365328248551545
2003-02-05,0.37947509288595466,0.603208798887477,0.017316108226568174
2003-02-06,0.6197201097759572,0.37394778332985756,0.006332106894185111
2003-02-07,0.7184231117193925,0.27965144191797364,0.0019254463626338708
2003-02-10,0.6693221980911048,0.32422145964869137,0.006456342260203982
2003-02-11,0.6912474596769217,0.3036938757011419,0.00505866462193573
2003-02-12,0.31751246936919214,0.6675278758639708,0.014959654766837052
2003-02-13,0.32134188404386177,0.6638821734669258,0.014775942489211784
2003-02-14,0.10292027750848289,0.8806500910733018,0.016429631418215324
2003-02-18,0.6380226292512927,0.35703242444422806,0.004944946304478701
2003-02-19,0.38845086610500157,0.6030837480886699,0.008465385806328234
2003-02-20,0.6519813044741185,0.34350394568215864,0.004514749843722627
2003-02-21,0.32634911043567105,0.6715084990332649,0.0021423905310649135
2003-02-24,0.36075779165813365,0.6390376733405212,0.0002045350013452936
2003-02-25,0.6363807823311363,0.36357917409877705,4.0043570087024316e-05
2003-02-26,0.6823544856339372,0.31719322308222075,0.0004522912838424301
2003-02-27,0.7136962312389079,0.2850559725499965,0.0012477962110958739
2003-02-28,0.797032501160961,0.19812628217688066,0.004841216662158442
2003-03-03,0.6673751769124548,0.3262251211137594,0.006399701973785612
2003-03-04,0.2537750487494904,0.7322748095589328,0.013950141691576554
2003-03-05,0.8129938619922717,0.1848148038055685,0.0021913342021603055
2003-03-06,0.7353521440984588,0.2610685124360306,0.0035793434655103326
2003-03-07,0.46997445268476834,0.5242192548824796,0.005806292432752138
2003-03-10,0.016667722966997985,0.8941898709534644,0.08914240607953765
2003-03-11,0.7378754373659907,0.259016260597095,0.0031083020369148725
2003-03-12,0.7359374867199514,0.2593670530990152,0.004695460181033631
2003-03-13,0.11104803347817774,0.8888944856740684,5.748084775407706e-05
2003-03-14,0.46876363576281666,0.5204584872739119,0.010777876963271088
2003-03-17,0.1096594900360566,0.8889079219633731,0.001432588000570277
2003-03-18,0.6007345975980731,0.3981608054583481,0.0011045969435786512
2003-03-19,0.6302648948589114,0.3641375985421525,0.005597506598936174
2003-03-20,0.7835838225948453,0.21487562726980175,0.0015405501353528872
2003-03-21,0.10134000385592724,0.8956946326188557,0.0029653635252170655
2003-03-24,4.313805419028007e-05,0.8900211206766121,0.10993574126919795
2003-03-25,0.7933614137566228,0.20569771164648373,0.0009408745968940848
2003-03-26,0.8203299857387043,0.17683203004359718,0.002837984217697669
2003-03-27,0.64413571327464,0.3519854370458791,0.003878849679480879
2003-03-28,0.00996696851182118,0.8952291490008479,0.09480388248733082
2003-03-31,0.0011209034950017604,0.8949251101950882,0.1039539863099102
2003-04-01,0.5052837035878597,0.4926694043148961,0.002046892097243887
2003-04-02,0.10191937163725409,0.8894572652868578,0.008623363075888185
2003-04-03,0.8302844012700317,0.16697484341878074,0.0027407553111872696
2003-04-04,0.8135202769452691,0.18336884709891246,0.003110875955818604
2003-04-07,0.37423591893930364,0.6158157714551353,0.009948309605561222
2003-04-08,0.6860304470837534,0.30977851835521575,0.004191034561030376
2003-04-09,0.3371548396868149,0.6577084060681948,0.005136754244989919
2003-04-10,0.7248779589480804,0.270723627077128,0.004398413974791417
2003-04-11,0.8192604968906873,0.1780788430478033,0.002660660061509373
2003-04-14,0.5132851882838837,0.47978284638669877,0.006931965329417896
2003-04-15,0.7879916756308185,0.20713369460509026,0.004874629764091259
2003-04-16,0.573923870426626,0.4199168743494479,0.006159255223926575
2003-04-17,0.5688141341977317,0.4244771474244026,0.006708718377865516
2003-04-21,0.6872612085103682,0.30630229457446334,0.006436496915168478
2003-04-22,0.49570928486939475,0.5007276662386505,0.0035630488919547194
2003-04-23,0.7516979721791406,0.24675107021362652,0.0015509576072325988
2003-04-24,0.29925817170791513,0.6665538463832968,0.03418798190878759
2003-04-25,0.4742177215742276,0.5149974555550991,0.010784822870673475
2003-04-28,0.43846636312364695,0.5607653111213309,0.0007683257550222135
2003-04-29,0.7897866456267831,0.20669199591706033,0.0035213584561568268
2003-04-30,0.8015693846096146,0.1849559440951515,0.01347467129523411
2003-05-01,0.6598959549082137,0.3336561760360769,0.006447869055709323
2003-05-02,0.6986312620870105,0.29817154972930265,0.0031971881836865682
2003-05-05,0.8342366346376917,0.16482727840375513,0.0009360869585531275
2003-05-06,0.7519986470032813,0.24509909061865756,0.002902262378061165
2003-05-07,0.6606674000697543,0.332012817854005,0.007319782076240744
2003-05-08,0.1925411671423055,0.8000846386912188,0.00737419416647548
2003-05-09,0.622734504142034,0.3743872580680595,0.0028782377899068093
2003-05-12,0.8157590035375456,0.18024645518011778,0.003994541282336321
2003-05-13,0.7819886969268153,0.21692061381655275,0.0010906892566319598
2003-05-14,0.8235765980290113,0.17394193451709783,0.002481467453891163
2003-05-15,0.82468841915876,0.17323160354893177,0.0020799772923078452
2003-05-16,0.819310640896821,0.17730420896385674,0.0033851501393223336
2003-05-19,0.0004144246059126495,0.9043916093142632,0.0951939660798242
2003-05-20,0.8441133962538091,0.15356580088548727,0.002320802860702997
2003-05-21,0.8267955580917491,0.1713513037292747,0.001853138178976354
2003-05-22,0.5407934552271831,0.45651046042337173,0.0026960843494455754
2003-05-23,0.8281900770943469,0.16892677290968566,0.002883149995967502
2003-05-27,0.6933215031938469,0.3033083264330789,0.0033701703730744112
2003-05-28,0.2967304676237431,0.6846167277725558,0.018652804603701112
2003-05-29,0.8102826815803164,0.18558134664246803,0.004135971777215997
2003-05-30,0.7790504917512615,0.2171810641172313,0.0037684441315069413
2003-06-02,0.7359487331808366,0.26143709852198593,0.0026141682971775166
2003-06-03,0.8293717689009439,0.16873371076448587,0.0018945203345702472
2003-06-04,0.7147007071423761,0.2821828379892785,0.0031164548683450585
2003-06-05,0.7568750006640644,0.23532563828599132,0.007799361049943697
2003-06-06,0.7501035810803214,0.24412816432865275,0.005768254591025811
2003-06-09,0.38506474007469793,0.6063451941352274,0.008590065790074573
2003-06-10,0.7947235822056062,0.20152141790573133,0.0037549998886626966
2003-06-11,0.6887932693061951,0.305420781406034,0.005785949287770689
2003-06-12,0.8094426083152833,0.1903293616093332,0.00022803007538376216
2003-06-13,0.1975827064654158,0.7982910238802331,0.004126269654350891
2003-06-16,0.4052030303170734,0.5822173758361127,0.012579593846813494
2003-06-17,0.6335198088570262,0.3570527408914163,0.009427450251557322
2003-06-18,0.7948282196558926,0.19817486191678682,0.006996918427320339
2003-06-19,0.4535895916382957,0.5379670167260665,0.008443391635637898
2003-06-20,0.8090342282198988,0.18741259949403083,0.0035531722860703448
2003-06-23,0.41765169412776215,0.5650974648559319,0.017250841016305696
2003-06-24,0.8009898070776478,0.19676056668439265,0.0022496262379593864
2003-06-25,0.8137468371727381,0.18461805045732543,0.0016351123699362708
2003-06-26,0.50498724683869,0.49088818978729876,0.0041245633740111965
2003-06-27,0.827645017332123,0.17010752740449203,0.0022474552633844217
2003-06-30,0.7776975679747575,0.21914967201396612,0.0031527600112765397
2003-07-01,0.7786318744100591,0.21683573924658278,0.004532386343357909
2003-07-02,0.41665961060400647,0.5747838912098719,0.008556498186121485
2003-07-03,0.8332330977321594,0.1642124723333493,0.002554429934491991
2003-07-07,0.10876941477423414,0.8768126554546589,0.014417929771106555
2003-07-08,0.787455051378855,0.20915109857492437,0.003393850046220915
2003-07-09,0.7993596852300306,0.19872561181854828,0.0019147029514208012
2003-07-10,0.3504060049460202,0.6439427730402476,0.005651222013732383
2003-07-11,0.8375827823849589,0.16025431185123698,0.002162905763804649
2003-07-14,0.7707067085407743,0.22538537537514802,0.0039079160840776875
2003-07-15,0.5150664527958031,0.4599921148738414,0.02494143233035504
2003-07-16,0.8140474640812414,0.1826697376120937,0.003282798306664912
2003-07-17,0.31696130247807897,0.6720706850194967,0.010968012502423956
2003-07-18,0.812559113976541,0.184585586852865,0.002855299170594166
2003-07-21,0.2572646156650393,0.7123745009328454,0.030360883402115423
2003-07-22,0.793841356988381,0.20600922078890443,0.0001494222227143941
2003-07-23,0.4538175775741632,0.5332482472778547,0.012934175147981907
2003-07-24,0.8341434321387915,0.1636877730684183,0.0021687947927900094
2003-07-25,0.81441768571979,0.18169467271116066,0.0038876415690490837
2003-07-28,0.7522767723308509,0.24305959865899598,0.004663629010152863
2003-07-29,0.7834203500171517,0.21073085962478794,0.005848790358060594
2003-07-30,0.8277836923315822,0.16777586215009097,0.004440445518326999
2003-07-31,0.7009559477779932,0.2768407632806677,0.022203288941339168
2003-08-01,0.7355011037969984,0.2640229668699763,0.0004759293330251883
2003-08-04,0.7632086526000523,0.23547948941535413,0.001311857984593169
2003-08-05,0.7131120374126764,0.2783958711485066,0.008492091438817127
2003-08-06,0.6844438956288887,0.3100279055671522,0.005528198803959109
2003-08-07,0.812800912256009,0.18468449702966303,0.00251459071432813
2003-08-08,0.45051685418524295,0.5383689725040588,0.01111417331069868
2003-08-11,0.829750041915564,0.16734252683946094,0.0029074312449755345
2003-08-12,0.6936210143115699,0.30241967855247087,0.003959307135959389
2003-08-13,0.7759293499708145,0.21419155887673977,0.009879091152445034
2003-08-14,0.7767545197394995,0.21985434742018095,0.003391132840319676
2003-08-15,0.8495772087997043,0.14872947184686125,0.00169331935343471
2003-08-18,0.6700835065162666,0.3254266889364928,0.004489804547240261
2003-08-19,0.6498930129364436,0.3392937804745712,0.010813206588985241
2003-08-20,0.8328560077138025,0.16575670486630992,0.0013872874198872993
2003-08-21,0.46567705407948723,0.5257028825074793,0.008620063413033533
2003-08-22,0.8059186497890104,0.19117476517935428,0.0029065850316352467
2003-08-25,0.8279654630148969,0.17007111265330577,0.0019634243317969207
2003-08-26,0.7939286708967682,0.2029080455450394,0.0031632835581917205
2003-08-27,0.4793195386514762,0.5100565489479997,0.010623912400523959
2003-08-28,0.8371793408374061,0.15906300606138501,0.003757653101209119
2003-09-02,0.5423915311553501,0.4560918397589648,0.0015166290856850609
2003-09-03,0.8054705834917827,0.19204531375119938,0.002484102757017796
2003-09-04,0.787638552555451,0.20957805949425634,0.002783387950292791
2003-09-05,0.6117220447385178,0.3773289326478204,0.010949022613661678
2003-09-08,0.7906627709990154,0.20630855418647956,0.003028674814504706
2003-09-09,0.7838114559131498,0.213639901914845,0.0025486421720050815
2003-09-10,0.5956416562056209,0.3972223288220482,0.007136014972330735
2003-09-11,0.8430206612063716,0.15445369871562598,0.002525640078002663
2003-09-12,0.7220964081467819,0.27482847124359994,0.0030751206096182554
2003-09-15,0.8472740520407357,0.15092024639527393,0.0018057015639910627
2003-09-16,0.6692622405978056,0.32926188445239324,0.0014758749498007464
2003-09-17,0.8358139622627654,0.16153798976831935,0.0026480479689151354
2003-09-18,0.6984047267970017,0.2975772634937361,0.004018009709262438
2003-09-19,0.5664133982927354,0.4272580462708923,0.006328555436372101
2003-09-22,0.04242696220782868,0.8966894663303798,0.06088357146179155
2003-09-23,0.8494985114326469,0.14867510317220975,0.0018263853951434141
2003-09-24,0.6627867380007835,0.33579765315861315,0.0014156088406037702
2003-09-25,0.4560617915710218,0.5257124822592028,0.018225726169775195
2003-09-26,0.6108769545830489,0.3810908169603893,0.00803222845656146
2003-09-29,0.8433164319491259,0.15530995190245847,0.0013736161484157769
2003-09-30,0.46779372868255115,0.5185477043113617,0.013658567006086806
2003-10-01,0.2583357414394607,0.7214178037668346,0.02024645479370467
2003-10-02,0.7981223503430548,0.19848857728874963,0.0033890723681954575
2003-10-03,0.007785422262502805,0.9150099274656683,0.07720465027182909
2003-10-06,0.8538025576721266,0.14404524301827434,0.0021521993095993293
2003-10-07,0.8268021775410278,0.1697190395796679,0.0034787828793040477
2003-10-08,0.7781354428591564,0.21920211351486102,0.0026624436259823176
2003-10-09,0.7167074402914247,0.28277148639044336,0.000521073318132182
2003-10-13,0.7139756765125989,0.28138133157295137,0.004642991914449743
2003-10-14,0.8357391799470818,0.1629406680651237,0.0013201519877944555
2003-10-15,0.8447341744634334,0.15287945303670414,0.0023863724998619625
2003-10-16,0.8026459694989992,0.19511371205272524,0.0022403184482754205
2003-10-17,0.7771667135729504,0.22071144565125203,0.002121840775797793
2003-10-20,0.8450373754690603,0.15325317412758657,0.0017094504033524853
2003-10-21,0.42440513695132975,0.5634086238701493,0.012186239178520764
2003-10-22,0.1894769324253138,0.79381439657032,0.016708671004366658
2003-10-23,0.8048907576815799,0.19368366821471403,0.0014255741037058898
2003-10-24,0.7686825447672739,0.22796840624025194,0.0033490489924739007
2003-10-27,0.8396082689134229,0.1580391248835094,0.0023526062030672576
2003-10-28,0.6174587654459196,0.3762895087886362,0.006251725765444121
2003-10-29,0.8355182735966021,0.16195939163215803,0.0025223347712400477
2003-10-30,0.8181251660965084,0.1805425892123519,0.001332244691139197
2003-10-31,0.8535982001232977,0.14317549036639068,0.0032263095103112426
2003-11-03,0.5448260916872623,0.4486960053481435,0.006477902964593711
2003-11-04,0.8268708845745812,0.1705258853869638,0.0026032300384550276
2003-11-05,0.8431885800997626,0.1565602362555732,0.00025118364466423913
2003-11-06,0.8205303853966704,0.1774323433247362,0.0020372712785933873
2003-11-07,0.8368566559089597,0.16102940607439983,0.002113938016640832
2003-11-10,0.7316128189235517,0.26271090528805136,0.005676275788397381
2003-11-11,0.8334209100566796,0.16519588525756104,0.0013832046857591297
2003-11-12,0.5338438596364298,0.4466071395804762,0.019549000783094368
2003-11-13,0.8196133295852782,0.17328526619639897,0.0071014042183232635
2003-11-14,0.8202587947332948,0.17840802917050524,0.001333176096199884
2003-11-17,0.4301198301296248,0.5682128010945754,0.0016673687757993456
2003-11-18,0.45706625060168965,0.5384570425787761,0.004476706819534563
2003-11-19,0.8206794588866103,0.17897477894460498,0.0003457621687845196
2003-11-20,0.8392749582225262,0.1590195606554179,0.0017054811220561003
2003-11-21,0.8634664346413427,0.13489216178747448,0.0016414035711829922
2003-11-24,0.31363239357458456,0.683929980676291,0.0024376257491245707
2003-11-25,0.8532259769473072,0.1445888183348536,0.0021852047178387377
2003-11-26,0.8360824280787372,0.16087486666826487,0.0030427052529980706
2003-12-01,0.5410079112830026,0.45840435673745095,0.0005877319795463567
2003-12-02,0.8369682729631797,0.16213374649020681,0.0008979805466135847
2003-12-03,0.8532432764069814,0.14492801613557635,0.0018287074574422633
2003-12-04,0.7533730635550043,0.24271560852310956,0.003911327921886437
2003-12-05,0.3766753186878542,0.616193486954595,0.007131194357551048
2003-12-08,0.7688806612971546,0.23097229513070905,0.00014704357213637148
2003-12-09,0.7845495421469532,0.21113667450976623,0.004313783343280365
2003-12-10,0.4942917610302558,0.48956230406023155,0.0161459349095126
2003-12-11,0.7337580938232108,0.26187479634891475,0.004367109827874637
2003-12-12,0.8257100466646627,0.17357920529384063,0.000710748041496951
2003-12-15,0.8552241390700922,0.1430541366866144,0.0017217242432937612
2003-12-16,0.7223186456523307,0.2735043515405586,0.0041770028071108885
2003-12-17,0.8538453345456265,0.14436319814821416,0.0017914673061589054
2003-12-18,0.7435999980419231,0.2518044165346357,0.004595585423440687
2003-12-19,0.779554750955883,0.2175733377404507,0.0028719113036662497
2003-12-22,0.7735810578393562,0.22636301788565374,5.59242749899179e-05
2003-12-23,0.8546935687481442,0.14306084313495634,0.0022455881168995835
2003-12-24,0.8615786273972964,0.1366634644828478,0.0017579081198558272
2003-12-29,0.765781785071686,0.22842314009346323,0.005795074834850704
2003-12-30,0.8497138289632503,0.1484220011771493,0.001864169859600742
2003-12-31,0.8468428331375959,0.15165678453876452,0.001500382323639713
2004-01-05,0.6363581190435245,0.36363499308457997,6.887871895831371e-06
2004-01-06,0.7737743286183973,0.22083512027482158,0.005390551106780685
2004-01-07,0.8335168316722705,0.1645880551859652,0.0018951131417645087
2004-01-08,0.8400675894057423,0.15883302544870462,0.0010993851455527697
2004-01-09,0.6803496945396622,0.30975132455523885,0.00989898090509918
2004-01-12,0.8370850848746941,0.16055011012288745,0.0023648050024180243
2004-01-13,0.7842313114056626,0.2144925268224909,0.0012761617718464351
2004-01-14,0.33040050214427696,0.6560022463984726,0.013597251457250577
2004-01-15,0.6819049820840583,0.3179535196328316,0.00014149828310990042
2004-01-16,0.6992343325070117,0.30012301938333696,0.0006426481096519496
2004-01-20,0.8411045285154191,0.15780923530399638,0.001086236180585116
2004-01-21,0.8486909361418667,0.14947662413539425,0.001832439722739303
2004-01-22,0.7834595140434123,0.21328553780543633,0.0032549481511518117
2004-01-23,0.83718410757082,0.15963615350025587,0.0031797389289237553
2004-01-26,0.8154623938003639,0.1818143212175133,0.002723284982122166
2004-01-27,0.6498284670785851,0.3468622449639676,0.003309287957447329
2004-01-28,0.7714507399697884,0.22267861334485506,0.005870646685356598
2004-01-29,0.803995032857999,0.19043473972034994,0.005570227421650877
2004-01-30,0.8164358425325932,0.18143562321755655,0.0021285342498498097
2004-02-02,0.8629432000438211,0.13542075997146216,0.001636039984716636
2004-02-03,0.8467214790263871,0.15074622730643444,0.002532293667178285
2004-02-04,0.7674975650018164,0.22971661302404767,0.0027858219741361966
2004-02-05,0.8569226407811937,0.1410282702084529,0.0020490890103539165
2004-02-06,0.6208680358801016,0.3698808523519246,0.009251111767973882
2004-02-09,0.8757470349599613,0.12265479880505123,0.001598166234986838
2004-02-10,0.8618222094110681,0.1362976786168183,0.001880111972113168
2004-02-11,0.8432167384372106,0.15356572467285587,0.0032175368899331983
2004-02-12,0.7892775750889606,0.2060613523928603,0.004661072518179272
2004-02-13,0.8656739820503264,0.1326015016685283,0.001724516281145446
2004-02-17,0.825751010768018,0.17146009143222773,0.0027888977997536516
2004-02-18,0.5714158549578607,0.42135852052981027,0.00722562451232959
2004-02-19,0.842985356417337,0.15420703444336742,0.002807609139295217
2004-02-20,0.826495802293876,0.16827150578132438,0.0052326919247996095
2004-02-23,0.863205561495074,0.13496827613682097,0.0018261623681048516
2004-02-24,0.6835615169597362,0.3140553064688631,0.0023831765714002013
2004-02-25,0.8569719343399098,0.14098625674076584,0.0020418089193244464
2004-02-26,0.8398650704940833,0.15912518709023987,0.0010097424156765267
2004-02-27,0.8756754147752593,0.12270601414709725,0.0016185710776437452
2004-03-01,0.7716052837755412,0.22666931920858985,0.0017253970158689683
2004-03-02,0.7965741180848455,0.19952641779786923,0.003899464117285723
2004-03-03,0.7922041707128346,0.20666852588869147,0.0011273033984739939
2004-03-04,0.8744969368080172,0.1237377730002039,0.0017652901917788858
2004-03-05,0.7334133104348394,0.23297795358576462,0.033608735979395635
2004-03-08,0.8222798693399387,0.17701775565235572,0.0007023750077058186
2004-03-09,0.7970302306426128,0.1999313707979452,0.003038398559442367
2004-03-10,0.6658970072470045,0.3174349664440631,0.016668026308932396
2004-03-11,0.18703069672352957,0.8121919727886696,0.0007773304878007988
2004-03-12,0.8505915848418313,0.14816647143724618,0.001241943720922911
2004-03-15,0.5248196792282384,0.47437403997296185,0.0008062807988002514
2004-03-16,0.8480089697801554,0.14761049415760946,0.0043805360622351675
2004-03-17,0.7843391043895276,0.21197799007119905,0.0036829055392738046
2004-03-18,0.7551671335990917,0.23837965409951006,0.006453212301398054
2004-03-19,0.834721395629231,0.16278744344294171,0.002491160927827692
2004-03-22,0.440293960921783,0.5504484920924162,0.009257546985801255
2004-03-23,0.866332469580416,0.1318716510663582,0.0017958793532256803
2004-03-24,0.833414834989679,0.16501045246113544,0.0015747125491857089
2004-03-25,0.5481664651180622,0.4510207774937446,0.0008127573881933965
2004-03-26,0.8542503302218106,0.142902956825672,0.002846712952517584
2004-03-29,0.7461200250281514,0.2501649660723795,0.0037150088994695168
2004-03-30,0.8697928784858372,0.12977800874017556,0.00042911277398684716
2004-03-31,0.8253264613440899,0.1702781409557455,0.004395397700164687
2004-04-01,0.8379363135578297,0.16067226630859424,0.0013914201335752828
2004-04-02,0.1734410818174553,0.7652647480178835,0.06129417016466121
2004-04-05,0.6621620967680065,0.33342535573826404,0.004412547493729404
2004-04-06,0.8704426077850693,0.12775290357969396,0.0018044886352362663
2004-04-07,0.8160333807546057,0.1809545441405239,0.0030120751048705392
2004-04-08,0.8597718895929808,0.13823847010922666,0.0019896402977930376
2004-04-12,0.8693496303214142,0.12894683772817372,0.0017035319504120122
2004-04-13,0.42453112950402094,0.5589714184932926,0.016497452002686777
2004-04-14,0.8308763423318867,0.16716224060556448,0.0019614170625489777
2004-04-15,0.8238303960258939,0.17485498593024568,0.0013146180438606463
2004-04-16,0.8484621117015141,0.14819635338335424,0.003341534915132019
2004-04-19,0.8724864773927619,0.12598535827374163,0.001528164333496691
2004-04-20,0.42188563240531646,0.5542521667687725,0.023862200825911253
2004-04-21,0.8257672592046522,0.1741563368690119,7.6403926335952e-05
2004-04-22,0.8371027497208445,0.15980227778898953,0.0030949724901659903
2004-04-23,0.8279077641805325,0.16902262393742198,0.0030696118820458767
2004-04-26,0.8681753659847655,0.13042837351671105,0.001396260498523219
2004-04-27,0.8495022886553305,0.14952142820726957,0.0009762831373999358
2004-04-28,0.12697078190599903,0.8146918612742452,0.05833735681975635
2004-04-29,0.8117335556999671,0.18645047156933653,0.0018159727306962575
2004-04-30,0.8063965212653468,0.19105974767098255,0.002543731063670808
2004-05-03,0.8358071615196363,0.16358059414676338,0.0006122443336006757
2004-05-04,0.6592165927250687,0.33329252513878177,0.007490882136149
2004-05-05,0.7275054321217502,0.2671377955587342,0.005356772319515645
2004-05-06,0.7615744174487512,0.2318083994438848,0.0066171831073638995
2004-05-07,0.2773362575362871,0.6709192473064386,0.05174449515727438
2004-05-10,0.0007530404592333988,0.935352145460988,0.06389481407977844
2004-05-11,0.8454513731241756,0.15323134712099265,0.001317279754831755
2004-05-12,0.858462228530637,0.13962564129755456,0.001912130171808781
2004-05-13,0.8723962553817668,0.12521024903864286,0.0023934955795903478
2004-05-14,0.8195933822932876,0.17891081260938266,0.001495805097329472
2004-05-17,0.33211044451787025,0.6551274498783205,0.012762105603809162
2004-05-18,0.8125809376248601,0.1857627860681512,0.001656276306988787
2004-05-19,0.7983318209595135,0.20142557140759856,0.00024260763288784298
2004-05-20,0.845815824744214,0.15356148411942613,0.0006226911363593497
2004-05-21,0.8563384254852625,0.14094111977943002,0.00272045473530779
2004-05-24,0.85569260012743,0.1442132158753382,9.418399723126999e-05
2004-05-25,0.8555912828033468,0.14202884303295654,0.0023798741636965074
2004-05-26,0.8793522315535254,0.11923133542388861,0.001416433022586194
2004-05-27,0.7861367753790808,0.21281170967833624,0.0010515149425831037
2004-05-28,0.8741386365737912,0.1242700523027009,0.001591311123507641
2004-06-01,0.6561775662386312,0.34382167904856453,7.547128047442846e-07
2004-06-02,0.8064081087718469,0.19358166180519948,1.0229422954030585e-05
2004-06-03,0.8377381813782397,0.1613773801401796,0.00088443848158117
2004-06-04,0.8399588831212641,0.15780791564127142,0.00223320123746448
2004-06-07,0.6823280597984022,0.30975281411691785,0.007919126084679876
2004-06-08,0.8579073911381743,0.14185802515110427,0.0002345837107215432
2004-06-09,0.5687338635508382,0.4107795848348735,0.020486551614288563
2004-06-10,0.8816614733662432,0.11671594985822221,0.0016225767755349142
2004-06-14,0.7269721702907054,0.2667658026070843,0.00626202710221007
2004-06-15,0.8035080670228367,0.19391338464371044,0.0025785483334533404
2004-06-16,0.8655476291465103,0.13284094039403968,0.0016114304594500913
2004-06-17,0.8799112505148378,0.11951466966728976,0.0005740798178726315
2004-06-18,0.851513026514814,0.14608076958392083,0.002406203901265424
2004-06-21,0.8730307364574711,0.12601230674760025,0.0009569567949287873
2004-06-22,0.860281765515399,0.13788418766526556,0.001834046819335829
2004-06-23,0.8724216236972734,0.12594729770607394,0.0016310785966523098
2004-06-24,0.8495132228470428,0.14723793787293102,0.0032488392800261545
2004-06-25,0.8672975754099413,0.1309142715163971,0.0017881530736614528
2004-06-28,0.7534925985390838,0.24633661573242221,0.00017078572849389917
2004-06-29,0.8726580070439576,0.12582562703557773,0.0015163659204643135
2004-06-30,0.8646876623885459,0.13317078518931297,0.00214155242214068
2004-07-01,0.8219188391470501,0.1769218300104018,0.0011593308425483127
2004-07-02,0.6456853377288203,0.349856613900447,0.004458048370732778
2004-07-06,0.8392813371893336,0.1599641922484296,0.0007544705622364589
2004-07-07,0.7305447820723769,0.26465584092952227,0.0047993769981010004
2004-07-08,0.8337537562381524,0.1642069350313289,0.0020393087305188755
2004-07-09,0.8819291374357089,0.11674250762359976,0.0013283549406913257
2004-07-12,0.8675692843383832,0.13151990242541609,0.0009108132362008047
2004-07-13,0.8699037883688892,0.1278555497168406,0.002240661914270559
2004-07-14,0.8582168391878214,0.14155023991155383,0.00023292090062461225
2004-07-15,0.8347056356215793,0.16375891221442204,0.0015354521639983027
2004-07-16,0.8167272249607592,0.1780432084032952,0.00522956663594558
2004-07-19,0.8642902705152264,0.1336846038261697,0.002025125658603987
2004-07-20,0.8644564672665677,0.13403148098269752,0.001512051750734728
2004-07-21,0.8150567978290322,0.17566581907410939,0.009277383096858152
2004-07-22,0.844807901226393,0.1535884749590688,0.0016036238145380273
2004-07-23,0.8057815769499774,0.18785290485901782,0.006365518191004675
2004-07-26,0.8490884769931751,0.14908318726036712,0.0018283357464579382
2004-07-27,0.8107128345955387,0.1835897143229796,0.005697451081481606
2004-07-28,0.8771607860027598,0.12173354976983934,0.0011056642274002938
2004-07-29,0.8749266076659722,0.1232365482653218,0.0018368440687060333
2004-07-30,0.8773648619019686,0.12050799021129317,0.002127147886737988
2004-08-02,0.8818387021838964,0.11689558867216836,0.001265709143935458
2004-08-03,0.8707819265124259,0.1275652072459021,0.0016528662416720485
2004-08-04,0.842631946073008,0.15677478146300006,0.0005932724639913248
2004-08-05,0.7456907185743988,0.25244680486276766,0.0018624765628337207
2004-08-06,0.016661194863016735,0.9252789628182646,0.05805984231871836
2004-08-09,0.8851460101233444,0.11349184787324616,0.001362142003409531
2004-08-10,0.8308666867261345,0.1671251422863232,0.0020081709875421233
2004-08-11,0.8753557621647039,0.12252166104296483,0.0021225767923320135
2004-08-12,0.7819906494328209,0.2159680896400245,0.0020412609271543004
2004-08-13,0.841029900560141,0.15746733225649334,0.0015027671833656745
2004-08-16,0.8261184888153313,0.17152087829591442,0.0023606328887537517
2004-08-17,0.8918807501651261,0.10684631595239821,0.0012729338824759343
2004-08-18,0.868094168776491,0.13010149657280612,0.0018043346507027472
2004-08-19,0.8079819986901533,0.1909991485531413,0.0010188527567053692
2004-08-20,0.8653832312978493,0.13284179813827607,0.0017749705638743134
2004-08-23,0.8454201622397555,0.15166059657440853,0.0029192411858364633
2004-08-24,0.8644732384013866,0.13464534363876648,0.0008814179598467163
2004-08-25,0.7524741450566635,0.24689636794294154,0.0006294870003943346
2004-08-26,0.8786585253262557,0.12033714590311313,0.0010043287706313902
2004-08-27,0.8831333478626614,0.11543049645908264,0.0014361556782560496
2004-08-30,0.8620119234967388,0.13560582666705356,0.002382249836207844
2004-08-31,0.8554246533680839,0.14190012914993538,0.0026752174819812224
2004-09-01,0.8828746076272187,0.1163503245650861,0.0007750678076950499
2004-09-02,0.8311832359767775,0.16759389799183994,0.0012228660313823364
2004-09-03,0.8571711253314231,0.13888216775601006,0.003946706912566966
2004-09-07,0.8717847241697366,0.12749529441409138,0.0007199814161719682
2004-09-08,0.8666004612735242,0.13173949627293693,0.0016600424535384898
2004-09-09,0.8809897902517456,0.11852697454601345,0.00048323520224102204
2004-09-10,0.856058192610528,0.1432085383610432,0.0007332690284284101
2004-09-13,0.8739606077378322,0.12518070640560225,0.0008586858565653401
2004-09-14,0.8786244725936108,0.11970386108629867,0.0016716663200905895
2004-09-15,0.8435265699873189,0.15228642619324434,0.004187003819436357
2004-09-16,0.8867987825345423,0.11141547968560953,0.0017857377798486383
2004-09-17,0.8560739223861816,0.14308248696160417,0.000843590652214407
2004-09-20,0.8604861502430167,0.13792895586878204,0.0015848938882009815
2004-09-21,0.8632522922570486,0.1359269309331208,0.0008207768098304485
2004-09-22,0.7756373379574967,0.22343377788736507,0.0009288841551383996
2004-09-23,0.8632657235945417,0.13480460498884067,0.0019296714166171945
2004-09-24,0.8855912624477761,0.11333098918102652,0.001077748371197461
2004-09-27,0.846871337001507,0.1515803676979912,0.0015482953005017943
2004-09-28,0.8419813031388652,0.1551454717678003,0.0028732250933347155
2004-09-29,0.8546545514986271,0.14435913704422845,0.0009863114571446042
2004-09-30,0.8554592980401347,0.14230216956578637,0.0022385323940789835
2004-10-01,0.464732148377671,0.5294800164541245,0.005787835168204663
2004-10-04,0.8365558603926266,0.16147332573396364,0.0019708138734096637
2004-10-05,0.8710768772721597,0.12855191377091427,0.0003712089569261376
2004-10-06,0.8832399319435622,0.1154332482837461,0.0013268197726917922
2004-10-07,0.8613949560719169,0.1368425618358356,0.0017624820922477198
2004-10-08,0.6957230241169345,0.2976512286776967,0.006625747205368854
2004-10-11,0.8872704815213127,0.11126491686425692,0.0014646016144304666
2004-10-12,0.7992842545772216,0.20034111514223235,0.0003746302805463684
2004-10-13,0.836910417538808,0.16165640159751674,0.001433180863675607
2004-10-14,0.7729151770933675,0.22354413661124398,0.0035406862953884467
2004-10-15,0.8819808560816306,0.1163441129790856,0.0016750309392839324
2004-10-18,0.8678070436891457,0.13174635237000765,0.00044660394084653345
2004-10-19,0.8862327421970786,0.11284467845765044,0.0009225793452710143
2004-10-20,0.7851614891882079,0.21329578831942975,0.0015427224923625547
2004-10-21,0.8898612779374115,0.10873069072181986,0.0014080313407686053
2004-10-22,0.8700383702329894,0.12864843873358608,0.0013131910334245025
2004-10-25,0.3849467938812675,0.6068248262788482,0.00822837983988432
2004-10-26,0.7945526573637317,0.2039690640203015,0.001478278615966746
2004-10-27,0.5163763021956406,0.48351868054284247,0.00010501726151682863
2004-10-28,0.8501654264402169,0.1493624041695975,0.00047216939018539553
2004-10-29,0.8804807077734113,0.11846369653071456,0.0010555956958743639
2004-11-01,0.8618844926211603,0.13783287528052704,0.00028263209831263744
2004-11-02,0.8195548737978353,0.1784818539458579,0.0019632722563067465
2004-11-03,0.8666193204575195,0.1311129019613319,0.0022677775811485875
2004-11-04,0.7945228194323548,0.2050743125460207,0.0004028680216242373
2004-11-05,0.8553395759612381,0.1410738960389678,0.0035865279997938674
2004-11-08,0.8868467573358851,0.11230750012954935,0.0008457425345655781
2004-11-09,0.8857791451168454,0.11354299515204873,0.0006778597311061201
2004-11-10,0.8772591272313199,0.12243404442463261,0.00030682834404721095
2004-11-11,0.8764639798606821,0.12306608653582612,0.00046993360349205837
2004-11-12,0.8741684548472073,0.12322373865092555,0.002607806501867268
2004-11-15,0.8751489830091559,0.12327800904701398,0.0015730079438303667
2004-11-16,0.7377558610653496,0.26088817296470945,0.0013559659699408184
2004-11-17,0.8841967084935441,0.11510333558926865,0.0006999559171872226
2004-11-18,0.882265639022332,0.11674825136009025,0.0009861096175775728
2004-11-19,0.7728498740700975,0.22541119548968297,0.0017389304402197622
2004-11-22,0.8862015484235654,0.11288214846536976,0.0009163031110649317
2004-11-23,0.832198947154644,0.16528808540780482,0.0025129674375512414
2004-11-24,0.8247368128851577,0.17495422299183547,0.00030896412300698064
2004-11-29,0.8880321239557594,0.11111867130302645,0.0008492047412144368
2004-11-30,0.8266501905321586,0.17142460401171927,0.0019252054561221883
2004-12-01,0.7422217787270637,0.25776267643729367,1.5544835642783715e-05
2004-12-02,0.7136292526972929,0.28636836446194086,2.382840766187813e-06
2004-12-03,0.8630521602763699,0.13383878392960924,0.003109055794021061
2004-12-06,0.8680361013725424,0.12956159053882996,0.0024023080886275733
2004-12-07,0.8052061441669692,0.194591643049597,0.0002022127834336121
2004-12-08,0.8690782540449133,0.12528096087933852,0.0056407850757480196
2004-12-09,0.8951597988512311,0.10355090679571664,0.0012892943530519534
2004-12-10,0.8901586897857053,0.10929175715505458,0.0005495530592397757
2004-12-13,0.8672146268047989,0.13155852508148266,0.0012268481137184407
2004-12-14,0.8884148853735905,0.1099343829318152,0.0016507316945941501
2004-12-15,0.8388553114456301,0.1599935730067051,0.0011511155476646008
2004-12-16,0.8713065439167668,0.12518815245925857,0.0035053036239748514
2004-12-17,0.8407330313381587,0.15924802038608676,1.89482757539827e-05
2004-12-20,0.8726035456881507,0.12618275595433073,0.001213698357518485
2004-12-21,0.8818471185302341,0.1161536440266636,0.0019992374431023843
2004-12-22,0.8727968839490527,0.12676354521772826,0.0004395708332187177
2004-12-23,0.8873925560647434,0.1108138039065479,0.001793640028708526
2004-12-27,0.7938424015163922,0.20607740868788418,8.018979572345502e-05
2004-12-28,0.8799569246869363,0.11844318851611921,0.001599886796944523
2004-12-29,0.8784078588816067,0.12080073164642739,0.0007914094719656541
2004-12-30,0.8824904903106391,0.11623270845859536,0.0012768012307652946
2005-01-03,0.8176722475285803,0.18111860140538782,0.0012091510660315011
2005-01-04,0.8362899244298705,0.15689826645051755,0.0068118091196120835
2005-01-05,0.8609442048332823,0.1371864774689671,0.0018693176977509396
2005-01-06,0.867081047956963,0.13256639552029123,0.00035255652274594594
2005-01-07,0.8906061968064758,0.10770299925013133,0.0016908039433925863
2005-01-10,0.8965405319569979,0.10204373700868018,0.0014157310343214345
2005-01-11,0.8624627197029758,0.13587623585976472,0.0016610444372596972
2005-01-12,0.8553415532294859,0.1416857023128778,0.002972744457636623
2005-01-13,0.8553294993077364,0.14439669578420555,0.0002738049080582834
2005-01-14,0.875038593850711,0.12310299126805276,0.0018584148812364574
2005-01-18,0.8901937366162314,0.10854716902101368,0.001259094362754745
2005-01-19,0.8756258222040326,0.12275197450097847,0.0016222032949884798
2005-01-20,0.8490688096581755,0.1478445697422398,0.00308662059958467
2005-01-21,0.8491882963053128,0.14927242490141696,0.001539278793270009
2005-01-24,0.8783052227058096,0.11990515123636643,0.0017896260578241405
2005-01-25,0.7855457431511458,0.2105082745489274,0.003945982299926432
2005-01-26,0.8778558662062551,0.120195827814651,0.001948305979093544
2005-01-27,0.8949797629184695,0.10415844471110924,0.0008617923704211337
2005-01-28,0.8756724389254761,0.123351731994204,0.0009758290803199534
2005-01-31,0.8614620529137034,0.13667071567271527,0.00186723141358103
2005-02-01,0.8814072015171674,0.11781206392071196,0.000780734562120558
2005-02-02,0.8911460912632099,0.10802707534805081,0.0008268333887393974
2005-02-03,0.8870175823759769,0.11131868539317472,0.001663732230847941
2005-02-04,0.8633138420993561,0.13481483914279646,0.0018713187578472416
2005-02-07,0.8536346784377842,0.14406319191287983,0.002302129649336382
2005-02-08,0.8917704311148547,0.10645216070953588,0.0017774081756096105
2005-02-09,0.8578119664249427,0.14041977835756575,0.001768255217491697
2005-02-10,0.8542120415831812,0.14489540358347439,0.0008925548333442474
2005-02-11,0.8809648664978517,0.11700817848311873,0.0020269550190294035
2005-02-14,0.9004903596431955,0.09800900572492513,0.0015006346318794338
2005-02-15,0.8953145133602005,0.10332007507679525,0.0013654115630042738
2005-02-16,0.9009444672947928,0.09764743546358087,0.0014080972416261727
2005-02-17,0.8707716507905564,0.1276039500476578,0.0016243991617862345
2005-02-18,0.8958645192158705,0.10279699567509695,0.0013384851090326323
2005-02-22,0.49414658118339905,0.5058245003501155,2.8918466485592196e-05
2005-02-23,0.9026806608791211,0.09634297591114882,0.0009763632097298469
2005-02-24,0.8824470554955657,0.11645813635039655,0.00109480815403757
2005-02-25,0.8363633974997771,0.16211511179089608,0.0015214907093268264
2005-02-28,0.8813435760298184,0.11757357552138402,0.0010828484487978131
2005-03-01,0.8464605410026922,0.15195643083725102,0.0015830281600568835
2005-03-02,0.8869793173805165,0.11205717635389943,0.0009635062655840433
2005-03-03,0.8949849972386799,0.10365943316549385,0.0013555695958265346
2005-03-04,0.8673166970838132,0.12827540710876306,0.0044078958074238546
2005-03-07,0.9014062377046433,0.09725891245761525,0.0013348498377412613
2005-03-08,0.8202748967183684,0.17848195764328303,0.0012431456383487495
2005-03-09,0.8529872871732971,0.14388276165487576,0.0031299511718274127
2005-03-10,0.893398700225546,0.10530338039151467,0.0012979193829394282
2005-03-11,0.8932879354533001,0.10591791994994078,0.0007941445967592811
2005-03-14,0.8929391742429629,0.10513869362053191,0.0019221321365053131
2005-03-15,0.888517968592745,0.11079626589053435,0.0006857655167205136
2005-03-16,0.8248133360712662,0.17307291082583381,0.0021137531029001345
2005-03-17,0.9004862940126851,0.09836339343774698,0.0011503125495678777
2005-03-18,0.8956841550789653,0.10267105816520494,0.0016447867558296132
2005-03-21,0.8649037752316157,0.1328674485626956,0.00222877620568881
2005-03-22,0.8584691367383013,0.13887293245913937,0.002657930802559432
2005-03-23,0.8385495469642436,0.16042783397644889,0.0010226190593071284
2005-03-24,0.8997421687191033,0.09886783379448437,0.0013899974864128384
2005-03-28,0.8988361237459168,0.09951670057457293,0.0016471756795102036
2005-03-29,0.8794040015474609,0.1191725602399105,0.0014234382126283255
2005-03-30,0.8977839228796043,0.10075842628032242,0.0014576508400734483
2005-03-31,0.8947365849284314,0.10412004331864368,0.0011433717529246582
2005-04-01,0.8993990382899857,0.09929932637998666,0.001301635330027587
2005-04-04,0.8900693995623129,0.10790248128341025,0.002028119154277323
2005-04-05,0.8913514725455328,0.10773997518847664,0.0009085522659905704
2005-04-06,0.9043289635934959,0.09438823123422455,0.0012828051722796555
2005-04-07,0.8761978004837419,0.12356548086958942,0.00023671864666875296
2005-04-08,0.884205431813834,0.11469751143495988,0.0010970567512058975
2005-04-11,0.870550586174337,0.1268705202815667,0.002578893544096382
2005-04-12,0.895225047195556,0.104261064084611,0.0005138887198331746
2005-04-13,0.8262848304174559,0.17294994204057557,0.0007652275419686152
2005-04-14,0.8152795326715603,0.17914007440106655,0.0055803929273734575
2005-04-15,0.4463941375624481,0.5380542150093779,0.015551647428174135
2005-04-18,0.6421836077128538,0.35475954506098545,0.0030568472261609564
2005-04-19,0.8703787698823628,0.1294763029143673,0.00014492720326974705
2005-04-20,0.8472899063902636,0.1511887177208894,0.0015213758888470955
2005-04-21,0.7729396035105636,0.2246194490677459,0.0024409474216907064
2005-04-22,0.8927097969929623,0.1058936357967493,0.0013965672102884746
2005-04-25,0.8982011057047076,0.10041753288679839,0.0013813614084945542
2005-04-26,0.8738428443498456,0.12394831241896416,0.002208843231189906
2005-04-27,0.7109484144255492,0.2889661663834708,8.541919098064688e-05
2005-04-28,0.8573746663751474,0.14033591813675686,0.0022894154880958736
2005-04-29,0.866853212012769,0.13184543194161497,0.001301356045616445
2005-05-02,0.9002097289548138,0.09839007432991491,0.0014001967152713693
2005-05-03,0.8530011596953802,0.14683088364354135,0.00016795666107841039
2005-05-04,0.8741727416118791,0.1232589082962481,0.0025683500918732872
2005-05-05,0.9027370118159922,0.09604575328580242,0.0012172348982057131
2005-05-06,0.8666220480723436,0.1285734971973423,0.004804454730314123
2005-05-09,0.90357835713107,0.09513585280299135,0.0012857900659386942
2005-05-10,0.7888411599624028,0.20680998872088727,0.004348851316710034
2005-05-11,0.9036535180157963,0.09552777035602134,0.0008187116281821974
2005-05-12,0.8346253460698536,0.16490851046088156,0.00046614346926509534
2005-05-13,0.8897000782450033,0.10894694273415023,0.0013529790208465003
2005-05-16,0.9053769731592874,0.09355096114437263,0.0010720656963403214
2005-05-17,0.8963682572525882,0.10217576729965555,0.0014559754477561852
2005-05-18,0.8804289614599815,0.11789628298382383,0.0016747555561942376
2005-05-19,0.8845599427536767,0.11445685007485745,0.000983207171465814
2005-05-20,0.9023695171240376,0.09595863600782092,0.001671846868141265
2005-05-23,0.9067772299932355,0.09199929258724616,0.0012234774195182636
2005-05-24,0.8745922579025546,0.12373244977670012,0.001675292320745086
2005-05-25,0.8979175616399062,0.10160613526935547,0.0004763030907386989
2005-05-26,0.8791084773100075,0.11908964986472825,0.0018018728252644212
2005-05-27,0.8131721432559182,0.1835361348504873,0.0032917218935946927
2005-05-31,0.8723302447126184,0.12580157519586344,0.001868180091518174
2005-06-01,0.8724024986588303,0.12723139382414583,0.0003661075170238698
2005-06-02,0.9042990383247536,0.09472437580989584,0.0009765858653507623
2005-06-03,0.8816794016825994,0.11765064903150159,0.000669949285899435
2005-06-06,0.8908202276430307,0.10748610879622815,0.0016936635607410486
2005-06-07,0.8727996966027661,0.12615423695066935,0.0010460664465642168
2005-06-08,0.893238816832701,0.10640034629844126,0.000360836868857719
2005-06-09,0.8857049113851619,0.112840708383919,0.0014543802309190245
2005-06-10,0.5589476742583052,0.43119621160752525,0.00985611413416966
2005-06-13,0.8747368754607092,0.12471068434540816,0.0005524401938825516
2005-06-14,0.8877861406111626,0.11076916773756286,0.0014446916512747196
2005-06-15,0.9072853956277618,0.09210961894907863,0.0006049854231594963
2005-06-16,0.8672828944494589,0.13095596125192832,0.0017611442986132137
2005-06-17,0.8811925397422473,0.1176345823107287,0.0011728779470241266
2005-06-20,0.8828619661352551,0.11621623987373748,0.0009217939910072809
2005-06-21,0.875440560107599,0.12409908748520243,0.00046035240719890483
2005-06-22,0.9009676098855599,0.09785723363846194,0.001175156475977948
2005-06-23,0.8724805175778189,0.12560435895979005,0.0019151234623912422
2005-06-24,0.8446139812776491,0.15369833069807531,0.0016876880242758716
2005-06-27,0.8651861053024484,0.13418407829271395,0.0006298164048375372
2005-06-28,0.8019858012160944,0.19787425567593772,0.00013994310796800933
2005-06-29,0.7313856413611453,0.26334613246297756,0.005268226175876984
2005-06-30,0.8730436944867992,0.12624490503540103,0.0007114004777995456
2005-07-01,0.8437925290297235,0.15481994440710042,0.001387526563176046
2005-07-05,0.40077126359361376,0.5992008331798327,2.7903226553519323e-05
2005-07-06,0.9027349423585768,0.09662733562795671,0.0006377220134660734
2005-07-07,0.8670462563543048,0.1317678872782151,0.0011858563674797895
2005-07-08,0.8257323928190048,0.17277111465493808,0.0014964925260568147
2005-07-11,0.8853220109717613,0.11281079962928287,0.0018671893989557406
2005-07-12,0.8819437962759401,0.11641398528982827,0.0016422184342315105
2005-07-13,0.8907598204151298,0.10689030707742031,0.002349872507449816
2005-07-14,0.8407929267239327,0.15750893874931352,0.0016981345267535026
2005-07-15,0.9021952225477974,0.09637167472980976,0.0014331027223926812
2005-07-18,0.8822444572395614,0.11683262871801585,0.0009229140424227046
2005-07-19,0.885238863232506,0.11366538677048628,0.001095749997007838
2005-07-20,0.9070621032780823,0.09180327742839853,0.0011346192935187658
2005-07-21,0.5074597239223524,0.48880066633440844,0.0037396097432390763
2005-07-22,0.9074369416115956,0.09169757509448462,0.0008654832939198897
2005-07-25,0.9042950104527302,0.09425010904652167,0.0014548805007485756
2005-07-26,0.8965439061698817,0.10185488820806812,0.001601205622050403
2005-07-27,0.9049379152052963,0.09386285690904776,0.0011992278856561443
2005-07-28,0.8904727419401911,0.1082305721395285,0.0012966859202804832
2005-07-29,0.8972458318831161,0.1012715715483844,0.001482596568499703
2005-08-01,0.904670444315186,0.09464868354061524,0.0006808721441989761
2005-08-02,0.891793474041637,0.10714791345828537,0.0010586125000774627
2005-08-03,0.6690323101720089,0.32862503745932564,0.002342652368665204
2005-08-04,0.8800273144770551,0.11838472411270118,0.001587961410243938
2005-08-05,0.8760708731249571,0.12149918033620116,0.002429946538841645
2005-08-08,0.8992044694941078,0.09939588064265621,0.001399649863235675
2005-08-09,0.8930732533033766,0.10648379317938766,0.000442953517235845
2005-08-10,0.8993254253162126,0.10030240798187809,0.0003721667019093439
2005-08-11,0.8620463368302536,0.13556620266446912,0.0023874605052771835
2005-08-12,0.8800258464519445,0.11830404746822128,0.0016701060798339196
2005-08-15,0.9075050918477614,0.09180091666100827,0.0006939914912305317
2005-08-16,0.8645381426635743,0.13385448413192286,0.001607373204502781
2005-08-17,0.8667019529319754,0.1330841313311755,0.00021391573684921482
2005-08-18,0.8830408929208826,0.11540635317867431,0.0015527539004430795
2005-08-19,0.9104992181002949,0.08887895792700785,0.0006218239726975189
2005-08-22,0.8923165015355154,0.10640102509879992,0.001282473365684478
2005-08-23,0.902971804657268,0.09569606498589245,0.0013321303568394345
2005-08-24,0.8648444284933637,0.13331895895721155,0.0018366125494245378
2005-08-25,0.8991399221988118,0.10000502516156251,0.0008550526396254153
2005-08-26,0.8922799599226326,0.10628032565087067,0.0014397144264964874
2005-08-29,0.8819710424648723,0.11801657786843467,1.23796666931834e-05
2005-08-30,0.864058784283754,0.13585375354750906,8.746216873647234e-05
2005-08-31,0.8447038115427971,0.15426994598920166,0.0010262424680013214
2005-09-01,0.8635216510075416,0.13491756199259916,0.001560786999859257
2005-09-02,0.8880870848250739,0.11152898140219,0.00038393377273601156
2005-09-06,0.8547677608526166,0.14333790698954305,0.0018943321578402516
2005-09-07,0.8906191987607197,0.10917058175518465,0.00021021948409534922
2005-09-08,0.8724970639024098,0.12590900967513893,0.001593926422451301
2005-09-09,0.8858344944218198,0.11252228498061197,0.001643220597568066
2005-09-12,0.8829009395818244,0.11435634076187007,0.002742719656305271
2005-09-13,0.8811129518233676,0.11723706135854339,0.0016499868180890652
2005-09-14,0.8158641494576963,0.18280489705408662,0.0013309534882170215
2005-09-15,0.8681532869731065,0.12830874767920875,0.003537965347684952
2005-09-16,0.6584598437927918,0.3377146450339165,0.003825511173292318
2005-09-19,0.3088176790102059,0.6911823209893826,4.116720884895007e-13
2005-09-20,0.88682964837498,0.1122237378947129,0.0009466137303069522
2005-09-21,0.6097726426193035,0.3862758197764043,0.003951537604291738
2005-09-22,0.9060759836006866,0.092732471563113,0.001191544836200087
2005-09-23,0.8890746700400672,0.11048777966784533,0.00043755029208723605
2005-09-26,0.8663160562575151,0.13309620293680263,0.0005877408056819653
2005-09-27,0.9049137794311715,0.09363069678088445,0.0014555237879442392
2005-09-28,0.8818536884995218,0.11810511079744221,4.120070303565627e-05
2005-09-29,0.8969779326305501,0.1013340724657677,0.0016879949036824114
2005-09-30,0.8989056882376375,0.10003448070927153,0.001059831053090896
2005-10-03,0.8856685761751326,0.11174534389153748,0.0025860799333296855
2005-10-04,0.8869601127024775,0.11170317585535437,0.0013367114421679518
2005-10-05,0.6352750174996618,0.3550947153211121,0.00963026717922619
2005-10-06,0.19947186648961315,0.7996325708834985,0.0008955626268884067
2005-10-07,0.8657127867380542,0.13203916725937898,0.002248046002566993
2005-10-10,0.9009097321671155,0.09766143535018566,0.0014288324826993454
2005-10-11,0.8946255696390345,0.1052245094329989,0.00014992092796631599
2005-10-12,0.8449255379790176,0.15222925064756404,0.0028452113734185646
2005-10-13,0.8862060816670393,0.11222011037114156,0.0015738079618191289
2005-10-14,0.8525325204152173,0.14577447958924347,0.0016929999955392061
2005-10-17,0.8826368319370875,0.11719475485511559,0.0001684132077969381
2005-10-18,0.8569832150952399,0.1416501895336331,0.0013665953711271936
2005-10-19,0.8683229257682992,0.1305865567522973,0.0010905174794036605
2005-10-20,0.8441499722882344,0.1552276538323754,0.0006223738793904108
2005-10-21,0.8293162765490005,0.16857564131875727,0.0021080821322425336
2005-10-24,0.8423775468547056,0.15526064580329774,0.002361807341996413
2005-10-25,0.8144689294034394,0.18552931991810084,1.7506784597815113e-06
2005-10-26,0.8723041570784796,0.12718511386742168,0.0005107290540987712
2005-10-27,0.8208050142595313,0.1773610498314108,0.0018339359090581591
2005-10-28,0.8808429671273976,0.11839194891112241,0.0007650839614801972
2005-10-31,0.7487779320803538,0.2511096438185751,0.00011242410107083953
2005-11-01,0.9123117966517679,0.08678452492394118,0.0009036784242908236
2005-11-02,0.8836004788256264,0.11465996514944471,0.001739556024928208
2005-11-03,0.7752272695972987,0.22396201641393934,0.0008107139887619812
2005-11-04,0.8662140739974926,0.12944468840283202,0.004341237599675421
2005-11-07,0.9149324266304676,0.08409169698431421,0.0009758763852180922
2005-11-08,0.9097755955127095,0.08904658284143188,0.0011778216458584855
2005-11-09,0.7867323302149181,0.20939082647887855,0.0038768433062038032
2005-11-10,0.9034277462153261,0.0960444240807814,0.0005278297038921986
2005-11-11,0.8895920227410375,0.10896311094611918,0.0014448663128430528
2005-11-14,0.9118487168089136,0.0868698189836072,0.0012814642074793052
2005-11-15,0.8937126241729692,0.10489566263322095,0.0013917131938103358
2005-11-16,0.5240160111848802,0.4723402231349061,0.003643765680213734
2005-11-17,0.8755767132102676,0.12381125892716316,0.0006120278625692801
2005-11-18,0.8798640826435925,0.11924603170761035,0.0008898856487967007
2005-11-21,0.8942555353549156,0.10414937242080817,0.0015950922242757592
2005-11-22,0.917550242804051,0.08141985337885325,0.0010299038170954718
2005-11-23,0.7969982929096143,0.20026698561642914,0.0027347214739563645
2005-11-28,0.8830140110669283,0.11575525578088794,0.0012307331521837126
2005-11-29,0.9126733227696565,0.08593834569121482,0.0013883315391287972
2005-11-30,0.7900115294402889,0.20974776412437315,0.00024070643533805774
2005-12-01,0.7806073880725453,0.2188861493490323,0.0005064625784224515
2005-12-02,0.8338266415528237,0.16581598211250612,0.0003573763346703718
2005-12-05,0.9181611991995335,0.080895444885078,0.0009433559153886843
2005-12-06,0.8488822278191535,0.14985587168966275,0.0012619004911838527
2005-12-07,0.8760414811643233,0.12210405922306315,0.0018544596126133372
2005-12-08,0.85821366410659,0.1417596191217402,2.6716771669960342e-05
2005-12-09,0.897173932927263,0.1024734681993359,0.00035259887340128513
2005-12-12,0.8860747433847947,0.11302942465422974,0.000895831960975243
2005-12-13,0.909640965920383,0.08978187242530558,0.0005771616543110076
2005-12-14,0.4479735405602314,0.5515608809211299,0.00046557851863857747
2005-12-15,0.8281299177068163,0.17128145456727584,0.0005886277259077711
2005-12-16,0.90329372934306,0.09574193135389933,0.0009643393030406662
2005-12-19,0.9089773708467087,0.08994716777793592,0.0010754613753552644
2005-12-20,0.9044806325575994,0.0938142912058765,0.001705076236524191
2005-12-21,0.8632904043699623,0.1337031691527583,0.003006426477279448
2005-12-22,0.8447498057770924,0.1549516973404602,0.0002984968824476775
2005-12-23,0.9121715589231639,0.08720836848581519,0.0006200725910208827
2005-12-27,0.8580596437391057,0.14166025280281352,0.0002801034580809295
2005-12-28,0.9071795796320178,0.0924536005202856,0.000366819847696335
2005-12-29,0.8811016928835114,0.1173869082855793,0.0015113988309096986
2005-12-30,0.8874311342927612,0.11145257771049624,0.001116287996742501
2006-01-03,0.43703259800515426,0.5388367071242574,0.02413069487058833
2006-01-04,0.8903758053373304,0.10748078623153992,0.002143408431129702
2006-01-05,0.876911719012184,0.12290217879620038,0.00018610219161560758
2006-01-06,0.885821277000775,0.11171792293250518,0.0024608000667195803
2006-01-09,0.9141576140282256,0.0850583605050023,0.0007840254667718516
2006-01-10,0.9076485567128166,0.09104558595721188,0.001305857329971251
2006-01-11,0.906686859167376,0.0923365451458211,0.000976595686802721
2006-01-12,0.9056681801276006,0.09335268731164006,0.0009791325607596392
2006-01-13,0.8373787813931667,0.16019219849181496,0.0024290201150182367
2006-01-18,0.7868638887207668,0.2116959185693695,0.001440192709863652
2006-01-19,0.8611664289922187,0.13654261850015498,0.0022909525076264038
2006-01-20,0.8143870944941325,0.18423851956723616,0.0013743859386313006
2006-01-23,0.8824334661509413,0.11586551380623322,0.0017010200428254764
2006-01-24,0.9165307031001528,0.08237570154542485,0.0010935953544224638
2006-01-25,0.8834655482288378,0.11397206992266126,0.0025623818485009447
2006-01-26,0.8709376544120628,0.12677393817328456,0.0022884074146526986
2006-01-27,0.8198790760450617,0.17804743043909788,0.002073493515840653
2006-01-30,0.9473337621438016,0.05266623785619809,0.0
2006-01-31,0.8746960608493928,0.1253039391506069,0.0
2006-02-01,0.9527946911955012,0.04720530880449876,0.0
2006-02-02,0.9376918285678013,0.0623081714321987,0.0
2006-02-03,0.8810570166201224,0.118942983379878,0.0
2006-02-06,0.8579000480133693,0.1420999519866305,0.0
2006-02-07,0.26363089596375316,0.7363691040362467,0.0
2006-02-08,0.9660796377703115,0.03392036222968829,0.0
2006-02-09,0.9641519938831583,0.03584800611684197,0.0
2006-02-10,0.8813072916254295,0.11869270837457026,0.0
2006-02-13,0.9360930973406572,0.06390690265934289,0.0
2006-02-14,0.9455062238111994,0.05449377618880021,0.0
2006-02-15,0.9215475928545978,0.07845240714540239,0.0
2006-02-16,0.9499885269475132,0.050011473052486724,0.0
2006-02-17,0.9583517537961257,0.04164824620387442,0.0
2006-02-21,0.9523012463466474,0.04769875365335251,0.0
2006-02-22,0.9430785234469233,0.05692147655307641,0.0
2006-02-23,0.807294856278568,0.1927051437214321,0.0
2006-02-24,0.9427705418213892,0.0572294581786106,0.0
2006-02-27,0.7786557400688932,0.22134425993110632,0.0
2006-02-28,0.8298464434145718,0.17015355658542858,0.0
2006-03-01,0.9553846713981914,0.044615328601808495,0.0
2006-03-02,0.9261755418330597,0.07382445816694018,0.0
2006-03-03,0.9535684427239767,0.04643155727602353,0.0
2006-03-06,0.9028813699557106,0.09711863004428958,0.0
2006-03-07,0.9377515707210209,0.062248429278978834,0.0
2006-03-08,0.9424274967218194,0.05757250327818072,0.0
2006-03-09,0.924401312641043,0.07559868735895715,0.0
2006-03-10,0.9131488722452967,0.08685112775470302,0.0
2006-03-13,0.9565742332810083,0.04342576671899158,0.0
2006-03-14,0.9434787626600063,0.05652123733999402,0.0
2006-03-15,0.9521906200489008,0.0478093799510989,0.0
2006-03-16,0.9393561334778194,0.06064386652218044,0.0
2006-03-17,0.9636036679185777,0.036396332081422025,0.0
2006-03-20,0.9554866282350856,0.044513371764914586,0.0
2006-03-21,0.9382818921469086,0.06171810785309141,0.0
2006-03-22,0.9636614098569961,0.036338590143003675,0.0
2006-03-23,0.9101991434980224,0.08980085650197722,0.0
2006-03-24,0.9471944201394378,0.05280557986056224,0.0
2006-03-27,0.8718041814524227,0.12819581854757722,0.0
2006-03-28,0.9217877638734253,0.0782122361265747,0.0
2006-03-29,0.7822055397017876,0.21779446029821248,0.0
2006-03-30,0.9453349550738048,0.05466504492619508,0.0
2006-03-31,0.945189937493301,0.05481006250669895,0.0
2006-04-03,0.9531215769294956,0.046878423070504514,0.0
2006-04-04,0.935828434923668,0.06417156507633212,0.0
2006-04-05,0.9615489245069359,0.03845107549306398,0.0
2006-04-06,0.9573162911543147,0.04268370884568482,0.0
2006-04-07,0.9260505480138905,0.07394945198610971,0.0
2006-04-10,0.959491854850398,0.04050814514960214,0.0
2006-04-11,0.8840756737300731,0.11592432626992726,0.0
2006-04-12,0.9051876072277988,0.09481239277220113,0.0
2006-04-13,0.9610292737171999,0.0389707262828001,0.0
2006-04-17,0.831672868310618,0.16832713168938185,0.0
2006-04-18,0.9149648624518332,0.08503513754816697,0.0
2006-04-19,0.9353285636560427,0.06467143634395717,0.0
2006-04-20,0.33808000693422463,0.6619199930657752,0.0
2006-04-21,0.9412236709786651,0.05877632902133491,0.0
2006-04-24,0.8469113745506963,0.15308862544930357,0.0
2006-04-25,0.9635388138969369,0.03646118610306314,0.0
2006-04-26,0.9577223676864547,0.04227763231354575,0.0
2006-04-27,0.6615267414873027,0.33847325851269705,0.0
2006-04-28,0.8265799654716709,0.17342003452832902,0.0
2006-05-01,0.9560412994682113,0.04395870053178864,0.0
2006-05-02,0.9568319230070034,0.043168076992996504,0.0
2006-05-03,0.9499348451204588,0.05006515487954118,0.0
2006-05-04,0.9578979587635622,0.042102041236437716,0.0
2006-05-05,0.8938442808349522,0.10615571916504783,0.0
2006-05-08,0.9601588443905228,0.03984115560947737,0.0
2006-05-09,0.8811517178691678,0.1188482821308319,0.0
2006-05-10,0.9504938380062846,0.04950616199371574,0.0
2006-05-11,0.8663586852892113,0.1336413147107888,0.0
2006-05-12,0.666824612352143,0.3331753876478573,0.0
2006-05-15,0.5114184769574729,0.48858152304252717,0.0
2006-05-16,0.9467878773966814,0.05321212260331849,0.0
2006-05-17,0.6537005280883622,0.34629947191163823,0.0
2006-05-18,0.8959271041350716,0.1040728958649284,0.0
2006-05-19,0.9181987150831186,0.0818012849168813,0.0
2006-05-22,0.7344691642314222,0.26553083576857806,0.0
2006-05-23,0.9230397756220607,0.0769602243779394,0.0
2006-05-24,0.8216368129097018,0.17836318709029847,0.0
2006-05-25,0.8549173485624264,0.14508265143757368,0.0
2006-05-26,0.868052899708563,0.131947100291437,0.0
2006-05-30,0.7129946167062171,0.2870053832937825,0.0
2006-05-31,0.9296662931568678,0.07033370684313245,0.0
2006-06-01,0.9191945074753661,0.0808054925246339,0.0
2006-06-02,0.9134117123601573,0.08658828763984269,0.0
2006-06-05,0.8266457751937202,0.17335422480627996,0.0
2006-06-06,0.8090907429673868,0.19090925703261374,0.0
2006-06-07,0.9272898399420232,0.07271016005797673,0.0
2006-06-08,0.6724160894943114,0.32758391050568864,0.0
2006-06-09,0.9518289111640978,0.04817108883590216,0.0
2006-06-12,0.8777322277262479,0.12226777227375207,0.0
2006-06-13,0.3822609203107685,0.6177390796892314,0.0
2006-06-14,0.9532849471743449,0.04671505282565522,0.0
2006-06-15,0.4601645448644168,0.5398354551355835,0.0
2006-06-16,0.9612339289545402,0.03876607104545969,0.0
2006-06-19,0.9253416717739326,0.07465832822606758,0.0
2006-06-20,0.939005554029406,0.060994445970593655,0.0
2006-06-21,0.9073195355450924,0.09268046445490796,0.0
2006-06-22,0.9585762336800213,0.0414237663199789,0.0
2006-06-23,0.9368560009943911,0.06314399900560892,0.0
2006-06-26,0.9696497419394128,0.030350258060587325,0.0
2006-06-27,0.9034157947455341,0.09658420525446576,0.0
2006-06-28,0.9669052822340035,0.03309471776599621,0.0
2006-06-29,0.45701071264835835,0.5429892873516416,0.0
2006-06-30,0.6646506774185788,0.3353493225814211,0.0
2006-07-03,0.8816462905030173,0.1183537094969831,0.0
2006-07-05,0.882492062202379,0.11750793779762123,0.0
2006-07-06,0.9667595427234643,0.033240457276535615,0.0
2006-07-07,0.8784999697264896,0.12150003027351101,0.0
2006-07-10,0.9676020705914794,0.032397929408520806,0.0
2006-07-11,0.9420430125815618,0.05795698741843845,0.0
2006-07-12,0.9377902412207322,0.062209758779267675,0.0
2006-07-13,0.6959260333997621,0.3040739666002376,0.0
2006-07-14,0.7156257768731817,0.28437422312681826,0.0
2006-07-17,0.8868250628134738,0.11317493718652641,0.0
2006-07-18,0.9447119280217944,0.05528807197820533,0.0
2006-07-19,0.7662320435385602,0.23376795646144005,0.0
2006-07-20,0.6153722545787413,0.3846277454212587,0.0
2006-07-21,0.8450136526648135,0.1549863473351865,0.0
2006-07-24,0.8268342051771158,0.17316579482288444,0.0
2006-07-25,0.9305633382384043,0.06943666176159562,0.0
2006-07-26,0.960737181806128,0.03926281819387203,0.0
2006-07-27,0.5257929559803766,0.47420704401962366,0.0
2006-07-28,0.9321311726616394,0.0678688273383605,0.0
2006-07-31,0.9461261100165509,0.05387388998344876,0.0
2006-08-01,0.7876284723574997,0.21237152764250053,0.0
2006-08-02,0.9584064295544078,0.04159357044559215,0.0
2006-08-03,0.9473230338213297,0.05267696617867031,0.0
2006-08-04,0.9274740378554518,0.07252596214454793,0.0
2006-08-07,0.8663803294473741,0.1336196705526259,0.0
2006-08-08,0.9661739303072254,0.03382606969277476,0.0
2006-08-09,0.962344165395368,0.037655834604631844,0.0
2006-08-10,0.9544606258521366,0.045539374147863694,0.0
2006-08-11,0.9440678414547685,0.05593215854523161,0.0
2006-08-14,0.938829299529479,0.061170700470520846,0.0
2006-08-15,0.9399645296135336,0.06003547038646636,0.0
2006-08-16,0.954415262701219,0.045584737298781056,0.0
2006-08-17,0.9294408682171993,0.0705591317828007,0.0
2006-08-18,0.9726691762804751,0.02733082371952477,0.0
2006-08-21,0.6899960716140348,0.31000392838596513,0.0
2006-08-22,0.9712798928678439,0.028720107132156097,0.0
2006-08-23,0.9608475783632973,0.03915242163670306,0.0
2006-08-24,0.9507228198087285,0.04927718019127168,0.0
2006-08-25,0.9638117725256172,0.036188227474382856,0.0
2006-08-28,0.930793866821725,0.06920613317827523,0.0
2006-08-29,0.9651551303976292,0.034844869602370925,0.0
2006-08-30,0.9686949178255597,0.03130508217444018,0.0
2006-08-31,0.9681459999231767,0.03185400007682299,0.0
2006-09-01,0.9635135618392816,0.036486438160718636,0.0
2006-09-05,0.9066393534108903,0.09336064658910942,0.0
2006-09-06,0.912387201736198,0.08761279826380206,0.0
2006-09-07,0.8667963189075593,0.13320368109244074,0.0
2006-09-08,0.921201652680646,0.07879834731935406,0.0
2006-09-11,0.2908469101792874,0.7091530898207125,0.0
2006-09-12,0.9244965398625059,0.0755034601374938,0.0
2006-09-13,0.9703082142462787,0.029691785753721188,0.0
2006-09-14,0.7595060145036397,0.24049398549636086,0.0
2006-09-15,0.9591764061655033,0.04082359383449682,0.0
2006-09-18,0.9410587239586125,0.05894127604138734,0.0
2006-09-19,0.7419331780320106,0.25806682196798864,0.0
2006-09-20,0.9650751474570798,0.03492485254291993,0.0
2006-09-21,0.965933650967709,0.03406634903229146,0.0
2006-09-22,0.8458494548945611,0.1541505451054393,0.0
2006-09-25,0.9672382230653733,0.0327617769346269,0.0
2006-09-26,0.9136712161946331,0.08632878380536664,0.0
2006-09-27,0.9605424320819294,0.03945756791807088,0.0
2006-09-28,0.9622972006894648,0.03770279931053527,0.0
2006-09-29,0.9666119650867525,0.03338803491324716,0.0
2006-10-02,0.9587691065550464,0.04123089344495349,0.0
2006-10-03,0.2999544342065511,0.7000455657934486,0.0
2006-10-04,0.9656044531477216,0.03439554685227905,0.0
2006-10-05,0.9500120063392441,0.049987993660756146,0.0
2006-10-06,0.9504245756940908,0.04957542430590957,0.0
2006-10-09,0.9561490249347597,0.043850975065239876,0.0
2006-10-10,0.9422251343237653,0.05777486567623469,0.0
2006-10-11,0.9420419299186694,0.05795807008133023,0.0
2006-10-12,0.9497640705261633,0.050235929473836774,0.0
2006-10-13,0.9396763429875513,0.060323657012448864,0.0
2006-10-16,0.9542726179826344,0.04572738201736575,0.0
2006-10-17,0.9288827320769034,0.07111726792309675,0.0
2006-10-18,0.9460047591103022,0.05399524088969783,0.0
2006-10-19,0.9301015010322425,0.06989849896775738,0.0
2006-10-20,0.9430750680468769,0.056924931953123384,0.0
2006-10-23,0.9549995272417924,0.04500047275820755,0.0
2006-10-24,0.9722949387899898,0.027705061210009645,0.0
2006-10-25,0.958090790838995,0.04190920916100511,0.0
2006-10-26,0.9489831860412761,0.05101681395872404,0.0
2006-10-27,0.9194292650891853,0.08057073491081475,0.0
2006-10-30,0.9225733824331286,0.07742661756687103,0.0
2006-10-31,0.9143784243061504,0.08562157569384993,0.0
2006-11-01,0.9655083963535825,0.03449160364641733,0.0
2006-11-02,0.9718813709630896,0.02811862903691042,0.0
2006-11-03,0.9552186898275523,0.04478131017244784,0.0
2006-11-06,0.8704873332412495,0.1295126667587506,0.0
2006-11-07,0.9598526768976221,0.040147323102377765,0.0
2006-11-08,0.9714389762866803,0.02856102371331988,0.0
2006-11-09,0.7477373731627308,0.252262626837269,0.0
2006-11-10,0.8090195198704444,0.1909804801295553,0.0
2006-11-13,0.972893488946665,0.02710651105333457,0.0
2006-11-14,0.9585299774401118,0.041470022559888395,0.0
2006-11-15,0.9716593982607991,0.028340601739200742,0.0
2006-11-16,0.852728278833634,0.14727172116636528,0.0
2006-11-17,0.9685228390138942,0.03147716098610549,0.0
2006-11-20,0.9707097508287195,0.02929024917128003,0.0
2006-11-21,0.9311576765091072,0.06884232349089245,0.0
2006-11-22,0.9544669387258461,0.04553306127415422,0.0
2006-11-27,0.8224982374247738,0.17750176257522632,0.0
2006-11-28,0.9708320828816076,0.02916791711839256,0.0
2006-11-29,0.8958277819703315,0.10417221802966847,0.0
2006-11-30,0.920533377640455,0.07946662235954498,0.0
2006-12-01,0.941735786878953,0.058264213121047216,0.0
2006-12-04,0.9227307001279664,0.07726929987203376,0.0
2006-12-05,0.9511239476288358,0.04887605237116452,0.0
2006-12-06,0.9517028750060383,0.04829712499396176,0.0
2006-12-07,0.9724768189601007,0.027523181039899598,0.0
2006-12-08,0.9608941562115316,0.03910584378846847,0.0
2006-12-11,0.9635182461367329,0.0364817538632671,0.0
2006-12-12,0.9687392942160145,0.031260705783985376,0.0
2006-12-13,0.9700818962280767,0.02991810377192313,0.0
2006-12-14,0.9521751043669701,0.047824895633030204,0.0
2006-12-15,0.968349612017429,0.031650387982571186,0.0
2006-12-18,0.9671917512340871,0.032808248765912956,0.0
2006-12-19,0.945562083337499,0.05443791666250094,0.0
2006-12-20,0.9454272538586194,0.054572746141380704,0.0
2006-12-21,0.9643043466122239,0.035695653387775875,0.0
2006-12-22,0.9659540672314056,0.03404593276859428,0.0
2006-12-26,0.9741607093601056,0.025839290639894562,0.0
2006-12-27,0.9462192187271514,0.05378078127284856,0.0
2006-12-28,0.9753944358625546,0.02460556413744562,0.0
2006-12-29,0.9686717869118059,0.03132821308819426,0.0
2007-01-03,0.8035326635152895,0.1964673364847105,0.0
2007-01-04,0.9639273065024272,0.036072693497572694,0.0
2007-01-05,0.9288742421465803,0.07112575785341987,0.0
2007-01-08,0.9733842626032384,0.026615737396761856,0.0
2007-01-09,0.9729316057115817,0.027068394288418517,0.0
2007-01-10,0.9606832843615501,0.03931671563844996,0.0
2007-01-11,0.9519180431855384,0.048081956814461826,0.0
2007-01-12,0.954297902892654,0.045702097107346004,0.0
2007-01-17,0.9735522384792559,0.026447761520744035,0.0
2007-01-18,0.9649179477461081,0.03508205225389273,0.0
2007-01-19,0.9641134963280822,0.035886503671917716,0.0
2007-01-22,0.9676716201139636,0.03232837988603657,0.0
2007-01-23,0.9081048024495523,0.09189519755044798,0.0
2007-01-24,0.9486780165593975,0.05132198344060244,0.0
2007-01-25,0.9457586206191279,0.05424137938087231,0.0
2007-01-26,0.9640828560262378,0.035917143973761875,0.0
2007-01-29,0.948752281715926,0.051247718284074185,0.0
2007-01-30,0.9460733487931297,0.05392665120686988,0.0
2007-01-31,0.9726033844375523,0.0273966155624474,0.0
2007-02-01,0.9527039904622153,0.047296009537784414,0.0
2007-02-02,0.9669260072641139,0.033073992735885696,0.0
2007-02-05,0.9728754721838541,0.02712452781614592,0.0
2007-02-06,0.9791082156553832,0.020891784344616485,0.0
2007-02-07,0.9732328489623046,0.026767151037695593,0.0
2007-02-08,0.9523928522607396,0.047607147739260676,0.0
2007-02-09,0.9736859413188962,0.026314058681103293,0.0
2007-02-12,0.9340474836720537,0.06595251632794626,0.0
2007-02-13,0.966274573787369,0.033725426212630645,0.0
2007-02-14,0.9363830821998769,0.06361691780012288,0.0
2007-02-15,0.9759394769308292,0.024060523069170937,0.0
2007-02-16,0.9689019566474718,0.031098043352528238,0.0
2007-02-20,0.9677623186441787,0.032237681355821356,0.0
2007-02-21,0.8530282502569291,0.14697174974307078,0.0
2007-02-22,0.9692193553205124,0.030780644679487407,0.0
2007-02-23,0.9736594683864664,0.026340531613533745,0.0
2007-02-26,0.974016114933845,0.025983885066155527,0.0
2007-02-27,0.011783598732802603,0.9882164012671977,0.0
2007-02-28,0.8478329925778956,0.1521670074221046,0.0
2007-03-01,0.9483526530257407,0.05164734697425919,0.0
2007-03-02,0.8929203626221017,0.1070796373778985,0.0
2007-03-05,0.747676967814218,0.25232303218578184,0.0
2007-03-06,0.9054755859301764,0.09452441406982362,0.0
2007-03-07,0.973049399011917,0.02695060098808332,0.0
2007-03-08,0.94431571290499,0.05568428709501013,0.0
2007-03-09,0.9696856229634623,0.03031437703653741,0.0
2007-03-12,0.9708337786833307,0.02916622131666956,0.0
2007-03-13,0.7202235210428384,0.27977647895716184,0.0
2007-03-14,0.8600362244096225,0.13996377559037715,0.0
2007-03-15,0.9428327559207652,0.05716724407923446,0.0
2007-03-16,0.971547603604192,0.02845239639580747,0.0
2007-03-19,0.9285863892505499,0.07141361074944988,0.0
2007-03-20,0.9743091387308717,0.025690861269128524,0.0
2007-03-21,0.9564013676396754,0.043598632360324366,0.0
2007-03-22,0.8959909082845245,0.1040090917154759,0.0
2007-03-23,0.9761418193196466,0.023858180680353672,0.0
2007-03-26,0.9743684394017734,0.025631560598226633,0.0
2007-03-27,0.9718214039216566,0.028178596078343554,0.0
2007-03-28,0.9505927610626701,0.049407238937329775,0.0
2007-03-29,0.9637036694253924,0.036296330574607454,0.0
2007-03-30,0.9787378613691325,0.021262138630867,0.0
2007-04-02,0.9691673239540256,0.030832676045974294,0.0
2007-04-03,0.9439156090960749,0.056084390903925065,0.0
2007-04-04,0.9777398676434338,0.022260132356566282,0.0
2007-04-05,0.9770408924485914,0.022959107551408182,0.0
2007-04-09,0.9731029985678257,0.026897001432173967,0.0
2007-04-10,0.9779429926143198,0.022057007385679894,0.0
2007-04-11,0.97473477330738,0.02526522669262039,0.0
2007-04-12,0.9795643984729011,0.020435601527099,0.0
2007-04-13,0.9653042964091785,0.03469570359082138,0.0
2007-04-16,0.9308510309745817,0.06914896902541835,0.0
2007-04-17,0.972043367675402,0.02795663232459793,0.0
2007-04-18,0.9714986080115576,0.028501391988441798,0.0
2007-04-19,0.9465920156463771,0.05340798435362334,0.0
2007-04-20,0.9626880965476117,0.03731190345238874,0.0
2007-04-23,0.9732191394543918,0.026780860545608614,0.0
2007-04-24,0.9576361143699355,0.0423638856300644,0.0
2007-04-25,0.9695681928639572,0.030431807136042405,0.0
2007-04-26,0.9504951849023543,0.04950481509764555,0.0
2007-04-27,0.9747557519335844,0.025244248066415516,0.0
2007-04-30,0.9521913123242337,0.04780868767576636,0.0
2007-05-01,0.9786050813483165,0.021394918651683335,0.0
2007-05-02,0.9389504454496563,0.06104955455034348,0.0
2007-05-03,0.9762596961767187,0.02374030382328137,0.0
2007-05-04,0.9808404412957115,0.019159558704288412,0.0
2007-05-07,0.9745677689262575,0.025432231073742047,0.0
2007-05-08,0.973829449844188,0.026170550155812038,0.0
2007-05-09,0.9800179045743999,0.019982095425599953,0.0
2007-05-10,0.9290122792814138,0.07098772071858599,0.0
2007-05-11,0.9748436986841366,0.025156301315863237,0.0
2007-05-14,0.9737995236075206,0.026200476392479622,0.0
2007-05-15,0.9817997806234194,0.018200219376580343,0.0
2007-05-16,0.9771113571748907,0.022888642825109204,0.0
2007-05-17,0.9757476553026795,0.024252344697320127,0.0
2007-05-18,0.977209810681571,0.022790189318428584,0.0
2007-05-21,0.9807561500970212,0.019243849902978734,0.0
2007-05-22,0.9519430526921437,0.04805694730785621,0.0
2007-05-23,0.9779870671015773,0.022012932898422776,0.0
2007-05-24,0.9438123130031284,0.05618768699687152,0.0
2007-05-25,0.9806403474892103,0.019359652510790155,0.0
2007-05-29,0.9713748106725962,0.02862518932740374,0.0
2007-05-30,0.9810660153005738,0.018933984699425838,0.0
2007-05-31,0.9729147725331602,0.027085227466839994,0.0
2007-06-01,0.9694614245829853,0.03053857541701474,0.0
2007-06-04,0.9760328504627921,0.02396714953720758,0.0
2007-06-05,0.9769200578211412,0.02307994217885871,0.0
2007-06-06,0.913064352688643,0.08693564731135658,0.0
2007-06-07,0.8533233534104554,0.14667664658954466,0.0
2007-06-08,0.9120857829141201,0.08791421708587994,0.0
2007-06-11,0.9756194585697395,0.02438054143026006,0.0
2007-06-12,0.95906486877781,0.04093513122218963,0.0
2007-06-13,0.9733027727811987,0.02669722721880135,0.0
2007-06-14,0.9606741449635263,0.03932585503647357,0.0
2007-06-15,0.9717074763766128,0.02829252362338764,0.0
2007-06-18,0.9811672449964186,0.01883275500358133,0.0
2007-06-19,0.9456741788405217,0.05432582115947791,0.0
2007-06-20,0.9662595417102813,0.03374045828971885,0.0
2007-06-21,0.9720725121821877,0.027927487817811923,0.0
2007-06-22,0.9427199343910104,0.05728006560898956,0.0
2007-06-25,0.955172038964711,0.044827961035288806,0.0
2007-06-26,0.9456856858798302,0.054314314120169925,0.0
2007-06-27,0.9746871670087721,0.025312832991227763,0.0
2007-06-28,0.9782282743036331,0.021771725696367268,0.0
2007-06-29,0.9826896121894574,0.01731038781054288,0.0
2007-07-02,0.9642113618162579,0.035788638183741714,0.0
2007-07-03,0.9745481068119505,0.025451893188049635,0.0
2007-07-05,0.9742268734031034,0.02577312659689618,0.0
2007-07-06,0.9558847772850028,0.044115222714997085,0.0
2007-07-09,0.9826749051555105,0.01732509484448971,0.0
2007-07-10,0.8119726078453022,0.18802739215469783,0.0
2007-07-11,0.9785589951615021,0.021441004838497913,0.0
2007-07-12,0.8904400455006634,0.10955995449933664,0.0
2007-07-13,0.9798256454182998,0.020174354581700447,0.0
2007-07-16,0.9391834663568446,0.060816533643155216,0.0
2007-07-17,0.9780348259479732,0.021965174052026692,0.0
2007-07-18,0.817273194671991,0.18272680532800906,0.0
2007-07-19,0.9750170925690357,0.024982907430964034,0.0
2007-07-20,0.8760373927417445,0.12396260725825567,0.0
2007-07-23,0.9482577023360511,0.0517422976639486,0.0
2007-07-24,0.8230423621034431,0.1769576378965569,0.0
2007-07-25,0.974451098816614,0.02554890118338606,0.0
2007-07-26,0.5265657318607443,0.4734342681392555,0.0
2007-07-27,0.7665353989612051,0.23346460103879454,0.0
2007-07-30,0.9535808650596703,0.04641913494032965,0.0
2007-07-31,0.9794442102734914,0.020555789726508487,0.0
2007-08-01,0.950200239148943,0.04979976085105678,0.0
2007-08-02,0.9784808654242975,0.021519134575702346,0.0
2007-08-03,0.7709582479547693,0.2290417520452307,0.0
2007-08-06,0.926510228370617,0.07348977162938272,0.0
2007-08-07,0.9791408055145722,0.02085919448542829,0.0
2007-08-08,0.8404971128101176,0.1595028871898827,0.0
2007-08-09,0.7067421340934823,0.2932578659065178,0.0
2007-08-10,0.7291597044582258,0.2708402955417745,0.0
2007-08-13,0.9687950063151504,0.031204993684849414,0.0
2007-08-14,0.8497741246732581,0.15022587532674206,0.0
2007-08-15,0.7611281305392499,0.2388718694607496,0.0
2007-08-16,0.14063638040218915,0.859363619597811,0.0
2007-08-17,0.9276428529961637,0.07235714700383597,0.0
2007-08-20,0.909895184759214,0.09010481524078598,0.0
2007-08-21,0.9823167769986579,0.017683223001341796,0.0
2007-08-22,0.9219382554482015,0.07806174455179873,0.0
2007-08-23,0.9658855652930679,0.03411443470693208,0.0
2007-08-24,0.9794266962091489,0.020573303790850726,0.0
2007-08-27,0.9731871395906451,0.02681286040935475,0.0
2007-08-28,0.7675953104000331,0.23240468959996666,0.0
2007-08-29,0.956772334083778,0.04322766591622197,0.0
2007-08-30,0.9849679986397846,0.015032001360215477,0.0
2007-08-31,0.9265279185494748,0.07347208145052475,0.0
2007-09-04,0.9697316176394273,0.030268382360573387,0.0
2007-09-05,0.8404245326948419,0.15957546730515806,0.0
2007-09-06,0.6184144996763649,0.38158550032363514,0.0
2007-09-07,0.7187815428917184,0.28121845710828186,0.0
2007-09-10,0.9530750708104702,0.04692492918953003,0.0
2007-09-11,0.9286966071245653,0.0713033928754347,0.0
2007-09-12,0.9777533718819766,0.022246628118023196,0.0
2007-09-13,0.9665637560465996,0.033436243953400537,0.0
2007-09-14,0.9834871800853708,0.01651281991462951,0.0
2007-09-17,0.9504371217385676,0.04956287826143277,0.0
2007-09-18,0.8353646071133468,0.1646353928866529,0.0
2007-09-19,0.8195901313109275,0.18040986868907258,0.0
2007-09-20,0.9033591006664621,0.096640899333538,0.0
2007-09-21,0.9798326138690066,0.020167386130993288,0.0
2007-09-24,0.9831181350918599,0.016881864908140806,0.0
2007-09-25,0.9712583255013818,0.0287416744986184,0.0
2007-09-26,0.9547853201667363,0.04521467983326367,0.0
2007-09-27,0.9774026186860347,0.022597381313965152,0.0
2007-09-28,0.9581552897984024,0.04184471020159751,0.0
2007-10-01,0.9679068422109396,0.03209315778906082,0.0
2007-10-02,0.9384520894769478,0.06154791052305238,0.0
2007-10-03,0.9829491860359802,0.0170508139640197,0.0
2007-10-04,0.9788607665575437,0.02113923344245654,0.0
2007-10-05,0.9463940130050427,0.053605986994957236,0.0
2007-10-08,0.9534289680826034,0.04657103191739663,0.0
2007-10-09,0.9770362193025738,0.022963780697426443,0.0
2007-10-10,0.9818177400197035,0.018182259980296236,0.0
2007-10-11,0.9835409272429582,0.01645907275704159,0.0
2007-10-12,0.9793171451181866,0.02068285488181361,0.0
2007-10-15,0.9583533470978942,0.041646652902105695,0.0
2007-10-16,0.9429246780651553,0.05707532193484451,0.0
2007-10-17,0.9601858661945034,0.039814133805496504,0.0
2007-10-18,0.9573673481310296,0.04263265186896992,0.0
2007-10-19,0.7593709744763506,0.2406290255236494,0.0
2007-10-22,0.935527842358708,0.06447215764129184,0.0
2007-10-23,0.9346283555041918,0.06537164449580811,0.0
2007-10-24,0.9706055165769621,0.029394483423038364,0.0
2007-10-25,0.9792351259266555,0.02076487407334515,0.0
2007-10-26,0.9508095787834362,0.049190421216563605,0.0
2007-10-29,0.9792860706056674,0.020713929394332566,0.0
2007-10-30,0.9567146244001918,0.043285375599808176,0.0
2007-10-31,0.9198161000556005,0.0801838999443992,0.0
2007-11-01,0.8145544451801537,0.18544555481984637,0.0
2007-11-02,0.8913232575795521,0.10867674242044771,0.0
2007-11-05,0.9597889668307377,0.04021103316926209,0.0
2007-11-06,0.9718652962603815,0.02813470373961821,0.0
2007-11-07,0.8177038499160103,0.18229615008398992,0.0
2007-11-08,0.9701655850622186,0.029834414937780968,0.0
2007-11-09,0.797447133808296,0.202552866191704,0.0
2007-11-12,0.06883139491795123,0.9311686050820489,0.0
2007-11-13,0.8529874187286617,0.1470125812713386,0.0
2007-11-14,0.9836945479542524,0.01630545204574755,0.0
2007-11-15,0.8295935298530503,0.17040647014694937,0.0
2007-11-16,0.9804819319916612,0.0195180680083388,0.0
2007-11-19,0.7463073275607863,0.2536926724392137,0.0
2007-11-20,0.9512581146700487,0.0487418853299513,0.0
2007-11-21,0.7348116462975735,0.26518835370242677,0.0
2007-11-23,0.9431403078228996,0.05685969217710026,0.0
2007-11-26,0.8501554505701081,0.149844549429892,0.0
2007-11-27,0.9532494641136843,0.04675053588631569,0.0
2007-11-28,0.23906451642377058,0.760935483576229,0.0
2007-11-29,0.9834063313623627,0.016593668637636984,0.0
2007-11-30,0.9359704696016944,0.06402953039830546,0.0
2007-12-03,0.9726838847196573,0.027316115280342945,0.0
2007-12-04,0.941717591881598,0.05828240811840167,0.0
2007-12-05,0.9047317596702651,0.09526824032973505,0.0
2007-12-06,0.9574887441299827,0.04251125587001737,0.0
2007-12-07,0.9818797025447805,0.018120297455219227,0.0
2007-12-10,0.9867733865900895,0.013226613409910114,0.0
2007-12-11,0.721790440069483,0.2782095599305171,0.0
2007-12-12,0.9593943837230732,0.040605616276926805,0.0
2007-12-13,0.9073143165324552,0.0926856834675446,0.0
2007-12-14,0.9281942185318343,0.07180578146816542,0.0
2007-12-17,0.7950745250910616,0.20492547490893828,0.0
2007-12-18,0.9820318216530073,0.01796817834699282,0.0
2007-12-19,0.984390062901719,0.015609937098281106,0.0
2007-12-20,0.9885822737489767,0.011417726251023701,0.0
2007-12-21,0.8585191978518149,0.14148080214818498,0.0
2007-12-24,0.987626584923088,0.012373415076912373,0.0
2007-12-26,0.9830145127570198,0.016985487242979665,0.0
2007-12-27,0.9779573920591581,0.022042607940842104,0.0
2007-12-28,0.8552491596074698,0.1447508403925299,0.0
2007-12-31,0.9782417535421699,0.02175824645782985,0.0
2008-01-02,0.05512484865707257,0.9448751513429275,0.0
2008-01-03,0.9585858055627418,0.04141419443725835,0.0
2008-01-04,0.6170860963860278,0.3829139036139722,0.0
2008-01-07,0.9791845237590895,0.020815476240910343,0.0
2008-01-08,0.8835841572389084,0.11641584276109178,0.0
2008-01-09,0.9854289255262266,0.014571074473773395,0.0
2008-01-10,0.9740396599241722,0.02596034007582742,0.0
2008-01-11,0.9329351742779043,0.06706482572209568,0.0
2008-01-14,0.9800220123331951,0.01997798766680488,0.0
2008-01-15,0.5647908444539695,0.43520915554603035,0.0
2008-01-16,0.7901075035556164,0.20989249644438385,0.0
2008-01-17,0.884493942835363,0.11550605716463683,0.0
2008-01-18,0.9637008800502131,0.036299119949787115,0.0
2008-01-22,0.8752852177314343,0.12471478226856592,0.0
2008-01-23,0.83148782878682,0.16851217121317977,0.0
2008-01-24,0.21990345497354413,0.7800965450264559,0.0
2008-01-25,0.9784194396091083,0.021580560390891908,0.0
2008-01-28,0.9828466320897167,0.017153367910283178,0.0
2008-01-29,0.9292898692589698,0.07071013074103023,0.0
2008-01-30,0.9733475166959978,0.026652483304002245,0.0
2008-01-31,0.8706208668802189,0.12937913311978158,0.0
2008-02-01,0.8649801989820919,0.13501980101790761,0.0
2008-02-04,0.9567532836678835,0.04324671633211651,0.0
2008-02-05,0.18238969964570512,0.8176103003542946,0.0
2008-02-06,0.970300624607283,0.02969937539271673,0.0
2008-02-07,0.9380270727506969,0.0619729272493031,0.0
2008-02-08,0.9266726108130703,0.07332738918692985,0.0
2008-02-11,0.9900943652787717,0.009905634721228596,0.0
2008-02-12,0.44006499471710864,0.5599350052828912,0.0
2008-02-13,0.9865504353688589,0.013449564631140887,0.0
2008-02-14,0.9231578930914341,0.0768421069085657,0.0
2008-02-15,0.978220443313144,0.021779556686855748,0.0
2008-02-19,0.8158184664521398,0.1841815335478601,0.0
2008-02-20,0.9458385272104815,0.054161472789518585,0.0
2008-02-21,0.98137506435351,0.018624935646490037,0.0
2008-02-22,0.9890023847754884,0.010997615224511693,0.0
2008-02-25,0.8765010937114596,0.12349890628854021,0.0
2008-02-26,0.9829719432465509,0.017028056753449407,0.0
2008-02-27,0.9603717851214532,0.03962821487854677,0.0
2008-02-28,0.7730606206664781,0.2269393793335218,0.0
2008-02-29,0.46043632216566294,0.5395636778343371,0.0
2008-03-03,0.8082380306693135,0.1917619693306863,0.0
2008-03-04,0.9180523216806356,0.0819476783193644,0.0
2008-03-05,0.8583696849694371,0.14163031503056295,0.0
2008-03-06,0.882318127598818,0.11768187240118186,0.0
2008-03-07,0.9279790352633072,0.0720209647366932,0.0
2008-03-10,0.7792527988216762,0.22074720117832358,0.0
2008-03-11,0.09638072411701457,0.9036192758829852,0.0
2008-03-12,0.9757364707213538,0.02426352927864647,0.0
2008-03-13,0.7381566728786793,0.26184332712132075,0.0
2008-03-14,0.7881675805927223,0.2118324194072776,0.0
2008-03-17,6.978398231439334e-05,0.9999302160176858,0.0
2008-03-18,9.588801430182904e-06,0.9999904111985696,0.0
2008-03-19,0.0803632075773185,0.9196367924226813,0.0
2008-03-20,0.8595699893493481,0.1404300106506521,0.0
2008-03-24,0.9171961575057355,0.08280384249426463,0.0
2008-03-25,0.8283722761399606,0.17162772386003933,0.0
2008-03-26,0.9641803448443256,0.03581965515567414,0.0
2008-03-27,0.9849341364064264,0.01506586359357324,0.0
2008-03-28,0.9781991441647744,0.021800855835226014,0.0
2008-03-31,0.9568220538816474,0.04317794611835269,0.0
2008-04-01,0.0012789712021694939,0.9987210287978305,0.0
2008-04-02,0.9522367058377329,0.04776329416226726,0.0
2008-04-03,0.9898588932433837,0.010141106756616237,0.0
2008-04-04,0.9764538942500696,0.02354610574993069,0.0
2008-04-07,0.9744177932149307,0.025582206785069332,0.0
2008-04-08,0.980613097897265,0.019386902102734867,0.0
2008-04-09,0.8752182787312126,0.12478172126878743,0.0
2008-04-10,0.9781332942633494,0.02186670573665093,0.0
2008-04-11,0.932926912091442,0.06707308790855801,0.0
2008-04-14,0.9748276500276042,0.025172349972396056,0.0
2008-04-15,0.9789575734256946,0.021042426574305495,0.0
2008-04-16,0.6358175297039146,0.36418247029608525,0.0
2008-04-17,0.9826086540342652,0.017391345965734238,0.0
2008-04-18,0.4265006940937373,0.5734993059062626,0.0
2008-04-21,0.9183360431660903,0.0816639568339095,0.0
2008-04-22,0.97267461196532,0.027325388034679564,0.0
2008-04-23,0.9368095762016336,0.06319042379836606,0.0
2008-04-24,0.8554756167334354,0.14452438326656447,0.0
2008-04-25,0.9804762541373823,0.01952374586261813,0.0
2008-04-28,0.9837813170609216,0.01621868293907841,0.0
2008-04-29,0.8465423810443294,0.15345761895567037,0.0
2008-04-30,0.9233741684247025,0.07662583157529725,0.0
2008-05-01,0.8937749717086986,0.10622502829130138,0.0
2008-05-02,0.8845312343943231,0.11546876560567658,0.0
2008-05-05,0.9777452396552854,0.0222547603447145,0.0
2008-05-06,0.9891567206390443,0.010843279360956278,0.0
2008-05-07,0.9653536340387415,0.0346463659612583,0.0
2008-05-08,0.894590293484515,0.10540970651548476,0.0
2008-05-09,0.9535407941678191,0.04645920583218091,0.0
2008-05-12,0.9841329424872916,0.01586705751270864,0.0
2008-05-13,0.9768143919772205,0.02318560802277994,0.0
2008-05-14,0.9737940643867304,0.026205935613269483,0.0
2008-05-15,0.9485723825991257,0.05142761740087448,0.0
2008-05-16,0.9834898398830983,0.016510160116901457,0.0
2008-05-19,0.9891566156611186,0.010843384338881771,0.0
2008-05-20,0.8868099869423395,0.11319001305766037,0.0
2008-05-21,0.9083672646066304,0.09163273539336916,0.0
2008-05-22,0.9737645666657091,0.026235433334290535,0.0
2008-05-23,0.9537362124326089,0.046263787567391274,0.0
2008-05-27,0.961264420981309,0.03873557901869085,0.0
2008-05-28,0.9890983806849863,0.010901619315013163,0.0
2008-05-29,0.5131385867464247,0.4868614132535753,0.0
2008-05-30,0.988394613335408,0.011605386664591964,0.0
2008-06-02,0.9818456905390042,0.018154309460995836,0.0
2008-06-03,0.9890426707159214,0.010957329284078072,0.0
2008-06-04,0.9880340533286269,0.011965946671373037,0.0
2008-06-05,0.9565340487691563,0.04346595123084372,0.0
2008-06-06,0.20866999056870433,0.7913300094312959,0.0
2008-06-09,0.9685025239334655,0.03149747606653437,0.0
2008-06-10,0.4614618668287866,0.538538133171213,0.0
2008-06-11,0.7355597326354688,0.2644402673645313,0.0
2008-06-12,0.9057926865473644,0.09420731345263555,0.0
2008-06-13,0.9775185439330759,0.022481456066924088,0.0
2008-06-16,0.9914013872013685,0.008598612798631354,0.0
2008-06-17,0.992847538798961,0.0071524612010387375,0.0
2008-06-18,0.9661557798763777,0.03384422012362209,0.0
2008-06-19,0.9774848829246479,0.022515117075352555,0.0
2008-06-20,0.8341254628585792,0.16587453714142086,0.0
2008-06-23,0.9845251756774103,0.015474824322589713,0.0
2008-06-24,0.986914633652473,0.013085366347526838,0.0
2008-06-25,0.9911773747569128,0.008822625243087075,0.0
2008-06-26,0.006403893867753601,0.9935961061322466,0.0
2008-06-27,0.9125854417255617,0.08741455827443835,0.0
2008-06-30,0.9917184292339357,0.008281570766064191,0.0
2008-07-01,0.981825222394203,0.018174777605797006,0.0
2008-07-02,0.7173412763024065,0.28265872369759376,0.0
2008-07-03,0.9923014616235981,0.007698538376401847,0.0
2008-07-07,0.9345302225499118,0.06546977745008853,0.0
2008-07-08,0.8301015814324023,0.16989841856759777,0.0
2008-07-09,0.989872658916488,0.01012734108351242,0.0
2008-07-10,0.9703461655386052,0.029653834461395016,0.0
2008-07-11,0.43903971616272336,0.5609602838372767,0.0
2008-07-14,0.9172305307464965,0.08276946925350359,0.0
2008-07-15,0.540132333281589,0.45986766671841084,0.0
2008-07-16,0.6251885228441699,0.37481147715583,0.0
2008-07-17,0.18491953423111138,0.8150804657688887,0.0
2008-07-18,0.9525138274183954,0.047486172581604355,0.0
2008-07-21,0.9888861059357325,0.011113894064267786,0.0
2008-07-22,0.8730481235409286,0.1269518764590714,0.0
2008-07-23,0.3731864033248428,0.626813596675157,0.0
2008-07-24,0.9161765887228727,0.08382341127712718,0.0
2008-07-25,0.9889897098607421,0.011010290139257545,0.0
2008-07-28,0.935723179684609,0.06427682031539114,0.0
2008-07-29,0.9591942279955278,0.040805772004472725,0.0
2008-07-30,0.9505708401799724,0.04942915982002791,0.0
2008-07-31,0.9818619032945504,0.018138096705449414,0.0
2008-08-01,0.948765160479932,0.05123483952006781,0.0
2008-08-04,0.6672057352069721,0.33279426479302826,0.0
2008-08-05,0.02274923483196099,0.9772507651680392,0.0
2008-08-06,0.9162862862709616,0.08371371372903844,0.0
2008-08-07,0.9762947146318259,0.02370528536817416,0.0
2008-08-08,0.14776567821134154,0.8522343217886583,0.0
2008-08-11,0.13508948503505946,0.8649105149649403,0.0
2008-08-12,0.8416635369207407,0.15833646307925964,0.0
2008-08-13,0.034590456971391854,0.9654095430286082,0.0
2008-08-14,0.8719401986148845,0.1280598013851154,0.0
2008-08-15,0.9441670981234105,0.0558329018765895,0.0
2008-08-18,0.9916393612233995,0.008360638776600546,0.0
2008-08-19,0.7021847498329586,0.2978152501670412,0.0
2008-08-20,0.9959524552370803,0.004047544762919938,0.0
2008-08-21,0.5178459245206782,0.4821540754793216,0.0
2008-08-22,0.4506284818482255,0.5493715181517744,0.0
2008-08-25,0.9932386272803401,0.0067613727196597405,0.0
2008-08-26,0.9959434821689943,0.0040565178310060426,0.0
2008-08-27,0.9941275661354523,0.005872433864547571,0.0
2008-08-28,0.7701180029258087,0.22988199707419152,0.0
2008-08-29,0.9943910905105972,0.005608909489403041,0.0
2008-09-02,0.3537041883686666,0.6462958116313336,0.0
2008-09-03,0.9861204374598133,0.013879562540186472,0.0
2008-09-04,0.4321615778367616,0.5678384221632384,0.0
2008-09-05,0.6683055253548181,0.331694474645182,0.0
2008-09-08,0.003556700264913358,0.9964432997350869,0.0
2008-09-09,0.0024303090042210583,0.9975696909957792,0.0
2008-09-10,0.25969166287257783,0.7403083371274224,0.0
2008-09-11,0.9817141981381224,0.018285801861877456,0.0
2008-09-12,0.013010825854007637,0.9869891741459924,0.0
2008-09-15,6.882453252582762e-06,0.9999931175467474,0.0
2008-09-16,0.0001322566934360585,0.9998677433065639,0.0
2008-09-17,1.7788656245561424e-12,0.9999999999982212,0.0
2008-09-18,0.10334444275291746,0.8966555572470828,0.0
2008-09-19,2.8889965471158837e-07,0.999999711100345,0.0
2008-09-22,2.8255228037490596e-05,0.9999717447719625,0.0
2008-09-23,0.9302432943052006,0.06975670569479925,0.0
2008-09-24,0.9947830226938578,0.005216977306142323,0.0
2008-09-25,0.15094046078077025,0.84905953921923,0.0
2008-09-26,0.5881282883730007,0.4118717116269993,0.0
2008-09-29,1.455146221000625e-12,0.9999999999985448,0.0
2008-09-30,1.68046127626725e-08,0.9999999831953872,0.0
2008-10-01,0.9897347970838792,0.010265202916120573,0.0
2008-10-02,2.400673329379633e-10,0.9999999997599327,0.0
2008-10-03,0.9939264307864883,0.0060735692135114525,0.0
2008-10-06,3.430811689609774e-11,0.9999999999656918,0.0
2008-10-07,0.045820818297634555,0.9541791817023656,0.0
2008-10-08,3.477606869720437e-32,1.0,0.0
2008-10-09,3.1669312194564914e-06,0.9999968330687807,0.0
2008-10-10,4.908128480327344e-10,0.9999999995091873,0.0
2008-10-13,6.073304326693115e-18,1.0,0.0
2008-10-14,0.113444367833711,0.886555632166289,0.0
2008-10-15,1.6038187740777663e-12,0.9999999999983966,0.0
2008-10-16,0.22707792723323608,0.772922072766764,0.0
2008-10-17,0.11544475549808693,0.8845552445019129,0.0
2008-10-20,1.3939434712325442e-06,0.9999986060565288,0.0
2008-10-21,0.0010853549649654346,0.9989146450350347,0.0
2008-10-22,6.788478091423779e-16,0.9999999999999993,0.0
2008-10-23,0.6060959046372802,0.3939040953627197,0.0
2008-10-24,3.287023890635055e-16,0.9999999999999997,0.0
2008-10-27,1.3787153584642043e-09,0.9999999986212849,0.0
2008-10-28,1.233784041023252e-15,0.9999999999999988,0.0
2008-10-29,6.439632920877948e-05,0.9999356036707912,0.0
2008-10-30,3.852385522252202e-06,0.9999961476144776,0.0
2008-10-31,0.01097050729827348,0.9890294927017265,0.0
2008-11-03,0.9946521743021985,0.005347825697801105,0.0
2008-11-04,6.750706159776327e-08,0.9999999324929384,0.0
2008-11-05,0.0663704075464745,0.9336295924535256,0.0
2008-11-06,3.381325924906958e-07,0.9999996618674075,0.0
2008-11-07,0.7965286124210905,0.2034713875789096,0.0
2008-11-10,0.8130515520520488,0.18694844794795124,0.0
2008-11-11,0.009434069952424755,0.990565930047575,0.0
2008-11-12,1.3722261975217019e-05,0.999986277738025,0.0
2008-11-13,5.319158719596708e-07,0.999999468084128,0.0
2008-11-14,0.41101677054466484,0.5889832294553354,0.0
2008-11-17,0.6917679903836,0.3082320096164003,0.0
2008-11-18,0.9941545957670614,0.005845404232938916,0.0
2008-11-19,4.2953126921438854e-05,0.999957046873079,0.0
2008-11-20,1.5422443412197535e-10,0.9999999998457755,0.0
2008-11-21,2.8479141116352406e-32,1.0,0.0
2008-11-24,7.059946347079095e-08,0.9999999294005366,0.0
2008-11-25,0.05583276341628364,0.9441672365837164,0.0
2008-11-26,0.8535058188915572,0.14649418110844306,0.0
2008-11-28,0.9640519563105006,0.035948043689499304,0.0
2008-12-01,7.978682479868503e-13,0.9999999999992022,0.0
2008-12-02,0.0028073638239005955,0.9971926361760994,0.0
2008-12-03,0.052563318158871095,0.9474366818411288,0.0
2008-12-04,0.37919635818604047,0.6208036418139594,0.0
2008-12-05,0.03957878607742736,0.9604212139225723,0.0
2008-12-08,5.803219542133886e-05,0.9999419678045788,0.0
2008-12-09,0.9832390452258213,0.01676095477417847,0.0
2008-12-10,0.007019228051752528,0.9929807719482477,0.0
2008-12-11,0.25183558993540245,0.7481644100645972,0.0
2008-12-12,0.6677556097785745,0.3322443902214256,0.0
2008-12-15,0.22189657782602373,0.7781034221739768,0.0
2008-12-16,0.0728883138100988,0.9271116861899008,0.0
2008-12-17,5.743476521667715e-08,0.9999999425652346,0.0
2008-12-18,0.03908429543874117,0.9609157045612589,0.0
2008-12-19,0.002727467548593155,0.9972725324514066,0.0
2008-12-22,0.9734103112134829,0.026589688786516984,0.0
2008-12-23,0.97448679363426,0.025513206365739706,0.0
2008-12-26,0.9609742383275132,0.039025761672486524,0.0
2008-12-29,0.9715788779973712,0.02842112200262853,0.0
2008-12-30,0.9362936676381441,0.06370633236185623,0.0
2008-12-31,0.2625492379222941,0.7374507620777059,0.0
2009-01-02,0.11084805514854212,0.8891519448514581,0.0
2009-01-05,0.052137752221773095,0.9478622477782268,0.0
2009-01-06,0.061336430229826246,0.9386635697701736,0.0
2009-01-07,7.05044235454279e-06,0.9999929495576454,0.0
2009-01-08,0.0072310665033128605,0.9927689334966873,0.0
2009-01-09,0.7671722581413418,0.2328277418586579,0.0
2009-01-12,0.12671746635694098,0.8732825336430594,0.0
2009-01-13,0.38620691875967494,0.613793081240325,0.0
2009-01-14,0.18157306335119433,0.8184269366488058,0.0
2009-01-15,0.20097736214207948,0.7990226378579204,0.0
2009-01-16,0.9578810450629733,0.04211895493702676,0.0
2009-01-20,1.3734948807208932e-05,0.9999862650511929,0.0
2009-01-21,0.059463682118930716,0.9405363178810688,0.0
2009-01-22,0.9901846596472502,0.009815340352749937,0.0
2009-01-23,2.4500727987362693e-05,0.9999754992720126,0.0
2009-01-26,0.4093255019959801,0.59067449800402,0.0
2009-01-27,0.012325528923477064,0.9876744710765228,0.0
2009-01-28,0.09541016316505753,0.9045898368349427,0.0
2009-01-29,0.0013709415875589252,0.9986290584124408,0.0
2009-01-30,0.552182035605164,0.4478179643948358,0.0
2009-02-02,0.9777022412283669,0.022297758771633223,0.0
2009-02-03,0.90521756181623,0.09478243818377016,0.0
2009-02-04,0.9768120390039292,0.02318796099607083,0.0
2009-02-05,0.990219830962892,0.009780169037108202,0.0
2009-02-06,0.9035637249942691,0.09643627500573072,0.0
2009-02-09,0.8516506559674591,0.14834934403254074,0.0
2009-02-10,0.030254105035648893,0.9697458949643514,0.0
2009-02-11,0.012031448890185767,0.9879685511098143,0.0
2009-02-12,0.985186068377682,0.014813931622317858,0.0
2009-02-13,0.9932937953838277,0.00670620461617203,0.0
2009-02-17,1.7484846884457728e-07,0.9999998251515312,0.0
2009-02-18,0.6953284215223333,0.30467157847766657,0.0
2009-02-19,0.2120605524098253,0.7879394475901746,0.0
2009-02-20,0.00909445975236908,0.990905540247631,0.0
2009-02-23,0.8054927091636774,0.19450729083632262,0.0
2009-02-24,5.828640838141673e-06,0.9999941713591618,0.0
2009-02-25,0.8755338677827336,0.12446613221726618,0.0
2009-02-26,0.9798617245636375,0.020138275436362586,0.0
2009-02-27,0.933055468167128,0.06694453183287194,0.0
2009-03-02,0.00012171512409193178,0.9998782848759078,0.0
2009-03-03,0.665487283814703,0.33451271618529693,0.0
2009-03-04,0.010597194156167868,0.9894028058438318,0.0
2009-03-05,1.9404559277481184e-07,0.9999998059544073,0.0
2009-03-06,0.947987100232857,0.05201289976714293,0.0
2009-03-09,0.745488678766318,0.2545113212336819,0.0
2009-03-10,1.2827084132459252e-11,0.9999999999871729,0.0
2009-03-11,0.015185182609205868,0.9848148173907946,0.0
2009-03-12,0.7698279836538162,0.23017201634618356,0.0
2009-03-13,0.9753712965572374,0.024628703442762835,0.0
2009-03-16,0.9486130073489637,0.05138699265103645,0.0
2009-03-17,0.6997731103095076,0.30022688969049194,0.0
2009-03-18,3.933178869847328e-07,0.999999606682113,0.0
2009-03-19,6.9673474464427824e-12,0.9999999999930328,0.0
2009-03-20,0.6397292840858415,0.36027071591415866,0.0
2009-03-23,1.810371053834644e-05,0.9999818962894619,0.0
2009-03-24,0.9899883889365416,0.010011611063458376,0.0
2009-03-25,0.8870523346187662,0.11294766538123388,0.0
2009-03-26,0.973159120550088,0.026840879449912335,0.0
2009-03-27,0.7913042223018094,0.2086957776981906,0.0
2009-03-30,0.002736685190310047,0.99726331480969,0.0
2009-03-31,0.7056452823432303,0.29435471765676946,0.0
2009-04-01,0.477268824569167,0.5227311754308328,0.0
2009-04-02,2.3935931082921572e-09,0.9999999976064073,0.0
2009-04-03,0.08521337631672807,0.9147866236832721,0.0
2009-04-06,0.9722519290972611,0.02774807090273921,0.0
2009-04-07,0.7981936801346781,0.20180631986532233,0.0
2009-04-08,0.9942096420779588,0.005790357922040872,0.0
2009-04-09,0.10060942983148784,0.8993905701685124,0.0
2009-04-13,0.9608818867449518,0.03911811325504786,0.0
2009-04-14,0.9891172488877089,0.010882751112291044,0.0
2009-04-15,0.9927791727746691,0.007220827225331269,0.0
2009-04-16,0.09191686304917325,0.9080831369508265,0.0
2009-04-17,0.789876527171496,0.2101234728285041,0.0
2009-04-20,6.823714674017924e-07,0.9999993176285324,0.0
2009-04-21,0.9788250470017348,0.02117495299826497,0.0
2009-04-22,0.9951983433426485,0.004801656657351713,0.0
2009-04-23,0.9777218244187951,0.02227817558120531,0.0
2009-04-24,0.7043179997289165,0.2956820002710831,0.0
2009-04-27,0.9637753801301845,0.03622461986981559,0.0
2009-04-28,0.9776127010637643,0.022387298936236012,0.0
2009-04-29,0.8227815810240164,0.17721841897598337,0.0
2009-04-30,0.6304208649873491,0.36957913501265105,0.0
2009-05-01,0.6916142234809123,0.3083857765190875,0.0
2009-05-04,0.41685751584071895,0.5831424841592809,0.0
2009-05-05,0.9910601619920149,0.008939838007985066,0.0
2009-05-06,0.8355719939103468,0.16442800608965316,0.0
2009-05-07,0.9884999377952255,0.0115000622047745,0.0
2009-05-08,0.8974443574087986,0.10255564259120103,0.0
2009-05-11,0.8186339328294768,0.18136606717052367,0.0
2009-05-12,0.9623028131029375,0.03769718689706209,0.0
2009-05-13,0.8333118302986204,0.16668816970137978,0.0
2009-05-14,0.994323913291981,0.005676086708018566,0.0
2009-05-15,0.9556760821403847,0.0443239178596154,0.0
2009-05-18,0.882590160596061,0.11740983940393894,0.0
2009-05-19,0.971499583442738,0.028500416557262133,0.0
2009-05-20,0.6808806608133319,0.3191193391866682,0.0
2009-05-21,0.5478473051427745,0.4521526948572251,0.0
2009-05-22,0.9901056768207631,0.009894323179236999,0.0
2009-05-26,0.9643558489170493,0.03564415108295031,0.0
2009-05-27,0.986560096903278,0.013439903096722291,0.0
2009-05-28,0.8104004253122786,0.1895995746877212,0.0
2009-05-29,0.08741051226806643,0.9125894877319338,0.0
2009-06-01,0.0020479915621268068,0.9979520084378735,0.0
2009-06-02,0.8022761250610845,0.19772387493891547,0.0
2009-06-03,0.5701585598398763,0.4298414401601237,0.0
2009-06-04,0.6009586830516619,0.3990413169483381,0.0
2009-06-05,0.24468855137259377,0.7553114486274062,0.0
2009-06-08,0.9675208015057686,0.03247919849423176,0.0
2009-06-09,0.7843262153388137,0.21567378466118647,0.0
2009-06-10,0.9917303936596896,0.00826960634031018,0.0
2009-06-11,0.8909395113460175,0.10906048865398266,0.0
2009-06-12,0.9680398251670747,0.03196017483292542,0.0
2009-06-15,0.5988689195108877,0.40113108048911217,0.0
2009-06-16,0.9559460474917655,0.044053952508234274,0.0
2009-06-17,0.9772402813792651,0.02275971862073482,0.0
2009-06-18,0.9804606868056881,0.019539313194312267,0.0
2009-06-19,0.8386980810403939,0.16130191895960638,0.0
2009-06-22,0.07988571600006342,0.9201142839999369,0.0
2009-06-23,0.897588607936747,0.10241139206325323,0.0
2009-06-24,0.9752213463176135,0.024778653682386746,0.0
2009-06-25,0.9321985408039823,0.06780145919601735,0.0
2009-06-26,0.8527029379070392,0.1472970620929605,0.0
2009-06-29,0.9922972452834318,0.007702754716568265,0.0
2009-06-30,0.9688232551682772,0.03117674483172303,0.0
2009-07-01,0.9777778404780353,0.02222215952196474,0.0
2009-07-02,0.592418894102847,0.40758110589715246,0.0
2009-07-06,0.8283750918261334,0.17162490817386641,0.0
2009-07-07,0.943792845118519,0.05620715488148089,0.0
2009-07-08,0.8712915708399743,0.12870842916002556,0.0
2009-07-09,0.9727704235985769,0.0272295764014232,0.0
2009-07-10,0.9880275241410585,0.011972475858941296,0.0
2009-07-13,0.9758671529702259,0.024132847029774283,0.0
2009-07-14,0.9834609890380465,0.016539010961953336,0.0
2009-07-15,0.6740752887460707,0.32592471125392963,0.0
2009-07-16,0.9918347686496259,0.008165231350374157,0.0
2009-07-17,0.9801650500144827,0.019834949985517502,0.0
2009-07-20,0.9338522114839,0.06614778851610018,0.0
2009-07-21,0.9575019041914814,0.04249809580851881,0.0
2009-07-22,0.9935576586655049,0.006442341334495447,0.0
2009-07-23,0.8810548427842102,0.1189451572157902,0.0
2009-07-24,0.9947623976186838,0.005237602381316672,0.0
2009-07-27,0.9938261084910648,0.006173891508935156,0.0
2009-07-28,0.9528592731967065,0.047140726803293384,0.0
2009-07-29,0.902973448557546,0.09702655144245367,0.0
2009-07-30,0.45550434194058137,0.5444956580594189,0.0
2009-07-31,0.5720070462012672,0.4279929537987325,0.0
2009-08-03,0.5856399501460358,0.4143600498539642,0.0
2009-08-04,0.9944754459405468,0.005524554059452799,0.0
2009-08-05,0.9866463919062627,0.013353608093737675,0.0
2009-08-06,0.9473461077033193,0.052653892296680826,0.0
2009-08-07,0.5446253055878781,0.45537469441212164,0.0
2009-08-10,0.9893863407553777,0.010613659244622677,0.0
2009-08-11,0.978885302749338,0.02111469725066196,0.0
2009-08-12,0.9907486081765947,0.009251391823405309,0.0
2009-08-13,0.9577200157649035,0.04227998423509608,0.0
2009-08-14,0.8160309034451512,0.18396909655484903,0.0
2009-08-17,0.49040701528713737,0.5095929847128631,0.0
2009-08-18,0.9904668018696837,0.009533198130316098,0.0
2009-08-19,0.9739786196713867,0.026021380328613473,0.0
2009-08-20,0.9326555310195642,0.06734446898043547,0.0
2009-08-21,0.9535071909203658,0.046492809079634066,0.0
2009-08-24,0.9801261646985573,0.019873835301442648,0.0
2009-08-25,0.9490498138753237,0.050950186124676146,0.0
2009-08-26,0.9897296293578244,0.010270370642175517,0.0
2009-08-27,0.9852517625797054,0.014748237420294427,0.0
2009-08-28,0.9815581863758961,0.018441813624103787,0.0
2009-08-31,0.9592419508645808,0.040758049135419125,0.0
2009-09-01,0.8789715058022294,0.12102849419777077,0.0
2009-09-02,0.0002682758648257343,0.9997317241351744,0.0
2009-09-03,0.8661652162984469,0.13383478370155322,0.0
2009-09-04,0.96139053370275,0.03860946629724998,0.0
2009-09-08,0.8209316045760191,0.17906839542398076,0.0
2009-09-09,0.9527848625796409,0.04721513742035877,0.0
2009-09-10,0.9614096436377535,0.03859035636224678,0.0
2009-09-11,0.7254720285460418,0.2745279714539581,0.0
2009-09-14,0.9910302039256532,0.008969796074346717,0.0
2009-09-15,0.9196933062032088,0.0803066937967909,0.0
2009-09-16,0.9033252742415844,0.09667472575841587,0.0
2009-09-17,0.98297656954602,0.01702343045397997,0.0
2009-09-18,0.9799637252882766,0.020036274711723402,0.0
2009-09-21,0.9397455295801747,0.060254470419825644,0.0
2009-09-22,0.928439300989661,0.07156069901033912,0.0
2009-09-23,0.9789971474704379,0.021002852529562348,0.0
2009-09-24,0.9170573985242259,0.08294260147577395,0.0
2009-09-25,0.977309557278302,0.022690442721698265,0.0
2009-09-28,0.9859543730621576,0.014045626937842406,0.0
2009-09-29,0.9647265940128993,0.035273405987101034,0.0
2009-09-30,0.7742461618855409,0.22575383811445898,0.0
2009-10-01,0.742252709951857,0.25774729004814273,0.0
2009-10-02,0.9283685383513743,0.07163146164862567,0.0
2009-10-05,0.9782917006667569,0.02170829933324286,0.0
2009-10-06,0.7056070959871745,0.2943929040128258,0.0
2009-10-07,0.9861560403388715,0.013843959661128355,0.0
2009-10-08,0.8528807857589715,0.14711921424102845,0.0
2009-10-09,0.9457039618617229,0.05429603813827708,0.0
2009-10-12,0.9404913778351588,0.0595086221648415,0.0
2009-10-13,0.972721836883853,0.02727816311614729,0.0
2009-10-14,0.9287461518726305,0.0712538481273692,0.0
2009-10-15,0.9670590782849455,0.0329409217150547,0.0
2009-10-16,0.9619059055597978,0.03809409444020242,0.0
2009-10-19,0.9620233144023645,0.03797668559763532,0.0
2009-10-20,0.9867613779494736,0.013238622050526238,0.0
2009-10-21,0.864142325903931,0.13585767409606908,0.0
2009-10-22,0.9906144341641449,0.00938556583585456,0.0
2009-10-23,0.9847854405089649,0.015214559491034957,0.0
2009-10-26,0.9331868466830467,0.0668131533169531,0.0
2009-10-27,0.9876894952650236,0.012310504734976404,0.0
2009-10-28,0.6865710257991688,0.31342897420083116,0.0
2009-10-29,0.8570528150367489,0.14294718496325126,0.0
2009-10-30,0.7485368174418957,0.25146318255810457,0.0
2009-11-02,0.9898674838062167,0.010132516193783036,0.0
2009-11-03,0.07856050713597673,0.9214394928640233,0.0
2009-11-04,0.9877282622545602,0.012271737745439808,0.0
2009-11-05,0.9528874735736531,0.04711252642634709,0.0
2009-11-06,0.8079157207060345,0.1920842792939653,0.0
2009-11-09,0.8274193049757699,0.17258069502423048,0.0
2009-11-10,0.9899982893170097,0.010001710682990241,0.0
2009-11-11,0.9922374422178739,0.007762557782125835,0.0
2009-11-12,0.9666908590514841,0.03330914094851589,0.0
2009-11-13,0.9857367317956282,0.014263268204371533,0.0
2009-11-16,0.6916930495615967,0.3083069504384035,0.0
2009-11-17,0.9851093758120542,0.014890624187946348,0.0
2009-11-18,0.9874856520256694,0.012514347974330065,0.0
2009-11-19,0.7907824617625393,0.20921753823746075,0.0
2009-11-20,0.9881760047338626,0.011823995266137602,0.0
2009-11-23,0.9329133511680305,0.06708664883196931,0.0
2009-11-24,0.9835870101768048,0.016412989823195008,0.0
2009-11-25,0.8730251269231764,0.12697487307682395,0.0
2009-11-27,0.9450187509991276,0.054981249000872756,0.0
2009-11-30,0.9844949763615556,0.01550502363844436,0.0
2009-12-01,0.8020681737915727,0.19793182620842775,0.0
2009-12-02,0.9594435289242125,0.04055647107578764,0.0
2009-12-03,0.9829674041139581,0.017032595886041852,0.0
2009-12-04,0.10205087996043449,0.8979491200395655,0.0
2009-12-07,0.9898629474923174,0.010137052507682886,0.0
2009-12-08,0.9270525392473733,0.07294746075262726,0.0
2009-12-09,0.7108482227004498,0.2891517772995502,0.0
2009-12-10,0.9867099061014983,0.013290093898501781,0.0
2009-12-11,0.9310852167827461,0.06891478321725399,0.0
2009-12-14,0.9804515499641269,0.019548450035872633,0.0
2009-12-15,0.9465093403763113,0.05349065962368843,0.0
2009-12-16,0.9795363236385913,0.020463676361408667,0.0
2009-12-17,0.7194714063586779,0.28052859364132215,0.0
2009-12-18,0.9832856685598381,0.016714331440162034,0.0
2009-12-21,0.9652552086237642,0.03474479137623607,0.0
2009-12-22,0.9709993356790649,0.029000664320934965,0.0
2009-12-23,0.9532876905465206,0.04671230945347942,0.0
2009-12-24,0.9904143328639353,0.0095856671360651,0.0
2009-12-28,0.9745576725699185,0.02544232743008127,0.0
2009-12-29,0.9917668562112176,0.008233143788782326,0.0
2009-12-30,0.983874775592143,0.01612522440785707,0.0
2009-12-31,0.9917053350847216,0.00829466491527884,0.0
2010-01-04,0.854877961922711,0.14512203807728916,0.0
2010-01-05,0.9874945786170229,0.012505421382976837,0.0
2010-01-06,0.8504978218990635,0.14950217810093644,0.0
2010-01-07,0.9678432286807153,0.0321567713192848,0.0
2010-01-08,0.9870934480093891,0.012906551990610707,0.0
2010-01-11,0.8525925189533139,0.14740748104668605,0.0
2010-01-12,0.8470736791947828,0.1529263208052174,0.0
2010-01-13,0.988129524625984,0.011870475374015897,0.0
2010-01-14,0.9890524993215133,0.010947500678487036,0.0
2010-01-15,0.9742752415647434,0.025724758435256845,0.0
2010-01-19,0.982944929066082,0.017055070933918365,0.0
2010-01-20,0.8802955345221284,0.11970446547787159,0.0
2010-01-21,0.8412465249722546,0.15875347502774523,0.0
2010-01-22,0.8725238137573677,0.12747618624263257,0.0
2010-01-25,0.9907166938352143,0.009283306164785532,0.0
2010-01-26,0.9744241363436055,0.025575863656394388,0.0
2010-01-27,0.9253535993395307,0.07464640066046938,0.0
2010-01-28,0.9675819492576725,0.03241805074232776,0.0
2010-01-29,0.9659443730650589,0.03405562693494099,0.0
2010-02-01,0.7956871466667452,0.2043128533332544,0.0
2010-02-02,0.9289353912937406,0.07106460870625923,0.0
2010-02-03,0.9706748908845191,0.029325109115480807,0.0
2010-02-04,0.3796534453659495,0.6203465546340508,0.0
2010-02-05,0.004909417137378924,0.9950905828626209,0.0
2010-02-08,0.8392778221908705,0.16072217780912948,0.0
2010-02-09,0.9536117244525196,0.04638827554748014,0.0
2010-02-10,0.9888298363933908,0.011170163606609279,0.0
2010-02-11,0.9252709943721277,0.07472900562787164,0.0
2010-02-12,0.9910696694229667,0.008930330577033388,0.0
2010-02-16,0.8638302538088969,0.1361697461911031,0.0
2010-02-17,0.9788934306861438,0.02110656931385609,0.0
2010-02-18,0.9878899959115047,0.012110004088495243,0.0
2010-02-19,0.9454855790037019,0.05451442099629862,0.0
2010-02-22,0.9642046095121353,0.03579539048786489,0.0
2010-02-23,0.8464191171427929,0.1535808828572069,0.0
2010-02-24,0.9824672050849476,0.017532794915052736,0.0
2010-02-25,0.5564462248921783,0.44355377510782146,0.0
2010-02-26,0.9350320451156753,0.06496795488432464,0.0
2010-03-01,0.873169404760042,0.1268305952399583,0.0
2010-03-02,0.9736386758597939,0.026361324140205998,0.0
2010-03-03,0.9717017136563466,0.028298286343653067,0.0
2010-03-04,0.9663068072240962,0.03369319277590359,0.0
2010-03-05,0.9368329435496987,0.06316705645030149,0.0
2010-03-08,0.9890719638980474,0.010928036101952907,0.0
2010-03-09,0.9888382913679592,0.01116170863204055,0.0
2010-03-10,0.9845059225075715,0.015494077492428395,0.0
2010-03-11,0.982613194506721,0.017386805493278538,0.0
2010-03-12,0.986656022829399,0.013343977170601009,0.0
2010-03-15,0.9810803696051703,0.01891963039482941,0.0
2010-03-16,0.9535550241853408,0.046444975814658854,0.0
2010-03-17,0.9826193816412511,0.017380618358748785,0.0
2010-03-18,0.9764672930508004,0.02353270694919915,0.0
2010-03-19,0.9775056111813916,0.02249438881860848,0.0
2010-03-22,0.988385303724767,0.011614696275233167,0.0
2010-03-23,0.9878869153770147,0.012113084622985321,0.0
2010-03-24,0.4700232713090643,0.5299767286909354,0.0
2010-03-25,0.9811527856619883,0.018847214338011908,0.0
2010-03-26,0.9818250044870387,0.01817499551296125,0.0
2010-03-29,0.948740584462896,0.051259415537104024,0.0
2010-03-30,0.9895369800716276,0.010463019928372019,0.0
2010-03-31,0.9778594491582078,0.02214055084179212,0.0
2010-04-01,0.9527319554028268,0.04726804459717275,0.0
2010-04-05,0.9778811839445865,0.02211881605541329,0.0
2010-04-06,0.9863535039407658,0.013646496059234518,0.0
2010-04-07,0.9709711295282926,0.029028870471707456,0.0
2010-04-08,0.9790925873407943,0.020907412659205604,0.0
2010-04-09,0.9839248946482584,0.016075105351741597,0.0
2010-04-12,0.9668506276626234,0.03314937233737671,0.0
2010-04-13,0.986893998289271,0.013106001710728643,0.0
2010-04-14,0.9789840176383496,0.021015982361650348,0.0
2010-04-15,0.9900360711201376,0.009963928879862482,0.0
2010-04-16,0.8696609870212052,0.13033901297879463,0.0
2010-04-19,0.9474788547817982,0.05252114521820235,0.0
2010-04-20,0.9747842455022685,0.025215754497731578,0.0
2010-04-21,0.9884051514037557,0.011594848596244227,0.0
2010-04-22,0.9698396229441902,0.030160377055809644,0.0
2010-04-23,0.9864020938987302,0.013597906101269874,0.0
2010-04-26,0.990719111386327,0.009280888613672909,0.0
2010-04-27,0.5229497827176351,0.47705021728236485,0.0
2010-04-28,0.6884595676720034,0.31154043232799655,0.0
2010-04-29,0.9576082886232342,0.042391711376765784,0.0
2010-04-30,0.9289551899480599,0.07104481005194016,0.0
2010-05-03,0.963833238250069,0.03616676174993109,0.0
2010-05-04,0.3761690634473674,0.6238309365526324,0.0
2010-05-05,0.9056958167174084,0.09430418328259153,0.0
2010-05-06,0.06985647719125374,0.9301435228087463,0.0
2010-05-07,0.0004852068037032209,0.9995147931962968,0.0
2010-05-10,0.0006196070618239971,0.9993803929381763,0.0
2010-05-11,0.38540233916471206,0.6145976608352879,0.0
2010-05-12,0.975009615581679,0.02499038441832092,0.0
2010-05-13,0.9828130097378653,0.017186990262134817,0.0
2010-05-14,0.08120707124269404,0.9187929287573061,0.0
2010-05-17,0.8329075448064241,0.16709245519357588,0.0
2010-05-18,0.9786299050528787,0.02137009494712121,0.0
2010-05-19,0.7793403893461278,0.22065961065387218,0.0
2010-05-20,0.07393188368514221,0.9260681163148575,0.0
2010-05-21,0.9558093870502997,0.04419061294970001,0.0
2010-05-24,0.8227790070883625,0.17722099291163737,0.0
2010-05-25,0.07562688747423604,0.9243731125257643,0.0
2010-05-26,0.9293826977555492,0.0706173022444506,0.0
2010-05-27,0.426726467153873,0.5732735328461266,0.0
2010-05-28,0.9719850063127515,0.028014993687248337,0.0
2010-06-01,0.9498366635451614,0.050163336454838905,0.0
2010-06-02,0.8767673199449675,0.12323268005503214,0.0
2010-06-03,0.9227816213783175,0.07721837862168254,0.0
2010-06-04,0.34218565381489335,0.6578143461851067,0.0
2010-06-07,0.5334477978532539,0.4665522021467461,0.0
2010-06-08,0.9838244320259181,0.016175567974081533,0.0
2010-06-09,0.9765939750353709,0.02340602496462909,0.0
2010-06-10,0.5090221483572674,0.49097785164273217,0.0
2010-06-11,0.9851878914822256,0.014812108517774508,0.0
2010-06-14,0.8067907960816386,0.19320920391836133,0.0
2010-06-15,0.9175126377583374,0.08248736224166288,0.0
2010-06-16,0.9887071954082474,0.011292804591752716,0.0
2010-06-17,0.9709449406221189,0.02905505937788106,0.0
2010-06-18,0.9797442253426446,0.020255774657355362,0.0
2010-06-21,0.9779081607692515,0.022091839230748644,0.0
2010-06-22,0.9250971128123279,0.07490288718767192,0.0
2010-06-23,0.9514807115641192,0.0485192884358809,0.0
2010-06-24,0.8406159531125927,0.15938404688740732,0.0
2010-06-25,0.8854863482847437,0.11451365171525651,0.0
2010-06-28,0.9680501620437392,0.031949837956260815,0.0
2010-06-29,0.11652998131403025,0.8834700186859697,0.0
2010-06-30,0.9257324658291655,0.07426753417083444,0.0
2010-07-01,0.3103833083540196,0.6896166916459806,0.0
2010-07-02,0.9869107150395824,0.013089284960417663,0.0
2010-07-06,0.8007895497378955,0.19921045026210443,0.0
2010-07-07,0.8259084315522903,0.17409156844770982,0.0
2010-07-08,0.9411743472101307,0.05882565278986927,0.0
2010-07-09,0.9779388813280117,0.02206111867198815,0.0
2010-07-12,0.9828937179171258,0.01710628208287444,0.0
2010-07-13,0.9118390927879817,0.08816090721201889,0.0
2010-07-14,0.9864144010755449,0.013585598924454868,0.0
2010-07-15,0.7967605100327078,0.20323948996729252,0.0
2010-07-16,0.5892170232577659,0.41078297674223413,0.0
2010-07-19,0.9870136382430614,0.01298636175693833,0.0
2010-07-20,0.9799286935639859,0.020071306436013986,0.0
2010-07-21,0.9836733263369266,0.01632667366307327,0.0
2010-07-22,0.8110600803841489,0.18893991961585108,0.0
2010-07-23,0.9746996006993411,0.025300399300658877,0.0
2010-07-26,0.9576077479734127,0.042392252026587654,0.0
2010-07-27,0.963514042233449,0.03648595776655141,0.0
2010-07-28,0.979410676610728,0.02058932338927201,0.0
2010-07-29,0.9417902639185861,0.058209736081414346,0.0
2010-07-30,0.8664674540036987,0.13353254599630077,0.0
2010-08-02,0.5865404941617846,0.4134595058382156,0.0
2010-08-03,0.9775643593682611,0.022435640631738623,0.0
2010-08-04,0.9452338269239899,0.054766173076009964,0.0
2010-08-05,0.9883638454148929,0.011636154585106922,0.0
2010-08-06,0.8326708874223786,0.1673291125776213,0.0
2010-08-09,0.9852626561584081,0.014737343841592152,0.0
2010-08-10,0.8713643838671926,0.12863561613280758,0.0
2010-08-11,0.42684996859132435,0.5731500314086755,0.0
2010-08-12,0.9341148625208348,0.06588513747916518,0.0
2010-08-13,0.9872413197201566,0.012758680279843705,0.0
2010-08-16,0.8372092306400247,0.16279076935997566,0.0
2010-08-17,0.9678544134072997,0.03214558659270052,0.0
2010-08-18,0.9798875455741796,0.02011245442582002,0.0
2010-08-19,0.9348545965297538,0.06514540347024654,0.0
2010-08-20,0.8516085317565819,0.1483914682434187,0.0
2010-08-23,0.9863226574502247,0.013677342549775129,0.0
2010-08-24,0.7177562244184609,0.28224377558153935,0.0
2010-08-25,0.9007363958077196,0.09926360419228034,0.0
2010-08-26,0.972790535674218,0.02720946432578189,0.0
2010-08-27,0.8173600242358778,0.18263997576412208,0.0
2010-08-30,0.978152469614721,0.021847530385279087,0.0
2010-08-31,0.9038154858413245,0.09618451415867545,0.0
2010-09-01,0.1912051836085471,0.8087948163914531,0.0
2010-09-02,0.9815234025252446,0.01847659747475532,0.0
2010-09-03,0.9617978004497761,0.03820219955022375,0.0
2010-09-07,0.9316615147891489,0.06833848521085095,0.0
2010-09-08,0.9880568468580228,0.011943153141977188,0.0
2010-09-09,0.9537960971630641,0.046203902836935797,0.0
2010-09-10,0.9785337160731705,0.021466283926829692,0.0
2010-09-13,0.8872988264322481,0.11270117356775196,0.0
2010-09-14,0.9128815951715985,0.08711840482840146,0.0
2010-09-15,0.9690647285570556,0.030935271442944574,0.0
2010-09-16,0.9817753552963122,0.018224644703687995,0.0
2010-09-17,0.9825987257845792,0.017401274215420683,0.0
2010-09-20,0.9468940389502881,0.05310596104971181,0.0
2010-09-21,0.9588773353154624,0.04112266468453701,0.0
2010-09-22,0.6392276133588822,0.3607723866411175,0.0
2010-09-23,0.9739995268564694,0.026000473143530656,0.0
2010-09-24,0.8716634930957172,0.1283365069042825,0.0
2010-09-27,0.9826632369220647,0.017336763077935247,0.0
2010-09-28,0.9722092566978011,0.027790743302198533,0.0
2010-09-29,0.9847172631277392,0.015282736872260599,0.0
2010-09-30,0.9847949153522603,0.015205084647739847,0.0
2010-10-01,0.9457651780905307,0.05423482190946961,0.0
2010-10-04,0.976603363768397,0.023396636231602923,0.0
2010-10-05,0.7519237017172666,0.24807629828273337,0.0
2010-10-06,0.970263156273421,0.02973684372657891,0.0
2010-10-07,0.9587305864953019,0.041269413504698135,0.0
2010-10-08,0.5425157213353771,0.45748427866462305,0.0
2010-10-11,0.9874685250559321,0.01253147494406798,0.0
2010-10-12,0.980040247477014,0.019959752522986218,0.0
2010-10-13,0.9588202676110062,0.04117973238899372,0.0
2010-10-14,0.9791609209155633,0.020839079084436416,0.0
2010-10-15,0.955844673338863,0.04415532666113669,0.0
2010-10-18,0.988328599664267,0.011671400335732853,0.0
2010-10-19,0.603054107559796,0.3969458924402039,0.0
2010-10-20,0.8003762398716379,0.19962376012836214,0.0
2010-10-21,0.9627599784422758,0.03724002155772418,0.0
2010-10-22,0.983287221932212,0.0167127780677882,0.0
2010-10-25,0.9629349108575577,0.03706508914244208,0.0
2010-10-26,0.9256056653432392,0.07439433465676058,0.0
2010-10-27,0.9096041348178788,0.0903958651821212,0.0
2010-10-28,0.9337648829110213,0.06623511708897865,0.0
2010-10-29,0.9838381081714841,0.016161891828515716,0.0
2010-11-01,0.9895633716947696,0.010436628305230214,0.0
2010-11-02,0.9756339673727634,0.024366032627236543,0.0
2010-11-03,0.9878718223079462,0.012128177692053788,0.0
2010-11-04,0.3403196206349573,0.6596803793650423,0.0
2010-11-05,0.8987745080360249,0.10122549196397541,0.0
2010-11-08,0.9389955114540106,0.06100448854598936,0.0
2010-11-09,0.7443344381995135,0.2556655618004864,0.0
2010-11-10,0.0999238089327717,0.9000761910672287,0.0
2010-11-11,0.9816190443092224,0.01838095569077766,0.0
2010-11-12,0.13102295059540991,0.8689770494045902,0.0
2010-11-15,0.8040530464485559,0.19594695355144442,0.0
2010-11-16,0.18846397476051024,0.8115360252394896,0.0
2010-11-17,0.9873543345635317,0.012645665436468306,0.0
2010-11-18,0.6707262691080028,0.32927373089199696,0.0
2010-11-19,0.9541917663194935,0.04580823368050661,0.0
2010-11-22,0.9789671399256372,0.021032860074362898,0.0
2010-11-23,0.7303244917754468,0.26967550822455383,0.0
2010-11-24,0.7528137340816571,0.24718626591834295,0.0
2010-11-26,0.8911695461439335,0.10883045385606642,0.0
2010-11-29,0.9254754907339064,0.07452450926609352,0.0
2010-11-30,0.959255066102014,0.040744933897985516,0.0
2010-12-01,0.4359902671138875,0.5640097328861122,0.0
2010-12-02,0.875642479587634,0.12435752041236607,0.0
2010-12-03,0.7963122149635736,0.2036877850364264,0.0
2010-12-06,0.9788749616122787,0.021125038387721694,0.0
2010-12-07,0.9570802344351572,0.04291976556484332,0.0
2010-12-08,0.6721731347743789,0.32782686522562093,0.0
2010-12-09,0.9838326982454817,0.016167301754518033,0.0
2010-12-10,0.9808563113287704,0.01914368867122984,0.0
2010-12-13,0.9117917328401427,0.08820826715985723,0.0
2010-12-14,0.9610141536052952,0.03898584639470481,0.0
2010-12-15,0.9633300264902852,0.03666997350971439,0.0
2010-12-16,0.9726445787449002,0.0273554212550992,0.0
2010-12-17,0.9561839170960085,0.04381608290399138,0.0
2010-12-20,0.9666183620576468,0.033381637942353035,0.0
2010-12-21,0.9782292496937324,0.02177075030626795,0.0
2010-12-22,0.9823417354129443,0.017658264587055106,0.0
2010-12-23,0.9823544672542193,0.01764553274578138,0.0
2010-12-27,0.9868823737219261,0.013117626278073741,0.0
2010-12-28,0.9385866460657729,0.0614133539342274,0.0
2010-12-29,0.9799688017191572,0.020031198280842766,0.0
2010-12-30,0.9532026554183892,0.0467973445816107,0.0
2010-12-31,0.7804244248531045,0.21957557514689618,0.0
2011-01-03,0.9751238203244725,0.02487617967552751,0.0
2011-01-04,0.9328530511427383,0.06714694885726183,0.0
2011-01-05,0.4937696718305829,0.5062303281694169,0.0
2011-01-06,0.9634803689307979,0.03651963106920189,0.0
2011-01-07,0.9779119922411501,0.022088007758849837,0.0
2011-01-10,0.9723403771564012,0.02765962284359901,0.0
2011-01-11,0.9638235933212268,0.036176406678773275,0.0
2011-01-12,0.8952394489410744,0.10476055105892546,0.0
2011-01-13,0.48959418820728473,0.5104058117927154,0.0
2011-01-14,0.9837239124409317,0.01627608755906814,0.0
2011-01-18,0.9829450870399695,0.017054912960030602,0.0
2011-01-19,0.9532559040311241,0.046744095968876014,0.0
2011-01-20,0.7939334876641824,0.20606651233581758,0.0
2011-01-21,0.9185219545268579,0.08147804547314232,0.0
2011-01-24,0.9578957432205835,0.04210425677941685,0.0
2011-01-25,0.9002236077367943,0.09977639226320573,0.0
2011-01-26,0.8749597175691326,0.12504028243086726,0.0
2011-01-27,0.9700945329028998,0.029905467097100145,0.0
2011-01-28,0.6574220823551787,0.3425779176448212,0.0
2011-01-31,0.9068928326616421,0.09310716733835764,0.0
2011-02-01,0.8180028784461577,0.18199712155384234,0.0
2011-02-02,0.9825557322192255,0.017444267780774295,0.0
2011-02-03,0.8461560655124267,0.15384393448757344,0.0
2011-02-04,0.9607557939575089,0.03924420604249113,0.0
2011-02-07,0.9701835113593562,0.029816488640643627,0.0
2011-02-08,0.9756113482476454,0.02438865175235435,0.0
2011-02-09,0.9608396758932343,0.03916032410676523,0.0
2011-02-10,0.9594320826958974,0.040567917304102405,0.0
2011-02-11,0.9843546402585373,0.01564535974146278,0.0
2011-02-14,0.9754670057941015,0.024532994205898512,0.0
2011-02-15,0.9685241084837839,0.031475891516216416,0.0
2011-02-16,0.9840348158760758,0.015965184123924107,0.0
2011-02-17,0.9555164704966129,0.04448352950338694,0.0
2011-02-18,0.9867209290206469,0.013279070979353064,0.0
2011-02-22,0.8053056211838412,0.1946943788161592,0.0
2011-02-23,0.8965926978960302,0.10340730210396934,0.0
2011-02-24,0.9565900864341442,0.04340991356585545,0.0
2011-02-25,0.883464471669107,0.11653552833089298,0.0
2011-02-28,0.9751458402427102,0.024854159757289364,0.0
2011-03-01,0.9456328121446417,0.05436718785535806,0.0
2011-03-02,0.9751982481559269,0.024801751844073273,0.0
2011-03-03,0.9121702351841234,0.08782976481587643,0.0
2011-03-04,0.9720800902421143,0.027919909757885615,0.0
2011-03-07,0.9684150882622735,0.031584911737726706,0.0
2011-03-08,0.9436430442046504,0.05635695579534935,0.0
2011-03-09,0.9801101967119406,0.019889803288059178,0.0
2011-03-10,0.6520018340398709,0.3479981659601292,0.0
2011-03-11,0.8126012412342127,0.18739875876578752,0.0
2011-03-14,0.8422668287212056,0.15773317127879455,0.0
2011-03-15,0.030281519950521075,0.9697184800494787,0.0
2011-03-16,0.9194713085219556,0.08052869147804428,0.0
2011-03-17,0.33174631300070534,0.6682536869992944,0.0
2011-03-18,0.901249831013646,0.0987501689863541,0.0
2011-03-21,0.9033066601608015,0.0966933398391985,0.0
2011-03-22,0.9830920707658789,0.016907929234120978,0.0
2011-03-23,0.9081368543192048,0.0918631456807952,0.0
2011-03-24,0.9670203321665494,0.03297966783345119,0.0
2011-03-25,0.9795021552023252,0.020497844797674684,0.0
2011-03-28,0.9491948773417226,0.05080512265827739,0.0
2011-03-29,0.9787682212467548,0.02123177875324475,0.0
2011-03-30,0.9661204561946801,0.03387954380531969,0.0
2011-03-31,0.882575083841729,0.11742491615827104,0.0
2011-04-01,0.9582772003589474,0.04172279964105262,0.0
2011-04-04,0.974156894101103,0.025843105898897177,0.0
2011-04-05,0.7587797893008548,0.24122021069914523,0.0
2011-04-06,0.9863447490633159,0.013655250936684252,0.0
2011-04-07,0.9830259478099588,0.016974052190041194,0.0
2011-04-08,0.9526057965462151,0.047394203453784874,0.0
2011-04-11,0.9669009869659121,0.03309901303408822,0.0
2011-04-12,0.5887695069858874,0.4112304930141123,0.0
2011-04-13,0.9854891755689973,0.014510824431002805,0.0
2011-04-14,0.9750954370643135,0.024904562935686683,0.0
2011-04-15,0.9856215327688373,0.01437846723116302,0.0
2011-04-18,0.7989792576186329,0.20102074238136755,0.0
2011-04-19,0.9776113988113518,0.02238860118864734,0.0
2011-04-20,0.7537080679454495,0.2462919320545506,0.0
2011-04-21,0.9565546189953205,0.04344538100467986,0.0
2011-04-25,0.9706212167195186,0.02937878328048153,0.0
2011-04-26,0.9625978060084286,0.037402193991571756,0.0
2011-04-27,0.951027188992432,0.04897281100756788,0.0
2011-04-28,0.5879921355580126,0.4120078644419876,0.0
2011-04-29,0.9542781500028996,0.04572184999710043,0.0
2011-05-02,0.9499271410203505,0.050072858979649706,0.0
2011-05-03,0.9527207732024865,0.04727922679751342,0.0
2011-05-04,0.7800821001376839,0.21991789986231586,0.0
2011-05-05,0.010826818760989898,0.9891731812390102,0.0
2011-05-06,0.9574632897380945,0.04253671026190553,0.0
2011-05-09,0.6204334017074467,0.37956659829255324,0.0
2011-05-10,0.9326971251035449,0.06730287489645513,0.0
2011-05-11,0.4331391135725027,0.5668608864274971,0.0
2011-05-12,0.9649328898322029,0.035067110167797455,0.0
2011-05-13,0.9777474548100913,0.02225254518990847,0.0
2011-05-16,0.9778320400556612,0.022167959944338667,0.0
2011-05-17,0.9663062452371327,0.03369375476286727,0.0
2011-05-18,0.6796005232638931,0.3203994767361071,0.0
2011-05-19,0.9437951558783949,0.05620484412160481,0.0
2011-05-20,0.934979997865576,0.06502000213442374,0.0
2011-05-23,0.7024519851790924,0.29754801482090765,0.0
2011-05-24,0.9701658604136256,0.029834139586373997,0.0
2011-05-25,0.9493261346815375,0.05067386531846228,0.0
2011-05-26,0.9641504145149822,0.035849585485017696,0.0
2011-05-27,0.920957488042547,0.07904251195745308,0.0
2011-05-31,0.9543818147318326,0.04561818526816729,0.0
2011-06-01,0.8045336559945481,0.1954663440054519,0.0
2011-06-02,0.9309732467871795,0.06902675321282063,0.0
2011-06-03,0.9665544126475349,0.03344558735246502,0.0
2011-06-06,0.9541042488204157,0.04589575117958448,0.0
2011-06-07,0.9860397955217961,0.01396020447820406,0.0
2011-06-08,0.925106938967501,0.07489306103249879,0.0
2011-06-09,0.9678877291794208,0.03211227082057906,0.0
2011-06-10,0.8318349374073849,0.16816506259261504,0.0
2011-06-13,0.9612677345011023,0.03873226549889768,0.0
2011-06-14,0.936495181117377,0.06350481888262297,0.0
2011-06-15,0.5576617623854702,0.44233823761453,0.0
2011-06-16,0.937591573445568,0.06240842655443207,0.0
2011-06-17,0.9449338660432524,0.05506613395674766,0.0
2011-06-20,0.986186638213932,0.013813361786067879,0.0
2011-06-21,0.8590252995957929,0.14097470040420723,0.0
2011-06-22,0.978793841012562,0.021206158987438536,0.0
2011-06-23,0.46619979244079535,0.5338002075592044,0.0
2011-06-24,0.9715662722634283,0.028433727736571424,0.0
2011-06-27,0.9750649913975099,0.02493500860249028,0.0
2011-06-28,0.8758318903064615,0.1241681096935382,0.0
2011-06-29,0.9196966024268465,0.08030339757315338,0.0
2011-06-30,0.8869068065544458,0.11309319344555432,0.0
2011-07-01,0.9376515632739526,0.06234843672604766,0.0
2011-07-05,0.8587294419223104,0.1412705580776894,0.0
2011-07-06,0.9692432619246667,0.030756738075333235,0.0
2011-07-07,0.942114427378246,0.057885572621754144,0.0
2011-07-08,0.9587730119669823,0.04122698803301798,0.0
2011-07-11,0.5403448733990828,0.45965512660091734,0.0
2011-07-12,0.7416216664227988,0.25837833357720125,0.0
2011-07-13,0.8262496089833749,0.17375039101662512,0.0
2011-07-14,0.9589100667972668,0.041089933202733596,0.0
2011-07-15,0.9805224688613403,0.019477531138659583,0.0
2011-07-18,0.795526438175522,0.2044735618244779,0.0
2011-07-19,0.7530801013855392,0.24691989861446087,0.0
2011-07-20,0.9755277440383431,0.024472255961656784,0.0
2011-07-21,0.7430156025277289,0.25698439747227064,0.0
2011-07-22,0.9699526343759143,0.03004736562408537,0.0
2011-07-25,0.9756170724554842,0.024382927544516018,0.0
2011-07-26,0.951206531770102,0.04879346822989803,0.0
2011-07-27,0.7141060665148328,0.2858939334851671,0.0
2011-07-28,0.9774152536918514,0.022584746308148503,0.0
2011-07-29,0.8431081373460847,0.15689186265391528,0.0
2011-08-01,0.9658477866672683,0.034152213332731975,0.0
2011-08-02,0.2991721142091682,0.7008278857908318,0.0
2011-08-03,0.9158876418358517,0.08411235816414867,0.0
2011-08-04,0.0009147276679434763,0.9990852723320568,0.0
2011-08-05,0.5519393983526291,0.4480606016473714,0.0
2011-08-08,2.6603639227624e-07,0.9999997339636075,0.0
2011-08-09,0.11130839108746116,0.8886916089125386,0.0
2011-08-10,0.0015302807220625295,0.9984697192779375,0.0
2011-08-11,0.0011921352668625813,0.9988078647331375,0.0
2011-08-12,0.9379279562797581,0.062072043720242324,0.0
2011-08-15,0.6493672628381354,0.35063273716186466,0.0
2011-08-16,0.9718163485630674,0.028183651436932963,0.0
2011-08-17,0.9530234233225149,0.046976576677484956,0.0
2011-08-18,0.0018119094585398294,0.9981880905414604,0.0
2011-08-19,0.41318743118601226,0.5868125688139877,0.0
2011-08-22,0.9073642005680602,0.09263579943193967,0.0
2011-08-23,0.05731079883570674,0.9426892011642934,0.0
2011-08-24,0.47887406473143457,0.5211259352685653,0.0
2011-08-25,0.6814280556071954,0.31857194439280456,0.0
2011-08-26,0.9469481411282178,0.053051858871782064,0.0
2011-08-29,0.41526837974076747,0.5847316202592328,0.0
2011-08-30,0.9622764672010451,0.03772353279895496,0.0
2011-08-31,0.9393604306549393,0.0606395693450605,0.0
2011-09-01,0.9101843909477424,0.08981560905225773,0.0
2011-09-02,0.15181704996694317,0.8481829500330569,0.0
2011-09-06,0.8442999920869978,0.15570000791300215,0.0
2011-09-07,0.27683174862459853,0.7231682513754017,0.0
2011-09-08,0.9756941732834269,0.024305826716573248,0.0
2011-09-09,0.15053539845742575,0.8494646015425736,0.0
2011-09-12,0.7035950348385815,0.2964049651614188,0.0
2011-09-13,0.9473977217320486,0.05260227826795113,0.0
2011-09-14,0.9542927179559552,0.04570728204404508,0.0
2011-09-15,0.3943531099563278,0.6056468900436728,0.0
2011-09-16,0.9700660498430613,0.02993395015693879,0.0
2011-09-19,0.5985252988893743,0.40147470111062544,0.0
2011-09-20,0.9748401942746622,0.02515980572533776,0.0
2011-09-21,0.5330412627144969,0.46695873728550313,0.0
2011-09-22,0.0002649741320843716,0.9997350258679155,0.0
2011-09-23,0.04387092541701381,0.9561290745829863,0.0
2011-09-26,0.8441472375078645,0.15585276249213584,0.0
2011-09-27,0.16095939242084253,0.8390406075791571,0.0
2011-09-28,0.46185595744830793,0.5381440425516921,0.0
2011-09-29,0.981039658001702,0.018960341998298304,0.0
2011-09-30,0.07515218677637867,0.9248478132236213,0.0
2011-10-03,0.23615365290064885,0.763846347099351,0.0
2011-10-04,0.8386742725157313,0.16132572748426924,0.0
2011-10-05,0.5085169597583503,0.49148304024164935,0.0
2011-10-06,0.4956219008228494,0.5043780991771507,0.0
2011-10-07,0.9660882362623312,0.0339117637376687,0.0
2011-10-10,0.4471318788185045,0.5528681211814951,0.0
2011-10-11,0.9650905121941703,0.03490948780582986,0.0
2011-10-12,0.9079188465654952,0.09208115343450511,0.0
2011-10-13,0.9678104456442729,0.032189554355727505,0.0
2011-10-14,0.7872969170046378,0.212703082995362,0.0
2011-10-17,0.8723536126792828,0.12764638732071737,0.0
2011-10-18,0.9797039725148029,0.0202960274851968,0.0
2011-10-19,0.5467741931598226,0.45322580684017755,0.0
2011-10-20,0.9361873952011004,0.06381260479889958,0.0
2011-10-21,0.4683455033338076,0.5316544966661921,0.0
2011-10-24,0.7015328590700489,0.29846714092995097,0.0
2011-10-25,0.5607905605395184,0.43920943946048185,0.0
2011-10-26,0.9175368165890452,0.08246318341095484,0.0
2011-10-27,0.023843575853678585,0.976156424146321,0.0
2011-10-28,0.9415859333153411,0.05841406668465875,0.0
2011-10-31,0.02796025244888347,0.9720397475511169,0.0
2011-11-01,0.029898949913318457,0.9701010500866817,0.0
2011-11-02,0.9131842869583906,0.08681571304160975,0.0
2011-11-03,0.799184585893066,0.20081541410693418,0.0
2011-11-04,0.9816582837232277,0.01834171627677224,0.0
2011-11-07,0.9539056000224256,0.04609439997757442,0.0
2011-11-08,0.9396890665125139,0.06031093348748596,0.0
2011-11-09,0.24438923680519428,0.7556107631948056,0.0
2011-11-10,0.9656826258442858,0.034317374155714245,0.0
2011-11-11,0.45555169621648395,0.5444483037835162,0.0
2011-11-14,0.9467193769356818,0.05328062306431831,0.0
2011-11-15,0.9060071475061366,0.09399285249386309,0.0
2011-11-16,0.9050454036627167,0.09495459633728329,0.0
2011-11-17,0.46159979835754317,0.5384002016424567,0.0
2011-11-18,0.9624310045633842,0.03756899543661527,0.0
2011-11-21,0.4084419037192914,0.5915580962807085,0.0
2011-11-22,0.9516175609597439,0.04838243904025614,0.0
2011-11-23,0.3773791558087317,0.6226208441912685,0.0
2011-11-25,0.8912555300352855,0.10874446996471392,0.0
2011-11-28,0.24807353687928924,0.7519264631207109,0.0
2011-11-29,0.9521419402348442,0.047858059765155746,0.0
2011-11-30,0.008191468439293933,0.9918085315607058,0.0
2011-12-01,0.9761077361665809,0.023892263833419265,0.0
2011-12-02,0.9369117373793541,0.0630882626206462,0.0
2011-12-05,0.8807652446270634,0.11923475537293704,0.0
2011-12-06,0.9420946286855972,0.05790537131440295,0.0
2011-12-07,0.9549418379855569,0.04505816201444367,0.0
2011-12-08,0.5845146081666217,0.41548539183337807,0.0
2011-12-09,0.8768363088101111,0.12316369118988883,0.0
2011-12-12,0.665087215391821,0.33491278460817886,0.0
2011-12-13,0.8238452610041049,0.17615473899589465,0.0
2011-12-14,0.1797432097920606,0.820256790207939,0.0
2011-12-15,0.9672361230770689,0.03276387692293158,0.0
2011-12-16,0.9576204602413989,0.04237953975860078,0.0
2011-12-19,0.9102979002823673,0.08970209971763243,0.0
2011-12-20,0.4018676885381275,0.5981323114618726,0.0
2011-12-21,0.9706027469914889,0.029397253008511252,0.0
2011-12-22,0.9687126605594608,0.03128733944053897,0.0
2011-12-23,0.9646163882337906,0.0353836117662094,0.0
2011-12-27,0.9672676464896046,0.03273235351039514,0.0
2011-12-28,0.8080848075223084,0.19191519247769148,0.0
2011-12-29,0.9363706224608699,0.06362937753913041,0.0
2011-12-30,0.9521544538682074,0.04784554613179266,0.0
2012-01-03,0.494062906445545,0.505937093554455,0.0
2012-01-04,0.9635400822155651,0.03645991778443528,0.0
2012-01-05,0.815677337932615,0.18432266206738507,0.0
2012-01-06,0.9730049500659266,0.02699504993407372,0.0
2012-01-09,0.9784246077845312,0.021575392215469093,0.0
2012-01-10,0.9260895619698546,0.07391043803014528,0.0
2012-01-11,0.9632992103138722,0.03670078968612768,0.0
2012-01-12,0.8747338896740062,0.125266110325994,0.0
2012-01-13,0.9633077413442919,0.03669225865570809,0.0
2012-01-17,0.9484777838244959,0.05152221617550373,0.0
2012-01-18,0.9621619509113796,0.03783804908862057,0.0
2012-01-19,0.9534884516869407,0.046511548313059294,0.0
2012-01-20,0.9822798688921253,0.01772013110787475,0.0
2012-01-23,0.9089817757743003,0.09101822422570001,0.0
2012-01-24,0.9431158544162772,0.056884145583723233,0.0
2012-01-25,0.5032761600658019,0.496723839934198,0.0
2012-01-26,0.5201637150583456,0.4798362849416541,0.0
2012-01-27,0.9538609367725585,0.04613906322744197,0.0
2012-01-30,0.9371252578445578,0.06287474215544239,0.0
2012-01-31,0.9720097279890456,0.027990272010954647,0.0
2012-02-01,0.8898357263490546,0.11016427365094592,0.0
2012-02-02,0.9812418441838773,0.018758155816122796,0.0
2012-02-03,0.8480450122501274,0.15195498774987226,0.0
2012-02-06,0.9797050078398132,0.020294992160186986,0.0
2012-02-07,0.9810401707508389,0.018959829249161265,0.0
2012-02-08,0.9828171198593117,0.017182880140688143,0.0
2012-02-09,0.979109662063375,0.020890337936624717,0.0
2012-02-10,0.8579077215406917,0.1420922784593082,0.0
2012-02-13,0.9694072278528032,0.030592772147196776,0.0
2012-02-14,0.9546321199534736,0.04536788004652632,0.0
2012-02-15,0.981118391399879,0.018881608600121443,0.0
2012-02-16,0.8915748616417276,0.10842513835827242,0.0
2012-02-17,0.9602399787342861,0.03976002126571404,0.0
2012-02-21,0.8716773769981758,0.12832262300182418,0.0
2012-02-22,0.941097523414504,0.05890247658549584,0.0
2012-02-23,0.9730562717467969,0.02694372825320302,0.0
2012-02-24,0.9507384879940455,0.04926151200595469,0.0
2012-02-27,0.9779877120685251,0.022012287931474694,0.0
2012-02-28,0.9608659346416406,0.03913406535835919,0.0
2012-02-29,0.9493165404760606,0.05068345952393934,0.0
2012-03-01,0.96996528927156,0.030034710728440113,0.0
2012-03-02,0.9566695237421913,0.04333047625780882,0.0
2012-03-05,0.9522286515298047,0.04777134847019523,0.0
2012-03-06,0.406178474868317,0.5938215251316835,0.0
2012-03-07,0.9755957885452485,0.02440421145475171,0.0
2012-03-08,0.8447968005519778,0.15520319944802177,0.0
2012-03-09,0.8645237897632188,0.13547621023678189,0.0
2012-03-12,0.9762769084339361,0.0237230915660639,0.0
2012-03-13,0.8156076530920087,0.18439234690799133,0.0
2012-03-14,0.4588691791451554,0.5411308208548443,0.0
2012-03-15,0.970435613884091,0.029564386115908746,0.0
2012-03-16,0.9737718171044645,0.02622818289553546,0.0
2012-03-19,0.9763561357357077,0.023643864264292234,0.0
2012-03-20,0.8115875934807502,0.18841240651924948,0.0
2012-03-21,0.9736820728042627,0.026317927195737396,0.0
2012-03-22,0.8907483536887719,0.10925164631122783,0.0
2012-03-23,0.9594297715843048,0.04057022841569555,0.0
2012-03-26,0.9394677460224468,0.06053225397755309,0.0
2012-03-27,0.9756842887802575,0.02431571121974218,0.0
2012-03-28,0.9189091925196804,0.08109080748031945,0.0
2012-03-29,0.7933583539858265,0.20664164601417362,0.0
2012-03-30,0.925266766251147,0.07473323374885318,0.0
2012-04-02,0.9222127660444966,0.077787233955503,0.0
2012-04-03,0.9318155691188187,0.06818443088118126,0.0
2012-04-04,0.3626972314004454,0.6373027685995549,0.0
2012-04-05,0.9700692502851913,0.029930749714808615,0.0
2012-04-09,0.9025067220406674,0.09749327795933242,0.0
2012-04-10,0.45985953323517015,0.5401404667648302,0.0
2012-04-11,0.956180226064871,0.04381977393512936,0.0
2012-04-12,0.7940437785085482,0.20595622149145193,0.0
2012-04-13,0.7902300960891202,0.20976990391088032,0.0
2012-04-16,0.9602451493552971,0.03975485064470328,0.0
2012-04-17,0.8458878505403249,0.15411214945967544,0.0
2012-04-18,0.9619115594406221,0.03808844055937791,0.0
2012-04-19,0.9687600579080782,0.031239942091922095,0.0
2012-04-20,0.9742276392225124,0.025772360777487735,0.0
2012-04-23,0.808436806359056,0.19156319364094407,0.0
2012-04-24,0.974129150392079,0.025870849607921097,0.0
2012-04-25,0.9368289751076819,0.0631710248923186,0.0
2012-04-26,0.9471862022987366,0.052813797701263154,0.0
2012-04-27,0.9665034627858763,0.03349653721412308,0.0
2012-04-30,0.9599194279390298,0.04008057206096999,0.0
2012-05-01,0.9787754334993192,0.021224566500680737,0.0
2012-05-02,0.8807149658301897,0.11928503416981029,0.0
2012-05-03,0.9287736195865595,0.07122638041344048,0.0
2012-05-04,0.6605944962080433,0.3394055037919566,0.0
2012-05-07,0.9701945803490496,0.029805419650950432,0.0
2012-05-08,0.9078536670688211,0.09214633293117892,0.0
2012-05-09,0.8722168753686782,0.12778312463132177,0.0
2012-05-10,0.9797420034412643,0.0202579965587358,0.0
2012-05-11,0.9621998764059844,0.03780012359401612,0.0
2012-05-14,0.7177975895840716,0.28220241041592836,0.0
2012-05-15,0.6736103013152246,0.32638969868477535,0.0
2012-05-16,0.9016725738380221,0.09832742616197772,0.0
2012-05-17,0.4190934266194077,0.5809065733805925,0.0
2012-05-18,0.7330450031607896,0.2669549968392105,0.0
2012-05-21,0.8395731904229209,0.16042680957707925,0.0
2012-05-22,0.9144772362638551,0.08552276373614495,0.0
2012-05-23,0.07130618419633775,0.9286938158036622,0.0
2012-05-24,0.9750995043707091,0.02490049562929099,0.0
2012-05-25,0.9686773823262861,0.03132261767371382,0.0
2012-05-29,0.8503980870481144,0.14960191295188602,0.0
2012-05-30,0.5276209327788491,0.4723790672211511,0.0
2012-05-31,0.9430591246619666,0.056940875338033214,0.0
2012-06-01,0.00021750472435281537,0.9997824952756478,0.0
2012-06-04,0.9646579182787776,0.035342081721222586,0.0
2012-06-05,0.9636990030782873,0.03630099692171291,0.0
2012-06-06,0.39813457745635483,0.6018654225436452,0.0
2012-06-07,0.9249740175704233,0.07502598242957652,0.0
2012-06-08,0.9675315789669137,0.032468421033086656,0.0
2012-06-11,0.9566619855711844,0.04333801442881515,0.0
2012-06-12,0.8894116282044585,0.11058837179554101,0.0
2012-06-13,0.9594690821213397,0.04053091787866046,0.0
2012-06-14,0.951854504249518,0.04814549575048166,0.0
2012-06-15,0.8675513008846307,0.13244869911536947,0.0
2012-06-18,0.9531895708216931,0.04681042917830722,0.0
2012-06-19,0.8939445471966809,0.10605545280331945,0.0
2012-06-20,0.9681980801497649,0.03180191985023471,0.0
2012-06-21,0.29389207937912326,0.7061079206208767,0.0
2012-06-22,0.9538744597730258,0.046125540226974335,0.0
2012-06-25,0.24514336440992007,0.7548566355900799,0.0
2012-06-26,0.9689655452333426,0.031034454766657765,0.0
2012-06-27,0.9524968423981879,0.04750315760181173,0.0
2012-06-28,0.9432447209607352,0.05675527903926449,0.0
2012-06-29,0.1166250757172554,0.8833749242827447,0.0
2012-07-02,0.9747169155804783,0.025283084419521835,0.0
2012-07-03,0.4443123694392764,0.5556876305607237,0.0
2012-07-05,0.9304432047273566,0.06955679527264344,0.0
2012-07-06,0.5071695098286851,0.4928304901713146,0.0
2012-07-09,0.5880697523639411,0.41193024763605895,0.0
2012-07-10,0.8591150229007102,0.14088497709928996,0.0
2012-07-11,0.9573339910770186,0.042666008922981676,0.0
2012-07-12,0.9126636885520589,0.08733631144794105,0.0
2012-07-13,0.8185443981569535,0.18145560184304638,0.0
2012-07-16,0.943222211439106,0.056777788560894285,0.0
2012-07-17,0.9770404865245894,0.022959513475410927,0.0
2012-07-18,0.8119468066642929,0.1880531933357066,0.0
2012-07-19,0.8724328560368214,0.12756714396317864,0.0
2012-07-20,0.7795972107154909,0.22040278928450885,0.0
2012-07-23,0.5257216852288435,0.4742783147711564,0.0
2012-07-24,0.9081873243330456,0.09181267566695425,0.0
2012-07-25,0.9411788690225832,0.05882113097741717,0.0
2012-07-26,0.2709850653121865,0.7290149346878133,0.0
2012-07-27,0.7020851258200311,0.2979148741799683,0.0
2012-07-30,0.9248914829134017,0.07510851708659835,0.0
2012-07-31,0.932555385129637,0.06744461487036324,0.0
2012-08-01,0.9682048445220129,0.03179515547798721,0.0
2012-08-02,0.660261087109566,0.3397389128904339,0.0
2012-08-03,0.49364916608242804,0.5063508339175717,0.0
2012-08-06,0.9096381403227638,0.09036185967723605,0.0
2012-08-07,0.9414527266430495,0.05854727335695065,0.0
2012-08-08,0.9773205439290492,0.022679456070950652,0.0
2012-08-09,0.9679761877240052,0.032023812275994844,0.0
2012-08-10,0.9074549143850815,0.09254508561491842,0.0
2012-08-13,0.9537250922544748,0.04627490774552501,0.0
2012-08-14,0.9620453498145957,0.03795465018540439,0.0
2012-08-15,0.9518126079436657,0.04818739205633393,0.0
2012-08-16,0.9155117902724822,0.0844882097275181,0.0
2012-08-17,0.976829313134387,0.023170686865613004,0.0
2012-08-20,0.9662579432253502,0.033742056774649566,0.0
2012-08-21,0.9222331681280499,0.07776683187194991,0.0
2012-08-22,0.9211162667729489,0.07888373322705092,0.0
2012-08-23,0.866606217708856,0.13339378229114363,0.0
2012-08-24,0.9665439802329976,0.033456019767002354,0.0
2012-08-27,0.9734301070185458,0.026569892981454225,0.0
2012-08-28,0.9708342987867994,0.029165701213200574,0.0
2012-08-29,0.9593076484991636,0.04069235150083682,0.0
2012-08-30,0.931269084523508,0.06873091547649243,0.0
2012-08-31,0.8219953586805989,0.17800464131940094,0.0
2012-09-04,0.9598307160921495,0.0401692839078507,0.0
2012-09-05,0.9662007115732555,0.03379928842674418,0.0
2012-09-06,0.5257137118610828,0.4742862881389166,0.0
2012-09-07,0.5487235557376586,0.4512764442623416,0.0
2012-09-10,0.9506171908180059,0.04938280918199426,0.0
2012-09-11,0.9567090133244109,0.04329098667558921,0.0
2012-09-12,0.9716412195163686,0.028358780483631052,0.0
2012-09-13,0.7355869833567513,0.2644130166432485,0.0
2012-09-14,0.8102002588175233,0.18979974118247625,0.0
2012-09-17,0.5207892464004686,0.47921075359953125,0.0
2012-09-18,0.9331552253542498,0.06684477464575013,0.0
2012-09-19,0.9665746641398689,0.0334253358601309,0.0
2012-09-20,0.9578402676185309,0.04215973238146893,0.0
2012-09-21,0.9630982514731627,0.036901748526836926,0.0
2012-09-24,0.9247323037137651,0.07526769628623484,0.0
2012-09-25,0.9534748611509574,0.04652513884904265,0.0
2012-09-26,0.7262287474667752,0.27377125253322426,0.0
2012-09-27,0.9154898126804005,0.08451018731959925,0.0
2012-09-28,0.8724756586115048,0.12752434138849536,0.0
2012-10-01,0.9711286410900242,0.028871358909975903,0.0
2012-10-02,0.9762135776969328,0.023786422303067024,0.0
2012-10-03,0.9386556482804945,0.061344351719505454,0.0
2012-10-04,0.9151324964135761,0.08486750358642385,0.0
2012-10-05,0.9631646739988827,0.03683532600111734,0.0
2012-10-08,0.9479515409867221,0.052048459013278134,0.0
2012-10-09,0.8328245629200952,0.16717543707990495,0.0
2012-10-10,0.9404391425020655,0.05956085749793451,0.0
2012-10-11,0.9513973777844855,0.048602622215514264,0.0
2012-10-12,0.9107616478342718,0.08923835216572876,0.0
2012-10-15,0.9199990581898054,0.08000094181019504,0.0
2012-10-16,0.8910064760423222,0.10899352395767767,0.0
2012-10-17,0.9549060180238153,0.045093981976184326,0.0
2012-10-18,0.9231370557495966,0.07686294425040319,0.0
2012-10-19,0.7547168509168001,0.2452831490832002,0.0
2012-10-22,0.9319843721558689,0.06801562784413086,0.0
2012-10-23,0.6002750561536686,0.3997249438463312,0.0
2012-10-24,0.9721738367074003,0.027826163292599522,0.0
2012-10-25,0.9223091181351398,0.07769088186486027,0.0
2012-10-26,0.9619465363313211,0.03805346366867916,0.0
2012-10-31,0.9268344848879548,0.07316551511204475,0.0
2012-11-01,0.9517422443259912,0.048257755674008744,0.0
2012-11-02,0.6381673525593458,0.36183264744065424,0.0
2012-11-05,0.9739448732626713,0.0260551267373287,0.0
2012-11-06,0.864786149030859,0.13521385096914051,0.0
2012-11-07,0.36171462806280735,0.6382853719371926,0.0
2012-11-08,0.8723102817848488,0.127689718215151,0.0
2012-11-09,0.9616130480742348,0.038386951925765266,0.0
2012-11-12,0.9732775547639526,0.026722445236047276,0.0
2012-11-13,0.9676305854725383,0.032369414527462156,0.0
2012-11-14,0.4363175808064367,0.5636824191935635,0.0
2012-11-15,0.9574787927370928,0.04252120726290716,0.0
2012-11-16,0.9651260298026608,0.034873970197338865,0.0
2012-11-19,0.3851368131242885,0.6148631868757116,0.0
2012-11-20,0.9653408269998538,0.03465917300014637,0.0
2012-11-21,0.966055472150267,0.03394452784973317,0.0
2012-11-23,0.9066680381616244,0.09333196183837573,0.0
2012-11-26,0.965111202594388,0.034888797405611925,0.0
2012-11-27,0.944729716131872,0.0552702838681281,0.0
2012-11-28,0.9464976764405607,0.05350232355943922,0.0
2012-11-29,0.9610566529217026,0.038943347078297316,0.0
2012-11-30,0.9733535287273682,0.02664647127263191,0.0
2012-12-03,0.951728298189968,0.04827170181003206,0.0
2012-12-04,0.9433957622844531,0.05660423771554692,0.0
2012-12-05,0.7517982586580726,0.248201741341927,0.0
2012-12-06,0.9693235257316077,0.03067647426839219,0.0
2012-12-07,0.9431602875861784,0.05683971241382054,0.0
2012-12-10,0.9684186573712698,0.031581342628730066,0.0
2012-12-11,0.9629829086540068,0.03701709134599358,0.0
2012-12-12,0.9506336214890153,0.0493663785109847,0.0
2012-12-13,0.9434675926734724,0.056532407326527354,0.0
2012-12-14,0.964873894236568,0.03512610576343224,0.0
2012-12-17,0.9655920061382751,0.0344079938617248,0.0
2012-12-18,0.9336717650658283,0.06632823493417149,0.0
2012-12-19,0.968613077365351,0.0313869226346491,0.0
2012-12-20,0.973906057655016,0.026093942344984446,0.0
2012-12-21,0.9270941592442735,0.07290584075572668,0.0
2012-12-24,0.9660197911587021,0.03398020884129811,0.0
2012-12-26,0.9632093429970949,0.036790657002904716,0.0
2012-12-27,0.9744125595475112,0.025587440452489212,0.0
2012-12-28,0.9486939545648786,0.05130604543512106,0.0
2012-12-31,0.8753040206546304,0.1246959793453698,0.0
2013-01-02,0.4218882125659037,0.5781117874340963,0.0
2013-01-03,0.8647975673262149,0.13520243267378512,0.0
2013-01-04,0.8488334034489057,0.15116659655109438,0.0
2013-01-07,0.954620869832606,0.04537913016739399,0.0
2013-01-08,0.9640772270727049,0.03592277292729518,0.0
2013-01-09,0.9693450804550114,0.03065491954498873,0.0
2013-01-10,0.9310187628107777,0.06898123718922196,0.0
2013-01-11,0.9744987690349541,0.025501230965046234,0.0
2013-01-14,0.9612421324950254,0.038757867504974695,0.0
2013-01-15,0.9677491707038041,0.032250829296195875,0.0
2013-01-16,0.9688546633746821,0.031145336625317554,0.0
2013-01-17,0.9566640299105448,0.04333597008945542,0.0
2013-01-18,0.9692268739290002,0.030773126070999513,0.0
2013-01-22,0.9466933882836386,0.05330661171636142,0.0
2013-01-23,0.958757056492764,0.041242943507235896,0.0
2013-01-24,0.9293022017617035,0.07069779823829678,0.0
2013-01-25,0.9220079829518808,0.07799201704811942,0.0
2013-01-28,0.9711493897189539,0.0288506102810459,0.0
2013-01-29,0.9636046104180117,0.03639538958198775,0.0
2013-01-30,0.8941844117660956,0.10581558823390406,0.0
2013-01-31,0.9690907995799348,0.03090920042006535,0.0
2013-02-01,0.9478648067192266,0.05213519328077315,0.0
2013-02-04,0.7784566143215411,0.22154338567845872,0.0
2013-02-05,0.9609252927524556,0.03907470724754432,0.0
2013-02-06,0.9703500016176703,0.029649998382330026,0.0
2013-02-07,0.9315887581812362,0.06841124181876372,0.0
2013-02-08,0.9639246624007383,0.03607533759926201,0.0
2013-02-11,0.9537828147622518,0.04621718523774851,0.0
2013-02-12,0.9534971097710964,0.04650289022890338,0.0
2013-02-13,0.9640887940605837,0.03591120593941668,0.0
2013-02-14,0.9632184194074505,0.036781580592549594,0.0
2013-02-15,0.9327036776609652,0.06729632233903486,0.0
2013-02-19,0.9436162259084612,0.056383774091539024,0.0
2013-02-20,0.7099437874923031,0.2900562125076967,0.0
2013-02-21,0.43886080550316525,0.5611391944968347,0.0
2013-02-22,0.9632854281215695,0.036714571878430705,0.0
2013-02-25,0.9026368402793221,0.09736315972067819,0.0
2013-02-26,0.9211468306763901,0.07885316932360995,0.0
2013-02-27,0.8982515200630345,0.1017484799369653,0.0
2013-02-28,0.9600724241397559,0.03992757586024482,0.0
2013-03-01,0.9470997283245983,0.05290027167540127,0.0
2013-03-04,0.9184839625677773,0.08151603743222256,0.0
2013-03-05,0.9314595200733746,0.06854047992662524,0.0
2013-03-06,0.5925537746644419,0.40744622533555813,0.0
2013-03-07,0.9302859326186951,0.06971406738130505,0.0
2013-03-08,0.8630420661659446,0.13695793383405516,0.0
2013-03-11,0.974588674407831,0.02541132559216876,0.0
2013-03-12,0.9436446108181306,0.05635538918186885,0.0
2013-03-13,0.9551805390246464,0.04481946097535384,0.0
2013-03-14,0.9596915962348482,0.04030840376515215,0.0
2013-03-15,0.9230119829670429,0.07698801703295713,0.0
2013-03-18,0.8764466151852328,0.12355338481476723,0.0
2013-03-19,0.9716222340331025,0.028377765966897804,0.0
2013-03-20,0.9670775792547206,0.032922420745279395,0.0
2013-03-21,0.8888874361386069,0.11111256386139301,0.0
2013-03-22,0.955168459766243,0.044831540233757405,0.0
2013-03-25,0.9638113499609225,0.03618865003907761,0.0
2013-03-26,0.9678034504639754,0.03219654953602451,0.0
2013-03-27,0.9520742976597513,0.0479257023402486,0.0
2013-03-28,0.8615103965193663,0.1384896034806338,0.0
2013-04-01,0.9400790127083807,0.059920987291619175,0.0
2013-04-02,0.8570988379251212,0.14290116207487877,0.0
2013-04-03,0.7083661437553527,0.2916338562446471,0.0
2013-04-04,0.8131046194745248,0.18689538052547505,0.0
2013-04-05,0.903352286971575,0.09664771302842506,0.0
2013-04-08,0.9178354549684651,0.08216454503153532,0.0
2013-04-09,0.8856905245461262,0.11430947545387382,0.0
2013-04-10,0.5724792142624904,0.4275207857375099,0.0
2013-04-11,0.9469840875205678,0.053015912479432235,0.0
2013-04-12,0.5993094930150539,0.4006905069849459,0.0
2013-04-15,0.000507463912699772,0.9994925360873005,0.0
2013-04-16,0.9424394912383376,0.0575605087616622,0.0
2013-04-17,0.46607545083570817,0.5339245491642917,0.0
2013-04-18,0.8431312479321272,0.1568687520678729,0.0
2013-04-19,0.9585504251007301,0.04144957489927025,0.0
2013-04-22,0.9595371614121626,0.04046283858783703,0.0
2013-04-23,0.8206052214184748,0.17939477858152508,0.0
2013-04-24,0.43217978444815347,0.5678202155518465,0.0
2013-04-25,0.9008131532938606,0.09918684670613943,0.0
2013-04-26,0.756307652417229,0.24369234758277095,0.0
2013-04-29,0.8011407161142673,0.19885928388573298,0.0
2013-04-30,0.9036499936837252,0.09635000631627502,0.0
2013-05-01,0.7797056764442002,0.22029432355579948,0.0
2013-05-02,0.9720315544756138,0.027968445524386078,0.0
2013-05-03,0.8564573921639482,0.14354260783605194,0.0
2013-05-06,0.9669380707882242,0.0330619292117757,0.0
2013-05-07,0.9319228195919763,0.06807718040802369,0.0
2013-05-08,0.6871359383873457,0.3128640616126547,0.0
2013-05-09,0.9201550725378528,0.0798449274621476,0.0
2013-05-10,0.05335728144127013,0.94664271855873,0.0
2013-05-13,0.9541913548323016,0.045808645167698614,0.0
2013-05-14,0.954867008324503,0.045132991675497024,0.0
2013-05-15,0.831164069049627,0.168835930950373,0.0
2013-05-16,0.9179887283172815,0.08201127168271888,0.0
2013-05-17,0.702968017030582,0.29703198296941763,0.0
2013-05-20,0.6200603599142616,0.37993964008573866,0.0
2013-05-21,0.9535719659730644,0.04642803402693578,0.0
2013-05-22,0.9167994205529079,0.08320057944709218,0.0
2013-05-23,0.4973165551980386,0.5026834448019614,0.0
2013-05-24,0.968724719226078,0.03127528077392231,0.0
2013-05-28,0.7353022630775843,0.26469773692241577,0.0
2013-05-29,0.5567054246639964,0.4432945753360037,0.0
2013-05-30,0.4915659871268094,0.5084340128731907,0.0
2013-05-31,0.628183375933151,0.37181662406684896,0.0
2013-06-03,0.7832243577183198,0.21677564228168006,0.0
2013-06-04,0.9634788536064065,0.0365211463935934,0.0
2013-06-05,0.4526339417653742,0.5473660582346256,0.0
2013-06-06,0.9382690707302082,0.06173092926979169,0.0
2013-06-07,0.5300024896172343,0.46999751038276594,0.0
2013-06-10,0.8586690168782611,0.1413309831217391,0.0
2013-06-11,0.6111311231716798,0.3888688768283201,0.0
2013-06-12,0.9213451918368815,0.07865480816311844,0.0
2013-06-13,0.9376151520853003,0.062384847914699525,0.0
2013-06-14,0.9507570515873182,0.0492429484126816,0.0
2013-06-17,0.9517790367982382,0.04822096320176154,0.0
2013-06-18,0.9401296635154639,0.05987033648453601,0.0
2013-06-19,0.6759833507886674,0.3240166492113322,0.0
2013-06-20,6.962028893301403e-08,0.9999999303797112,0.0
2013-06-21,0.8714805660177607,0.12851943398223914,0.0
2013-06-24,0.34317905490500505,0.6568209450949949,0.0
2013-06-25,0.9527985180801629,0.04720148191983709,0.0
2013-06-26,0.2730568693021271,0.7269431306978731,0.0
2013-06-27,0.902879448784678,0.09712055121532213,0.0
2013-06-28,0.08787547443202769,0.912124525567972,0.0
2013-07-01,0.9512173227935999,0.04878267720639991,0.0
2013-07-02,0.8015423196156701,0.19845768038432957,0.0
2013-07-03,0.93071053894645,0.06928946105355008,0.0
2013-07-05,0.4283766618836551,0.5716233381163449,0.0
2013-07-08,0.8438326430411406,0.15616735695885958,0.0
2013-07-09,0.9602209903468422,0.0397790096531577,0.0
2013-07-10,0.9324140204528147,0.06758597954718479,0.0
2013-07-11,0.004921719632414296,0.9950782803675853,0.0
2013-07-12,0.9639247843536255,0.03607521564637426,0.0
2013-07-15,0.9759350342851126,0.024064965714887067,0.0
2013-07-16,0.6384797987941633,0.3615202012058366,0.0
2013-07-17,0.9540347488668045,0.04596525113319548,0.0
2013-07-18,0.9546425997781773,0.045357400221822594,0.0
2013-07-19,0.8726562746773657,0.12734372532263422,0.0
2013-07-22,0.4414021963788506,0.5585978036211499,0.0
2013-07-23,0.8929509687289968,0.10704903127100318,0.0
2013-07-24,0.8291150251093994,0.17088497489060034,0.0
2013-07-25,0.9524631566369177,0.047536843363082046,0.0
2013-07-26,0.8243230720457637,0.1756769279542368,0.0
2013-07-29,0.9598299090118216,0.040170090988178433,0.0
2013-07-30,0.966187911673277,0.03381208832672304,0.0
2013-07-31,0.9606321951943626,0.03936780480563799,0.0
2013-08-01,0.7001043625311105,0.2998956374688896,0.0
2013-08-02,0.8657717208187119,0.13422827918128782,0.0
2013-08-05,0.9629329614495425,0.03706703855045696,0.0
2013-08-06,0.5679924171812754,0.4320075828187247,0.0
2013-08-07,0.9096627080458211,0.09033729195417897,0.0
2013-08-08,0.097940177263382,0.9020598227366179,0.0
2013-08-09,0.955832059431784,0.04416794056821602,0.0
2013-08-12,0.42529894551826114,0.5747010544817386,0.0
2013-08-13,0.6799970091532831,0.3200029908467173,0.0
2013-08-14,0.7461297421597618,0.25387025784023837,0.0
2013-08-15,0.022516523321325442,0.9774834766786743,0.0
2013-08-16,0.9558177848922108,0.04418221510778878,0.0
2013-08-19,0.9261184137869636,0.07388158621303684,0.0
2013-08-20,0.7180217322181103,0.28197826778188967,0.0
2013-08-21,0.7818895759024513,0.21811042409754827,0.0
2013-08-22,0.9018604367748944,0.09813956322510534,0.0
2013-08-23,0.9036242723075484,0.09637572769245129,0.0
2013-08-26,0.9382546194015576,0.0617453805984422,0.0
2013-08-27,0.1101297517856761,0.8898702482143237,0.0
2013-08-28,0.912792219846339,0.08720778015366114,0.0
2013-08-29,0.9501575954036662,0.0498424045963338,0.0
2013-08-30,0.9356639286821642,0.06433607131783618,0.0
2013-09-03,0.9035381762710758,0.09646182372892412,0.0
2013-09-04,0.8924412736864978,0.10755872631350169,0.0
2013-09-05,0.755268626576107,0.24473137342389287,0.0
2013-09-06,0.889233644056586,0.11076635594341411,0.0
2013-09-09,0.9068633897423961,0.09313661025760402,0.0
2013-09-10,0.744127296464877,0.2558727035351228,0.0
2013-09-11,0.9560223543654434,0.04397764563455641,0.0
2013-09-12,0.5198828262583499,0.4801171737416502,0.0
2013-09-13,0.9587122391051622,0.04128776089483804,0.0
2013-09-16,0.8428066674373481,0.1571933325626524,0.0
2013-09-17,0.9351928463251724,0.0648071536748274,0.0
2013-09-18,0.06857126061645137,0.9314287393835488,0.0
2013-09-19,0.5304943330794862,0.46950566692051365,0.0
2013-09-20,0.4781430912752772,0.5218569087247228,0.0
2013-09-23,0.9343257404207531,0.06567425957924647,0.0
2013-09-24,0.9598874875345524,0.04011251246544788,0.0
2013-09-25,0.9580007178144705,0.04199928218552938,0.0
2013-09-26,0.9580529066556828,0.041947093344317274,0.0
2013-09-27,0.9518161690890293,0.048183830910970546,0.0
2013-09-30,0.9131333299439166,0.08686667005608367,0.0
2013-10-01,0.9281273252821307,0.07187267471786934,0.0
2013-10-02,0.9254732512895242,0.074526748710476,0.0
2013-10-03,0.9552587350031235,0.04474126499687628,0.0
2013-10-04,0.9704110505436996,0.02958894945630026,0.0
2013-10-07,0.878792290917749,0.12120770908225094,0.0
2013-10-08,0.8094226456106639,0.19057735438933582,0.0
2013-10-09,0.9324744421482677,0.06752555785173255,0.0
2013-10-10,0.5874115432760479,0.4125884567239521,0.0
2013-10-11,0.9316378047437016,0.0683621952562983,0.0
2013-10-14,0.9708011663347287,0.029198833665271116,0.0
2013-10-15,0.8070594752139642,0.1929405247860359,0.0
2013-10-16,0.9400976372833634,0.05990236271663627,0.0
2013-10-17,0.07330535698434221,0.9266946430156577,0.0
2013-10-18,0.952840429988691,0.04715957001130859,0.0
2013-10-21,0.9344397227780792,0.06556027722192091,0.0
2013-10-22,0.6569055215046206,0.34309447849537944,0.0
2013-10-23,0.8776496975134549,0.12235030248654524,0.0
2013-10-24,0.8643187018438694,0.13568129815613064,0.0
2013-10-25,0.9730585653069477,0.026941434693052175,0.0
2013-10-28,0.9672311718808808,0.03276882811911944,0.0
2013-10-29,0.9564695209283054,0.043530479071694696,0.0
2013-10-30,0.9627141182729057,0.03728588172709425,0.0
2013-10-31,0.7926011388471682,0.20739886115283185,0.0
2013-11-01,0.8009861915771139,0.19901380842288582,0.0
2013-11-04,0.9087618818231901,0.09123811817680985,0.0
2013-11-05,0.9530671823050371,0.04693281769496299,0.0
2013-11-06,0.9654823466428967,0.03451765335710327,0.0
2013-11-07,0.7490395436915861,0.25096045630841396,0.0
2013-11-08,0.8852479103106866,0.11475208968931329,0.0
2013-11-11,0.9743680397273383,0.02563196027266181,0.0
2013-11-12,0.9641108683275049,0.03588913167249493,0.0
2013-11-13,0.9701053196121027,0.029894680387896843,0.0
2013-11-14,0.9316407860610487,0.06835921393895084,0.0
2013-11-15,0.9647931724639527,0.03520682753604771,0.0
2013-11-18,0.9326080442127003,0.06739195578729966,0.0
2013-11-19,0.9561238978118961,0.043876102188103686,0.0
2013-11-20,0.8971612898512422,0.10283871014875787,0.0
2013-11-21,0.9282253970623462,0.07177460293765403,0.0
2013-11-22,0.9597403668336009,0.04025963316639973,0.0
2013-11-25,0.9744414980386311,0.02555850196136903,0.0
2013-11-26,0.9318455800815505,0.06815441991844963,0.0
2013-11-27,0.9699940476854565,0.03000595231454357,0.0
2013-11-29,0.9556783193340284,0.044321680665971405,0.0
2013-12-02,0.6159833172658289,0.38401668273417106,0.0
2013-12-03,0.9372032170017709,0.06279678299822888,0.0
2013-12-04,0.695887953972876,0.3041120460271239,0.0
2013-12-05,0.9204657978059444,0.07953420219405541,0.0
2013-12-06,0.9525374493387966,0.04746255066120372,0.0
2013-12-09,0.9600633758674324,0.039936624132567586,0.0
2013-12-10,0.8021515714735854,0.19784842852641443,0.0
2013-12-11,0.7008969539295252,0.29910304607047455,0.0
2013-12-12,0.9105300111489584,0.08946998885104168,0.0
2013-12-13,0.9716698424687958,0.028330157531204086,0.0
2013-12-16,0.962672902003335,0.0373270979966646,0.0
2013-12-17,0.966584103760756,0.03341589623924394,0.0
2013-12-18,0.8399468641334092,0.16005313586659117,0.0
2013-12-19,0.8913151065562142,0.10868489344378611,0.0
2013-12-20,0.9621653941572881,0.03783460584271223,0.0
2013-12-23,0.9632649609514216,0.03673503904857843,0.0
2013-12-24,0.9099702195959413,0.09002978040405898,0.0
2013-12-26,0.9718647599948899,0.028135240005110244,0.0
2013-12-27,0.96840056892802,0.031599431071979676,0.0
2013-12-30,0.9467222399355067,0.05327776006449334,0.0
2013-12-31,0.8281635104188443,0.1718364895811555,0.0
2014-01-02,0.3473735496363427,0.6526264503636573,0.0
2014-01-03,0.9706366941410739,0.029363305858926343,0.0
2014-01-06,0.9638805272436646,0.03611947275633544,0.0
2014-01-07,0.97290240897754,0.027097591022459955,0.0
2014-01-08,0.9464588731099113,0.05354112689008918,0.0
2014-01-09,0.9392313712171966,0.06076862878280348,0.0
2014-01-10,0.7705730269690843,0.22942697303091575,0.0
2014-01-13,0.8570136602655861,0.14298633973441383,0.0
2014-01-14,0.9617430359388928,0.03825696406110713,0.0
2014-01-15,0.9036513599947831,0.096348640005217,0.0
2014-01-16,0.9679001882792873,0.032099811720712815,0.0
2014-01-17,0.9300894815427945,0.06991051845720526,0.0
2014-01-21,0.9639207353270486,0.03607926467295148,0.0
2014-01-22,0.9182196456613951,0.08178035433860478,0.0
2014-01-23,0.7191635928119611,0.2808364071880389,0.0
2014-01-24,0.04289660078492931,0.9571033992150706,0.0
2014-01-27,0.8113785546731764,0.18862144532682362,0.0
2014-01-28,0.9591140780753736,0.0408859219246266,0.0
2014-01-29,0.8790107647738431,0.12098923522615697,0.0
2014-01-30,0.9315560922921733,0.06844390770782657,0.0
2014-01-31,0.9487218613204347,0.051278138679565086,0.0
2014-02-03,0.3005143446822317,0.699485655317768,0.0
2014-02-04,0.8303966958880865,0.1696033041119137,0.0
2014-02-05,0.968565884389607,0.0314341156103929,0.0
2014-02-06,0.8616397542327963,0.1383602457672037,0.0
2014-02-07,0.8118984567379218,0.1881015432620779,0.0
2014-02-10,0.8912950390192153,0.10870496098078467,0.0
2014-02-11,0.8061262525372702,0.19387374746272978,0.0
2014-02-12,0.91727337175767,0.08272662824233022,0.0
2014-02-13,0.8556720471665838,0.1443279528334165,0.0
2014-02-14,0.9472947992460459,0.052705200753954164,0.0
2014-02-18,0.8584154190871098,0.14158458091289022,0.0
2014-02-19,0.8456088651838677,0.1543911348161322,0.0
2014-02-20,0.747012679279842,0.25298732072015784,0.0
2014-02-21,0.9720679042043061,0.02793209579569416,0.0
2014-02-24,0.970034437976666,0.029965562023334148,0.0
2014-02-25,0.9573049912940889,0.042695008705911676,0.0
2014-02-26,0.9668108296171081,0.03318917038289164,0.0
2014-02-27,0.9686668737095765,0.0313331262904233,0.0
2014-02-28,0.9576499479404701,0.04235005205952978,0.0
2014-03-03,0.4863470833492086,0.5136529166507916,0.0
2014-03-04,0.762974667391132,0.2370253326088682,0.0
2014-03-05,0.9627416754891854,0.037258324510814116,0.0
2014-03-06,0.9563128574690969,0.04368714253090313,0.0
2014-03-07,0.9494704812200145,0.050529518779985405,0.0
2014-03-10,0.9628980745377287,0.037101925462271555,0.0
2014-03-11,0.9693337426772279,0.030666257322772034,0.0
2014-03-12,0.8750769893011604,0.12492301069883967,0.0
2014-03-13,0.7114639069826708,0.2885360930173292,0.0
2014-03-14,0.9101226225747036,0.08987737742529608,0.0
2014-03-17,0.8686149362254965,0.13138506377450365,0.0
2014-03-18,0.9543230116752273,0.04567698832477257,0.0
2014-03-19,0.8487816819257652,0.15121831807423475,0.0
2014-03-20,0.7157013403843967,0.28429865961560324,0.0
2014-03-21,0.971446356181147,0.028553643818852843,0.0
2014-03-24,0.7015774311024658,0.2984225688975338,0.0
2014-03-25,0.9662367663006775,0.03376323369932248,0.0
2014-03-26,0.8626352077953511,0.13736479220464898,0.0
2014-03-27,0.9552542141281455,0.04474578587185464,0.0
2014-03-28,0.9505520993139113,0.049447900686088994,0.0
2014-03-31,0.9266590668126616,0.07334093318733845,0.0
2014-04-01,0.9481757990638411,0.05182420093615858,0.0
2014-04-02,0.9298543141671232,0.07014568583287703,0.0
2014-04-03,0.9553837789538522,0.0446162210461477,0.0
2014-04-04,0.9306055924590835,0.0693944075409166,0.0
2014-04-07,0.8255868899925132,0.1744131100074871,0.0
2014-04-08,0.9075703178709189,0.09242968212908123,0.0
2014-04-09,0.960388648301341,0.03961135169865893,0.0
2014-04-10,0.5739162065961262,0.4260837934038735,0.0
2014-04-11,0.8460927622298617,0.15390723777013812,0.0
2014-04-14,0.9492786512426502,0.05072134875734976,0.0
2014-04-15,0.9564893236169633,0.043510676383036344,0.0
2014-04-16,0.8979021939131127,0.10209780608688715,0.0
2014-04-17,0.9638949891918454,0.036105010808154744,0.0
2014-04-21,0.9673321644284189,0.03266783557158122,0.0
2014-04-22,0.9636462686797644,0.0363537313202362,0.0
2014-04-23,0.9507193996314969,0.04928060036850308,0.0
2014-04-24,0.9658308478238474,0.034169152176152524,0.0
2014-04-25,0.9033532044006941,0.09664679559930585,0.0
2014-04-28,0.9644860725898354,0.03551392741016445,0.0
2014-04-29,0.9556196214207915,0.044380378579208485,0.0
2014-04-30,0.9385175566456565,0.061482443354343594,0.0
2014-05-01,0.9328698710312586,0.0671301289687417,0.0
2014-05-02,0.9527748503617678,0.04722514963823239,0.0
2014-05-05,0.9734641749494279,0.02653582505057166,0.0
2014-05-06,0.9352344255679927,0.06476557443200709,0.0
2014-05-07,0.9625340335782738,0.037465966421725894,0.0
2014-05-08,0.9736202564712615,0.02637974352873813,0.0
2014-05-09,0.9464600904460613,0.053539909553938926,0.0
2014-05-12,0.9507642626775425,0.04923573732245726,0.0
2014-05-13,0.9744866316450643,0.025513368354935582,0.0
2014-05-14,0.9579901322899665,0.042009867710033615,0.0
2014-05-15,0.9150347561787899,0.08496524382121,0.0
2014-05-16,0.9689204072483636,0.03107959275163648,0.0
2014-05-19,0.9720366422247476,0.02796335777525218,0.0
2014-05-20,0.9567034069538032,0.04329659304619689,0.0
2014-05-21,0.963556861681039,0.036443138318960906,0.0
2014-05-22,0.9730697885244632,0.026930211475536654,0.0
2014-05-23,0.973034999676363,0.026965000323636933,0.0
2014-05-27,0.9029807834811905,0.09701921651880979,0.0
2014-05-28,0.9513106597882841,0.0486893402117164,0.0
2014-05-29,0.9674410423447488,0.03255895765525139,0.0
2014-05-30,0.9565806615534559,0.04341933844654455,0.0
2014-06-02,0.9560320277866108,0.0439679722133889,0.0
2014-06-03,0.960827303067177,0.03917269693282318,0.0
2014-06-04,0.9725408736393131,0.027459126360686904,0.0
2014-06-05,0.9557302206198864,0.044269779380113825,0.0
2014-06-06,0.9611240036962574,0.03887599630374274,0.0
2014-06-09,0.9737681896999802,0.02623181030001983,0.0
2014-06-10,0.924747302521625,0.07525269747837528,0.0
2014-06-11,0.9430652164899047,0.05693478351009521,0.0
2014-06-12,0.8865113022097999,0.11348869779020035,0.0
2014-06-13,0.9705281535761172,0.029471846423882897,0.0
2014-06-16,0.9699264711309343,0.030073528869065884,0.0
2014-06-17,0.9582059843241524,0.04179401567584771,0.0
2014-06-18,0.9443742285555812,0.05562577144441909,0.0
2014-06-19,0.7571592932234561,0.2428407067765435,0.0
2014-06-20,0.9650314419551231,0.03496855804487694,0.0
2014-06-23,0.9479159613398156,0.05208403866018467,0.0
2014-06-24,0.907022428939974,0.09297757106002588,0.0
2014-06-25,0.9596825859599611,0.04031741404003882,0.0
2014-06-26,0.9682294854983715,0.031770514501628044,0.0
2014-06-27,0.9668237701307882,0.03317622986921176,0.0
2014-06-30,0.8923380372322873,0.10766196276771259,0.0
2014-07-01,0.9562495978565483,0.04375040214345188,0.0
2014-07-02,0.9462190757575912,0.053780924242408726,0.0
2014-07-03,0.9663336854110497,0.033666314588950474,0.0
2014-07-07,0.9044251816824053,0.0955748183175948,0.0
2014-07-08,0.8859235917176376,0.1140764082823628,0.0
2014-07-09,0.9010793686084633,0.09892063139153674,0.0
2014-07-10,0.9261737565136384,0.07382624348636153,0.0
2014-07-11,0.9023921152341225,0.09760788476587771,0.0
2014-07-14,0.9270900678461894,0.07290993215381046,0.0
2014-07-15,0.9342663728805676,0.06573362711943262,0.0
2014-07-16,0.9600549466378586,0.0399450533621413,0.0
2014-07-17,0.7337863829662463,0.2662136170337534,0.0
2014-07-18,0.9592275047008318,0.04077249529916817,0.0
2014-07-21,0.9681687945655348,0.031831205434465125,0.0
2014-07-22,0.9549448144054672,0.04505518559453302,0.0
2014-07-23,0.9726205312446986,0.02737946875530185,0.0
2014-07-24,0.9642092700394166,0.03579072996058325,0.0
2014-07-25,0.8718914329947639,0.12810856700523593,0.0
2014-07-28,0.9710870772749566,0.028912922725043373,0.0
2014-07-29,0.9645675109149232,0.03543248908507681,0.0
2014-07-30,0.9231660893498261,0.07683391065017396,0.0
2014-07-31,0.5315457944204591,0.46845420557954076,0.0
2014-08-01,0.9175311144467431,0.08246888555325692,0.0
2014-08-04,0.956249408061176,0.04375059193882408,0.0
2014-08-05,0.888443903478872,0.11155609652112794,0.0
2014-08-06,0.9222037222655871,0.07779627773441292,0.0
2014-08-07,0.9516497509947088,0.04835024900529154,0.0
2014-08-08,0.9564972890684956,0.043502710931504256,0.0
2014-08-11,0.9588037889412246,0.04119621105877564,0.0
2014-08-12,0.9361976470870572,0.06380235291294271,0.0
2014-08-13,0.956448662507205,0.04355133749279525,0.0
2014-08-14,0.9585823659184063,0.041417634081593324,0.0
2014-08-15,0.965105222091761,0.034894777908238646,0.0
2014-08-18,0.9304955526281649,0.06950444737183552,0.0
2014-08-19,0.9674702134409808,0.032529786559019405,0.0
2014-08-20,0.9689438496726474,0.031056150327352743,0.0
2014-08-21,0.9492403186380465,0.05075968136195327,0.0
2014-08-22,0.9630695953447198,0.036930404655280184,0.0
2014-08-25,0.9612019201458505,0.038798079854149445,0.0
2014-08-26,0.9513726667448121,0.04862733325518774,0.0
2014-08-27,0.9685499432750243,0.031450056724975965,0.0
2014-08-28,0.9568032987793151,0.04319670122068486,0.0
2014-08-29,0.9692522648727694,0.030747735127230787,0.0
2014-09-02,0.8239793793169126,0.17602062068308766,0.0
2014-09-03,0.9732452671019246,0.026754732898074972,0.0
2014-09-04,0.8836469561901164,0.11635304380988346,0.0
2014-09-05,0.9714282515837821,0.02857174841621824,0.0
2014-09-08,0.9369479352857109,0.06305206471428891,0.0
2014-09-09,0.770549547761485,0.22945045223851518,0.0
2014-09-10,0.9585724414842558,0.04142755851574434,0.0
2014-09-11,0.94349363598254,0.056506364017460044,0.0
2014-09-12,0.9320341695952965,0.0679658304047035,0.0
2014-09-15,0.970788897666797,0.02921110233320289,0.0
2014-09-16,0.96316725486542,0.03683274513458009,0.0
2014-09-17,0.9563393807657062,0.043660619234294,0.0
2014-09-18,0.8359127403546418,0.1640872596453579,0.0
2014-09-19,0.9410694871341956,0.05893051286580435,0.0
2014-09-22,0.8457273539187096,0.15427264608129038,0.0
2014-09-23,0.9058295968051724,0.09417040319482747,0.0
2014-09-24,0.9349422502028213,0.06505774979717882,0.0
2014-09-25,0.7502218919775904,0.24977810802240935,0.0
2014-09-26,0.9556742911441211,0.04432570885587892,0.0
2014-09-29,0.890865670521465,0.10913432947853503,0.0
2014-09-30,0.8810027793951047,0.11899722060489508,0.0
2014-10-01,0.763354282496779,0.23664571750322078,0.0
2014-10-02,0.87643146662992,0.12356853337007959,0.0
2014-10-03,0.61792985879419,0.3820701412058097,0.0
2014-10-06,0.8899380091575283,0.11006199084247188,0.0
2014-10-07,0.3275440730547478,0.6724559269452524,0.0
2014-10-08,0.08047252255173899,0.9195274774482612,0.0
2014-10-09,0.4027814605681611,0.5972185394318389,0.0
2014-10-10,0.37103433194526697,0.6289656680547331,0.0
2014-10-13,0.7894242889980504,0.2105757110019498,0.0
2014-10-14,0.9455940165574074,0.054405983442592586,0.0
2014-10-15,0.3289089719567112,0.6710910280432888,0.0
2014-10-16,0.9366202167392828,0.06337978326071726,0.0
2014-10-17,0.6494521855445423,0.35054781445545746,0.0
2014-10-20,0.8626939709380277,0.13730602906197228,0.0
2014-10-21,0.70540036083698,0.29459963916301957,0.0
2014-10-22,0.8963623344258126,0.10363766557418748,0.0
2014-10-23,0.9167049329664835,0.0832950670335167,0.0
2014-10-24,0.9583976251435231,0.04160237485647732,0.0
2014-10-27,0.9408763116062939,0.05912368839370631,0.0
2014-10-28,0.8992675421206477,0.10073245787935228,0.0
2014-10-29,0.5958112582882907,0.40418874171170927,0.0
2014-10-30,0.2738336779130519,0.726166322086948,0.0
2014-10-31,0.15072197272637805,0.8492780272736221,0.0
2014-11-03,0.5141145201664805,0.4858854798335191,0.0
2014-11-04,0.5647314713435068,0.43526852865649335,0.0
2014-11-05,0.6584844988408205,0.34151550115917884,0.0
2014-11-06,0.7210561555948679,0.2789438444051325,0.0
2014-11-07,0.20150582308298776,0.7984941769170121,0.0
2014-11-10,0.3864022012678119,0.6135977987321882,0.0
2014-11-11,0.7016686529178978,0.29833134708210207,0.0
2014-11-12,0.9656409497224091,0.03435905027759088,0.0
2014-11-13,0.9308611313101662,0.06913886868983381,0.0
2014-11-14,0.44217838456808733,0.5578216154319124,0.0
2014-11-17,0.9494199354079983,0.050580064592001955,0.0
2014-11-18,0.5704625514018287,0.42953744859817133,0.0
2014-11-19,0.5733287438171291,0.42667125618287083,0.0
2014-11-20,0.9389437625731922,0.06105623742680764,0.0
2014-11-21,0.9593276524566727,0.04067234754332733,0.0
2014-11-24,0.9566176098527128,0.04338239014728712,0.0
2014-11-25,0.8651731176640727,0.13482688233592716,0.0
2014-11-26,0.9495021475170123,0.050497852482987514,0.0
2014-11-28,0.00020418636823272515,0.9997958136317674,0.0
2014-12-01,0.05684348620602865,0.9431565137939714,0.0
2014-12-02,0.418904544722898,0.5810954552771023,0.0
2014-12-03,0.8069608602808629,0.19303913971913664,0.0
2014-12-04,0.9234016658624643,0.07659833413753583,0.0
2014-12-05,0.8004078009199229,0.19959219908007672,0.0
2014-12-08,0.7604464121243195,0.23955358787568062,0.0
2014-12-09,0.2643443891995287,0.7356556108004713,0.0
2014-12-10,0.4530913707078768,0.5469086292921231,0.0
2014-12-11,0.9660265391410794,0.03397346085892058,0.0
2014-12-12,0.27369816771768946,0.7263018322823104,0.0
2014-12-15,0.14225476566414885,0.857745234335851,0.0
2014-12-16,0.6174009610454367,0.3825990389545636,0.0
2014-12-17,0.2776830550044266,0.7223169449955734,0.0
2014-12-18,0.018407225046728707,0.9815927749532714,0.0
2014-12-19,0.9606605209559225,0.03933947904407764,0.0
2014-12-22,0.33834522276357,0.6616547772364301,0.0
2014-12-23,0.8704439380592547,0.12955606194074512,0.0
2014-12-24,0.6382868138928897,0.3617131861071107,0.0
2014-12-26,0.9400854468816847,0.05991455311831494,0.0
2014-12-29,0.9290325197832457,0.0709674802167543,0.0
2014-12-30,0.6682110212232109,0.3317889787767891,0.0
2014-12-31,0.6984953076757117,0.3015046923242886,0.0
2015-01-02,0.8725793297988218,0.1274206702011777,0.0
2015-01-05,0.051783841513426486,0.9482161584865736,0.0
2015-01-06,0.10599367589143138,0.8940063241085685,0.0
2015-01-07,0.904295389656518,0.0957046103434816,0.0
2015-01-08,0.2703602662209227,0.7296397337790772,0.0
2015-01-09,0.6351251635531555,0.3648748364468445,0.0
2015-01-12,0.20014149414009935,0.7998585058599003,0.0
2015-01-13,0.753648889240805,0.2463511107591949,0.0
2015-01-14,0.26789925412827137,0.7321007458717288,0.0
2015-01-15,0.24928079376867496,0.7507192062313249,0.0
2015-01-16,0.5915444256187659,0.408455574381234,0.0
2015-01-20,0.23740110030144873,0.7625988996985513,0.0
2015-01-21,0.9130472838014725,0.08695271619852728,0.0
2015-01-22,0.6633304101078189,0.3366695898921809,0.0
2015-01-23,0.9098283592000882,0.09017164079991138,0.0
2015-01-26,0.94952300603097,0.050476993969030146,0.0
2015-01-27,0.7545520061095975,0.24544799389040248,0.0
2015-01-28,0.560489064067946,0.4395109359320539,0.0
2015-01-29,0.8557367853447921,0.14426321465520786,0.0
2015-01-30,0.1400788096135465,0.8599211903864534,0.0
2015-02-02,0.9185644661349569,0.08143553386504326,0.0
2015-02-03,0.03952418020838535,0.9604758197916146,0.0
2015-02-04,0.2185184739371333,0.7814815260628671,0.0
2015-02-05,0.9412427229591467,0.05875727704085343,0.0
2015-02-06,0.3071396171769416,0.6928603828230585,0.0
2015-02-09,0.9147507318959771,0.08524926810402332,0.0
2015-02-10,0.7784070652721272,0.22159293472787275,0.0
2015-02-11,0.9509065470560129,0.04909345294398687,0.0
2015-02-12,0.6408515206882047,0.3591484793117955,0.0
2015-02-13,0.8924106119751112,0.107589388024889,0.0
2015-02-17,0.9175971826466708,0.08240281735332922,0.0
2015-02-18,0.8820258619516854,0.11797413804831432,0.0
2015-02-19,0.9500114218269177,0.04998857817308239,0.0
2015-02-20,0.9656266215598311,0.03437337844016859,0.0
2015-02-23,0.9310287131393625,0.0689712868606374,0.0
2015-02-24,0.9676795867811165,0.03232041321888329,0.0
2015-02-25,0.933333701083599,0.06666629891640093,0.0
2015-02-26,0.8545228171313983,0.1454771828686017,0.0
2015-02-27,0.9065402163503726,0.09345978364962731,0.0
2015-03-02,0.790416627682261,0.20958337231773871,0.0
2015-03-03,0.9351759210031279,0.06482407899687204,0.0
2015-03-04,0.9248815150880025,0.07511848491199775,0.0
2015-03-05,0.971385487415998,0.028614512584002154,0.0
2015-03-06,0.008477197413055793,0.9915228025869439,0.0
2015-03-09,0.872416306255454,0.12758369374454595,0.0
2015-03-10,0.2404982031306412,0.7595017968693589,0.0
2015-03-11,0.7775486905288382,0.22245130947116162,0.0
2015-03-12,0.8590886742023807,0.1409113257976191,0.0
2015-03-13,0.6899623430138099,0.3100376569861897,0.0
2015-03-16,0.8522318089965628,0.14776819100343702,0.0
2015-03-17,0.9599901204449731,0.04000987955502727,0.0
2015-03-18,0.47374055620934996,0.5262594437906501,0.0
2015-03-19,0.9630912901936846,0.03690870980631499,0.0
2015-03-20,0.21860227073412902,0.7813977292658708,0.0
2015-03-23,0.925426546306541,0.074573453693459,0.0
2015-03-24,0.9662543754234036,0.03374562457659659,0.0
2015-03-25,0.7569680589236703,0.24303194107632936,0.0
2015-03-26,0.713905285467898,0.28609471453210195,0.0
2015-03-27,0.7783658487232982,0.22163415127670189,0.0
2015-03-30,0.9183121643287177,0.08168783567128232,0.0
2015-03-31,0.7864027064214174,0.21359729357858273,0.0
2015-04-01,0.41182213446542526,0.5881778655345749,0.0
2015-04-02,0.9329577337613777,0.06704226623862203,0.0
2015-04-06,0.651823497888209,0.3481765021117911,0.0
2015-04-07,0.7829670666614759,0.21703293333852436,0.0
2015-04-08,0.5784757637279657,0.4215242362720347,0.0
2015-04-09,0.8714876152184525,0.1285123847815473,0.0
2015-04-10,0.9358203307965555,0.06417966920344448,0.0
2015-04-13,0.9527561151229452,0.047243884877054866,0.0
2015-04-14,0.7245104412213055,0.27548955877869447,0.0
2015-04-15,0.5525541516627618,0.4474458483372383,0.0
2015-04-16,0.8944498293157507,0.10555017068424966,0.0
2015-04-17,0.7765029148980531,0.2234970851019471,0.0
2015-04-20,0.9345389741847303,0.06546102581526972,0.0
2015-04-21,0.9668444746969588,0.03315552530304133,0.0
2015-04-22,0.9399234476938126,0.06007655230618745,0.0
2015-04-23,0.9375541883473536,0.06244581165264651,0.0
2015-04-24,0.9220361267380499,0.07796387326194994,0.0
2015-04-27,0.9456970551988938,0.054302944801106236,0.0
2015-04-28,0.8703348865165793,0.12966511348342075,0.0
2015-04-29,0.9073568499918634,0.09264315000813657,0.0
2015-04-30,0.6405855280924537,0.3594144719075463,0.0
2015-05-01,0.9341969052370818,0.06580309476291854,0.0
2015-05-04,0.9645089593157332,0.03549104068426716,0.0
2015-05-05,0.5818535656948851,0.41814643430511456,0.0
2015-05-06,0.937115914489922,0.06288408551007856,0.0
2015-05-07,0.8371429522243565,0.1628570477756434,0.0
2015-05-08,0.6722773723456518,0.32772262765434823,0.0
2015-05-11,0.8322231737190454,0.1677768262809549,0.0
2015-05-12,0.9052411528264465,0.09475884717355391,0.0
2015-05-13,0.9281780548131666,0.0718219451868332,0.0
2015-05-14,0.9461177329648922,0.05388226703510796,0.0
2015-05-15,0.8533466345537937,0.14665336544620622,0.0
2015-05-18,0.8958701331073119,0.10412986689268787,0.0
2015-05-19,0.14422823660674366,0.8557717633932561,0.0
2015-05-20,0.9691936577337865,0.030806342266213576,0.0
2015-05-21,0.9448007559022416,0.05519924409775838,0.0
2015-05-22,0.8392101277766099,0.16078987222338995,0.0
2015-05-26,0.22378192913064537,0.7762180708693545,0.0
2015-05-27,0.925088435452458,0.07491156454754214,0.0
2015-05-28,0.9621805683069964,0.03781943169300384,0.0
2015-05-29,0.8473658484748405,0.15263415152515963,0.0
2015-06-01,0.8669438989133799,0.13305610108662036,0.0
2015-06-02,0.9347666357654731,0.06523336423452673,0.0
2015-06-03,0.9236892159284107,0.07631078407158906,0.0
2015-06-04,0.8510899823129601,0.14891001768703976,0.0
2015-06-05,0.20307355294921137,0.7969264470507887,0.0
2015-06-08,0.9406814966504109,0.059318503349588735,0.0
2015-06-09,0.7423357364469079,0.2576642635530921,0.0
2015-06-10,0.6914476430634189,0.30855235693658106,0.0
2015-06-11,0.8889684274252471,0.11103157257475331,0.0
2015-06-12,0.9000068800132663,0.09999311998673348,0.0
2015-06-15,0.9014912203627723,0.09850877963722751,0.0
2015-06-16,0.9600631085939915,0.03993689140600793,0.0
2015-06-17,0.9412043011941961,0.058795698805803806,0.0
2015-06-18,0.4953905291039641,0.5046094708960359,0.0
2015-06-19,0.91859427994511,0.0814057200548903,0.0
2015-06-22,0.825101855166673,0.17489814483332652,0.0
2015-06-23,0.633443069314483,0.36655693068551665,0.0
2015-06-24,0.9456152007064794,0.05438479929352048,0.0
2015-06-25,0.9536554796990936,0.04634452030090618,0.0
2015-06-26,0.9212877898751651,0.07871221012483468,0.0
2015-06-29,0.028761099571955266,0.971238900428045,0.0
2015-06-30,0.5536043424994407,0.4463956575005593,0.0
2015-07-01,0.7754862153259172,0.22451378467408292,0.0
2015-07-02,0.9494898839926034,0.05051011600739661,0.0
2015-07-06,0.04500393955275387,0.954996060447246,0.0
2015-07-07,0.6110906000106111,0.3889093999893887,0.0
2015-07-08,0.5051612233349083,0.4948387766650922,0.0
2015-07-09,0.831979978611221,0.16802002138877942,0.0
2015-07-10,0.6572632646343944,0.3427367353656056,0.0
2015-07-13,0.8302056491494971,0.16979435085050254,0.0
2015-07-14,0.9603327921970191,0.03966720780298098,0.0
2015-07-15,0.9193170901809429,0.08068290981905665,0.0
2015-07-16,0.9440821745899038,0.055917825410096364,0.0
2015-07-17,0.7328135572469753,0.2671864427530248,0.0
2015-07-20,0.00422569088488192,0.9957743091151181,0.0
2015-07-21,0.9087622558084141,0.09123774419158615,0.0
2015-07-22,0.8915129654827743,0.10848703451722583,0.0
2015-07-23,0.579718411085864,0.4202815889141357,0.0
2015-07-24,0.3563053530035539,0.6436946469964461,0.0
2015-07-27,0.3891370389037803,0.6108629610962196,0.0
2015-07-28,0.8990259165138348,0.1009740834861653,0.0
2015-07-29,0.9345516391140102,0.06544836088599029,0.0
2015-07-30,0.9003033673283702,0.09969663267162938,0.0
2015-07-31,0.7032095667618747,0.29679043323812504,0.0
2015-08-03,0.7156124629758839,0.2843875370241163,0.0
2015-08-04,0.9455368021283187,0.054463197871681156,0.0
2015-08-05,0.7664338333634891,0.23356616663651075,0.0
2015-08-06,0.7885840182793741,0.2114159817206264,0.0
2015-08-07,0.9401777923453668,0.059822207654633176,0.0
2015-08-10,0.03490077694004578,0.965099223059954,0.0
2015-08-11,0.3487607732316436,0.6512392267683562,0.0
2015-08-12,0.08150730485098542,0.9184926951490145,0.0
2015-08-13,0.6293600191137471,0.37063998088625305,0.0
2015-08-14,0.9740996012750796,0.025900398724920184,0.0
2015-08-17,0.761349313173271,0.23865068682672896,0.0
2015-08-18,0.9465963060698929,0.053403693930106834,0.0
2015-08-19,0.4502226363252873,0.5497773636747126,0.0
2015-08-20,0.043216480498826974,0.9567835195011732,0.0
2015-08-21,0.0009907203310762702,0.9990092796689234,0.0
2015-08-24,2.4051149664083457e-10,0.9999999997594887,0.0
2015-08-25,0.039118670823636535,0.9608813291763634,0.0
2015-08-26,0.009757893222998436,0.9902421067770015,0.0
2015-08-27,0.00017521554835524586,0.9998247844516449,0.0
2015-08-28,0.6141301645547739,0.3858698354452261,0.0
2015-08-31,0.43742780348584953,0.5625721965141504,0.0
2015-09-01,0.0005154240555849503,0.9994845759444152,0.0
2015-09-02,0.9176389118612631,0.0823610881387368,0.0
2015-09-03,0.9508774752650713,0.04912252473492871,0.0
2015-09-04,0.19299592449313346,0.8070040755068668,0.0
2015-09-08,0.4837672591795691,0.5162327408204306,0.0
2015-09-09,0.8673076897637746,0.13269231023622569,0.0
2015-09-10,0.9268365935192152,0.07316340648078447,0.0
2015-09-11,0.9540427647268247,0.045957235273175266,0.0
2015-09-14,0.948295230560156,0.051704769439844055,0.0
2015-09-16,0.2470724023834257,0.7529275976165741,0.0
2015-09-17,0.9038802573766056,0.09611974262339398,0.0
2015-09-18,0.06609895738910859,0.9339010426108919,0.0
2015-09-21,0.32036002141114944,0.6796399785888502,0.0
2015-09-22,0.13870792058231932,0.8612920794176808,0.0
2015-09-23,0.9603102996607278,0.03968970033927223,0.0
2015-09-24,0.09289032039159738,0.9071096796084028,0.0
2015-09-25,0.6267550230993421,0.3732449769006578,0.0
2015-09-28,0.012019272757624728,0.9879807272423751,0.0
2015-09-29,0.9178861729451111,0.08211382705488876,0.0
2015-09-30,0.22294222168998695,0.7770577783100128,0.0
2015-10-01,0.8912095549172557,0.10879044508274464,0.0
2015-10-02,0.06534070584599296,0.9346592941540068,0.0
2015-10-05,0.08340469821605943,0.9165953017839404,0.0
2015-10-06,0.7410233983497219,0.25897660165027764,0.0
2015-10-07,0.9475007681043609,0.052499231895639466,0.0
2015-10-08,0.9629228938536423,0.0370771061463579,0.0
2015-10-09,0.8092032875133416,0.19079671248665822,0.0
2015-10-12,0.7884451686261621,0.21155483137383793,0.0
2015-10-13,0.9151322761397911,0.08486772386020894,0.0
2015-10-14,0.17614897804840535,0.8238510219515947,0.0
2015-10-15,0.7661703485387669,0.2338296514612331,0.0
2015-10-16,0.8913789251085384,0.10862107489146147,0.0
2015-10-19,0.7518877731619594,0.2481122268380406,0.0
2015-10-20,0.7810007870716831,0.21899921292831676,0.0
2015-10-21,0.8144848022778813,0.18551519772211827,0.0
2015-10-22,0.7886359798355336,0.21136402016446637,0.0
2015-10-23,0.3758343686275546,0.6241656313724454,0.0
2015-10-26,0.8874914488867051,0.11250855111329502,0.0
2015-10-27,0.9320564743912259,0.06794352560877422,0.0
2015-10-28,0.8030346992690058,0.196965300730994,0.0
2015-10-29,0.6049356939787218,0.3950643060212782,0.0
2015-10-30,0.8672071094063343,0.13279289059366547,0.0
2015-11-02,0.9322582831818046,0.06774171681819534,0.0
2015-11-03,0.915992655312239,0.08400734468776047,0.0
2015-11-04,0.8694428264003349,0.13055717359966496,0.0
2015-11-05,0.8149677518794476,0.1850322481205522,0.0
2015-11-06,0.21122331957570153,0.7887766804242987,0.0
2015-11-09,0.6119069179969684,0.38809308200303194,0.0
2015-11-10,0.9317616141001279,0.06823838589987263,0.0
2015-11-11,0.9601822382958344,0.039817761704165205,0.0
2015-11-12,0.6856320091690143,0.31436799083098627,0.0
2015-11-13,0.7884115756849329,0.21158842431506708,0.0
2015-11-16,0.949859792958155,0.05014020704184524,0.0
2015-11-17,0.5450768667100958,0.454923133289904,0.0
2015-11-18,0.6688644018321979,0.3311355981678023,0.0
2015-11-19,0.8767334157304558,0.12326658426954386,0.0
2015-11-20,0.8889937300536268,0.11091727903002499,8.899091634839384e-05
2015-11-23,0.9572039738183985,0.04278647699751757,9.549184084012956e-06
2015-11-24,0.8179204523843728,0.18201615239199284,6.339522363429308e-05
2015-11-25,0.9752503983707246,0.024745050931943246,4.550697331829916e-06
2015-11-27,0.880015415491662,0.11988396849435463,0.00010061601398371337
2015-11-30,0.8669024842996682,0.1330280901875788,6.942551275312304e-05
2015-12-01,0.8084997455893002,0.19139952837706045,0.00010072603363929432
2015-12-02,0.6683373565453203,0.33134516073745907,0.00031748271722043767
2015-12-03,0.4024470670506125,0.59710162482501,0.0004513081243778404
2015-12-04,0.46662038934283956,0.5329273151013704,0.000452295555789694
2015-12-07,0.09183208155585659,0.906505218583604,0.0016626998605396362
2015-12-08,0.8063365551729872,0.19351213285854513,0.00015131196846755436
2015-12-09,0.9056350131476396,0.09433754968611205,2.7437166248162807e-05
2015-12-10,0.9693981023000312,0.030592821394539206,9.076305429330272e-06
2015-12-11,0.26863303374424674,0.7309505401405514,0.0004164261152020194
2015-12-14,0.40266753379475484,0.5909329527249297,0.0063995134803156075
2015-12-15,0.6604437622760121,0.33806726999791603,0.0014889677260719024
2015-12-16,0.28081997048859414,0.7169716458293955,0.0022083836820100252
2015-12-17,0.13974138884678472,0.8589745364273431,0.0012840747258725516
2015-12-18,0.1771845692934521,0.8225160787032145,0.00029935200333327595
2015-12-21,0.9579851693921018,0.04200468959155175,1.0141016346766246e-05
2015-12-22,0.9362592629033767,0.06369320736155493,4.752973506824407e-05
2015-12-23,0.5339577098567674,0.465621191736861,0.000421098406371478
2015-12-24,0.9302664820008308,0.06971534438185747,1.8173617311464157e-05
2015-12-28,0.7689542107632645,0.23082206119464505,0.00022372804209016577
2015-12-29,0.6709485101271867,0.3285664761844135,0.00048501368839984886
2015-12-30,0.8739035373522526,0.12601344142965337,8.302121809370622e-05
2015-12-31,0.8656282952827186,0.13433319557320758,3.850914407376209e-05
2016-01-04,0.07401974380114444,0.925436389916405,0.0005438662824504016
2016-01-05,0.970957910501855,0.029034320614315955,7.768883829025225e-06
2016-01-06,0.32772642338205793,0.6719015457375271,0.0003720308804147523
2016-01-07,0.024393820612312055,0.9750732758910734,0.000532903496614768
2016-01-08,0.6068591486335643,0.3927609860888028,0.0003798652776330085
2016-01-11,0.3163899360240278,0.6822508075273352,0.0013592564486367563
2016-01-12,0.8627620222078811,0.13712203061719702,0.00011594717492175341
2016-01-13,0.7275323627447736,0.2723777125108469,8.992474437942468e-05
2016-01-14,0.8788646901030421,0.12089425805830804,0.00024105183864977603
2016-01-15,0.06564173489463178,0.9331483290009805,0.0012099361043874457
2016-01-19,0.3333285498234382,0.6659144682372155,0.0007569819393463239
2016-01-20,0.017113168632844147,0.9813721165681853,0.001514714798970475
2016-01-21,0.8501555472765455,0.14976120816329302,8.32445601615101e-05
2016-01-22,0.01734866747918253,0.9818886832659711,0.0007626492548463218
2016-01-25,0.4126264699561505,0.587038180085706,0.00033534995814337424
2016-01-26,0.49745897592378807,0.5023497874658333,0.00019123661037847415
2016-01-27,0.8867568260639421,0.11320954603573488,3.362790032285182e-05
2016-01-28,0.9233741537125024,0.07657795632931516,4.788995818236461e-05
2016-01-29,0.20515305258667055,0.7943897048459576,0.00045724256737212954
2016-02-01,0.3862159136466096,0.6124216996163079,0.0013623867370823185
2016-02-02,0.15671649138617877,0.842509912908788,0.0007735957050333096
2016-02-03,0.007813492775443718,0.9893298714587878,0.0028566357657685373
2016-02-04,0.5114820882940695,0.4881249270342252,0.00039298467170514173
2016-02-05,0.022787422167672915,0.9755698055724784,0.001642772259848531
2016-02-08,0.1412532104967182,0.8584178884476522,0.0003289010556293945
2016-02-09,0.07509403728379685,0.9173707630576995,0.007535199658503612
2016-02-10,0.9272859262679372,0.07268081587813258,3.3257853930103485e-05
2016-02-11,0.004520124109417864,0.9902463376801084,0.005233538210474081
2016-02-12,0.03232482697689263,0.9538335441397647,0.013841628883342639
2016-02-16,0.22454173230404995,0.773806920671489,0.0016513470244610812
2016-02-17,0.3367928924589347,0.6629553445660503,0.0002517629750148918
2016-02-18,0.5905508635345719,0.4091079764482014,0.0003411600172267586
2016-02-19,0.9247059371717207,0.07525110714858493,4.295567969381496e-05
2016-02-22,0.7339898679486943,0.2658877071872635,0.00012242486404200384
2016-02-23,0.49285051223348336,0.5069175412672342,0.0002319464992822089
2016-02-24,0.9027862999227082,0.09717402371971638,3.967635757517399e-05
2016-02-25,0.7566169356020512,0.2430909788559114,0.00029208554203760434
2016-02-26,0.8503587566939323,0.14953571738322452,0.00010552592284310679
2016-02-29,0.8088336858092863,0.1911093546931863,5.695949752787523e-05
2016-03-01,0.20850938396927896,0.7907195601710046,0.000771055859716501
2016-03-02,0.7612090414093846,0.23857371697329094,0.00021724161732464246
2016-03-03,0.7232665817642588,0.27653713461768703,0.00019628361805407282
2016-03-04,0.6831892944458058,0.31670497425933103,0.00010573129486332463
2016-03-07,0.8682317358505683,0.13173027626237716,3.7987887054559303e-05
2016-03-08,0.04984372991354573,0.9355373058913277,0.0146189641951264
2016-03-09,0.6751600747342253,0.32457653113955737,0.00026339412621748445
2016-03-10,0.8114618140612118,0.18840111640202578,0.00013706953676237773
2016-03-11,0.2315472082233201,0.7678959865690688,0.0005568052076107918
2016-03-14,0.920363156188085,0.07957148645161409,6.535736030090213e-05
2016-03-15,0.9169520561869886,0.08301217958563756,3.576422737385971e-05
2016-03-16,0.28752120916456436,0.7118007532426608,0.0006780375927748956
2016-03-17,2.9421258159870783e-06,0.9500061386891275,0.049990919185056534
2016-03-18,0.9555965405939961,0.0443862228862928,1.723651971121981e-05
2016-03-21,0.9624196944200702,0.03756933497565794,1.0970604271549173e-05
2016-03-22,0.9679594504488245,0.03203476877829081,5.780772884469047e-06
2016-03-23,0.05912596835568453,0.9386032695518901,0.0022707620924253638
2016-03-24,0.8405450583014558,0.15935192710581175,0.00010301459273225313
2016-03-28,0.9686899104604789,0.03130159273612765,8.49680339306468e-06
2016-03-29,0.5765638959272806,0.4229691985811691,0.0004669054915501524
2016-03-30,0.4739491069624589,0.5241577734468684,0.0018931195906727234
2016-03-31,0.9543657970032287,0.0456150381647345,1.9164832036740455e-05
2016-04-01,0.8722907979996656,0.12760003790964627,0.00010916409068826454
2016-04-04,0.706253909726984,0.2931505222881513,0.0005955679848641456
2016-04-05,0.3610269282589917,0.6387551139814903,0.0002179577595177495
2016-04-06,0.9174229362707689,0.08254675386237749,3.0309866853411552e-05
2016-04-07,0.6930958772153494,0.3067377246919893,0.00016639809266107044
2016-04-08,0.5330608358560183,0.46678065216000303,0.00015851198397862884
2016-04-11,0.46143925441047856,0.538292735599203,0.00026800999031806425
2016-04-12,0.44137308122016156,0.558281724175124,0.0003451946047149154
2016-04-13,0.6397455611147981,0.36007730491704015,0.00017713396816176517
2016-04-14,0.9088982756385986,0.09103485536708629,6.68689943153927e-05
2016-04-15,0.9011297198596994,0.09883088973681389,3.9390403486656115e-05
2016-04-18,0.9732296618746847,0.02676495850655859,5.379618756496448e-06
2016-04-19,0.21228469505351474,0.7874990477163784,0.00021625723010696162
2016-04-20,0.6008970533698187,0.398862376727727,0.0002405699024543866
2016-04-21,0.8747523665000891,0.1251435633318362,0.00010407016807446117
2016-04-22,0.8250111632344483,0.17475739742791815,0.0002314393376335354
2016-04-25,0.9702692640129044,0.029723695055622352,7.040931473484903e-06
2016-04-26,0.9201755707922727,0.0798028196868894,2.1609520837540905e-05
2016-04-27,0.9582865402293615,0.041699962508192745,1.349726244597315e-05
2016-04-28,0.2534393574238002,0.7453175477860265,0.001243094790172753
2016-04-29,0.1901623886185433,0.809462937407473,0.0003746739739837208
2016-05-02,0.8904736926423983,0.10935168433946954,0.00017462301813211094
2016-05-03,0.4403892443382354,0.5590655469857045,0.000545208676060209
2016-05-04,0.5878686134936649,0.41184199449690057,0.00028939200943430725
2016-05-05,0.8557896330052897,0.14408095789283176,0.00012940910187848246
2016-05-06,0.7893795006600908,0.21046354656333244,0.00015695277657658073
2016-05-09,0.1352046831387891,0.8634790276106351,0.0013162892505760675
2016-05-10,0.4237794601092558,0.5760465644836824,0.00017397540706165016
2016-05-11,0.6197487295555869,0.38015055538209,0.00010071506232326427
2016-05-12,0.954861749839441,0.04512199116109996,1.6258999459067136e-05
2016-05-13,0.8425947226028064,0.1573202790920999,8.499830509399349e-05
2016-05-16,0.8969619601622463,0.10297734647714363,6.06933606102585e-05
2016-05-17,0.9224278519092171,0.0775532870404121,1.8861050370910708e-05
2016-05-18,0.07548231535226335,0.919425868397573,0.005091816250163344
2016-05-19,0.6507623898155817,0.3488471299025661,0.0003904802818520057
2016-05-20,0.9574912637000011,0.04249515617634549,1.3580123653180764e-05
2016-05-23,0.9538551590352008,0.046126428446788215,1.841251801156139e-05
2016-05-24,0.21097654829778226,0.7882651751813993,0.0007582765208188122
2016-05-25,0.8637896116498199,0.13616375598554475,4.663236463520412e-05
2016-05-26,0.9501459517062566,0.04983295317174506,2.1095121998230332e-05
2016-05-27,0.9043825317025698,0.09556568119723931,5.17871001907099e-05
2016-05-31,0.9615562146871252,0.038433808460412264,9.976852462124537e-06
2016-06-01,0.9365489913334339,0.0634253091896234,2.5699476942826103e-05
2016-06-02,0.9428885908418426,0.05709592878808971,1.5480370067683733e-05
2016-06-03,0.000620881272291995,0.9872655836417362,0.012113535085971534
2016-06-06,0.9435849389372523,0.056402302666580695,1.2758396167069538e-05
2016-06-07,0.9499144828403431,0.05006512692028083,2.0390239375813967e-05
2016-06-08,0.7304136813437875,0.26950769830228277,7.862035392961203e-05
2016-06-09,0.9356376436314943,0.06434516150357808,1.719486492780095e-05
2016-06-10,0.5178470517197605,0.48190025778330836,0.00025269049693102706
2016-06-13,0.7057821333590895,0.294106343024059,0.00011152361685190409
2016-06-14,0.8060830385479599,0.193721157556408,0.00019580389563186298
2016-06-15,0.7197039273307956,0.28008728269884064,0.00020878997036413794
2016-06-16,0.7227306998647711,0.276419837711608,0.0008494624236212927
2016-06-17,0.8442915479342886,0.15566454001768698,4.3912048024437734e-05
2016-06-20,0.4743582435612092,0.5253350406350996,0.0003067158036914822
2016-06-21,0.9389121992078936,0.06104450371068374,4.329708142222814e-05
2016-06-22,0.9323041566821371,0.06766430467609225,3.153864177106381e-05
2016-06-23,0.7457760356422742,0.25408945427796015,0.00013451007976562115
2016-06-24,1.0115346620486781e-16,0.9500020757589148,0.049997924241085144
2016-06-27,0.055694238390377446,0.9436873209391777,0.0006184406704449465
2016-06-28,0.17080195217130253,0.828728108199001,0.0004699396296965998
2016-06-29,0.1624547939448419,0.8368772933702742,0.0006679126848839206
2016-06-30,0.7822434139574763,0.21749189909988767,0.00026468694263587716
2016-07-01,0.7423537436298457,0.2575233172711709,0.000122939098983696
2016-07-05,0.12087034594311015,0.8776906295356379,0.001439024521251935
2016-07-06,0.8104102404231728,0.18941840478517963,0.00017135479164766997
2016-07-07,0.44935159075629566,0.5498351683750958,0.0008132408686083624
2016-07-08,0.7883614354230841,0.21154658280340363,9.198177351231193e-05
2016-07-11,0.7474885850752466,0.25201707184791344,0.0004943430768400592
2016-07-12,0.26827044077958995,0.7313528681904715,0.00037669102993881907
2016-07-13,0.8225441402587503,0.17729271788047646,0.00016314186077299905
2016-07-14,0.9484905457384347,0.051492545568732326,1.6908692833437734e-05
2016-07-15,0.9182101799490459,0.0817430138001436,4.68062508108075e-05
2016-07-18,0.9740452003518753,0.025948539121317227,6.260526808010667e-06
2016-07-19,0.9409818715628397,0.05899014010534476,2.7988331815304383e-05
2016-07-20,0.43436592964018084,0.5651238578719219,0.0005102124878975847
2016-07-21,0.8412727676570239,0.15863375810924282,9.347423373321675e-05
2016-07-22,0.9746720752341981,0.02532105727583441,6.8674899674991815e-06
2016-07-25,0.8416649702233026,0.15817882209161743,0.0001562076850800365
2016-07-26,0.8315440137996175,0.1682980934670094,0.00015789273337316696
2016-07-27,0.6152786192251537,0.38419060357441326,0.0005307772004333069
2016-07-28,0.9425046445780254,0.05747352194539542,2.1833476578992835e-05
2016-07-29,0.41047245646389496,0.5878177810925046,0.0017097624436001792
2016-08-01,0.6231868110581942,0.3755995251778479,0.0012136637639583304
2016-08-02,0.8751100577674722,0.12481794667008675,7.199556244096893e-05
2016-08-03,0.9224435699179419,0.07753538637816479,2.1043703893282577e-05
2016-08-04,0.9702177857485005,0.029775290308762626,6.923942737249538e-06
2016-08-05,0.8812710394594481,0.11863919281576711,8.976772478527033e-05
2016-08-08,0.9645532954389637,0.035437532239002645,9.172322033767365e-06
2016-08-09,0.8987141501154695,0.10120412789400329,8.17219905275584e-05
2016-08-10,0.8416059584085641,0.15828143668668823,0.00011260490474714468
2016-08-11,0.9422222176756166,0.05775229699824281,2.5485326140675024e-05
2016-08-12,0.9682074279612005,0.03178311226791255,9.459770886359044e-06
2016-08-15,0.8919607181117106,0.10800432580061674,3.495608767284048e-05
2016-08-16,0.925516587780029,0.07445965486824076,2.3757351730251065e-05
2016-08-17,0.9623019184675932,0.03768580579073848,1.2275741668166195e-05
2016-08-18,0.9304615306546813,0.06951722158857511,2.1247756743785567e-05
2016-08-19,0.9341511862962273,0.0658113423847779,3.747131899473899e-05
2016-08-22,0.9384144810764944,0.06154054739244607,4.497153105995828e-05
2016-08-23,0.9451187550657151,0.05485785185808215,2.339307620280857e-05
2016-08-24,0.053569847364889414,0.9450133336617824,0.0014168189733281288
2016-08-25,0.9622350608451116,0.03775468971826669,1.0249436621425545e-05
2016-08-26,0.9745170228183136,0.025475669587298345,7.307594388049228e-06
2016-08-29,0.6810144472320699,0.3175826617260029,0.0014028910419269759
2016-08-30,0.64753471852508,0.35216101305928216,0.00030426841563778055
2016-08-31,0.9324129427258946,0.0675470475548893,4.0009719216091945e-05
2016-09-01,0.7554496574749294,0.24430604674660347,0.0002442957784671056
2016-09-02,0.6287397872756194,0.37079189056222894,0.00046832216215137183
2016-09-06,0.4742626452877339,0.5251210154346009,0.0006163392776656221
2016-09-07,0.9483900307829674,0.05158580271129992,2.416650573307031e-05
2016-09-08,0.6930646438930983,0.3066677385323366,0.0002676175745651958
2016-09-09,0.0016398989554330119,0.9843280181375389,0.014032082907027779
2016-09-12,0.8626586931673099,0.1372202160105431,0.00012109082214708542
2016-09-13,0.38366081275002195,0.6155665380181904,0.0007726492317878928
2016-09-14,0.9697778423675482,0.030212537424707427,9.620207744085866e-06
2016-09-15,0.9601551716157077,0.039832799755664415,1.2028628627775044e-05
2016-09-16,0.9450139246961082,0.054969020543185323,1.7054760706651706e-05
2016-09-19,0.97019389362494,0.029799270501011853,6.8358740482962734e-06
2016-09-20,0.9616609601523223,0.03833059378106412,8.446066613319282e-06
2016-09-21,0.19514119819477557,0.8040394304964764,0.0008193713087481534
2016-09-22,0.48469080452686475,0.5137328738187299,0.0015763216544057164
2016-09-23,0.7955734903397932,0.2042561425558504,0.0001703671043564473
2016-09-26,0.7028685183824488,0.2969236655250577,0.00020781609249344632
2016-09-27,0.952240745815604,0.04773125943308071,2.7994751315578616e-05
2016-09-28,0.891804892250987,0.10815553477751141,3.9572971501267704e-05
2016-09-29,0.9615288612119182,0.03845916980224977,1.1968985832309964e-05
2016-09-30,0.9696730024313618,0.030311679576133836,1.5317992504478142e-05
2016-10-03,0.9469817336731328,0.053002391515423145,1.587481144364421e-05
2016-10-04,0.0059530456111375075,0.9898114097549346,0.004235544633927667
2016-10-05,0.9449766300348349,0.05500785087678321,1.5519088381605984e-05
2016-10-06,0.9316149894500864,0.06835505492851539,2.9955621398230544e-05
2016-10-07,0.9651931136187215,0.03479851727698324,8.369104295605361e-06
2016-10-10,0.9134816840997756,0.08649428901004984,2.4026890174348615e-05
2016-10-11,0.6985154595207943,0.3012343591735062,0.00025018130569968674
2016-10-12,0.8248047090394373,0.17499122106667803,0.00020406989388497103
2016-10-13,0.926204672014219,0.07377350822989359,2.181975588740904e-05
2016-10-14,0.9490157165878068,0.0509676641886375,1.6619223555629468e-05
2016-10-17,0.9553870204812756,0.044601983286581784,1.0996232142566242e-05
2016-10-18,0.8332802484975899,0.1666111468938631,0.00010860460854667032
2016-10-19,0.9448339037505533,0.05514780997027443,1.8286279172172874e-05
2016-10-20,0.9376338302219736,0.06233023682040008,3.5932957626433644e-05
2016-10-21,0.971961597756511,0.028031798677291116,6.603566197912087e-06
2016-10-24,0.9628061046692009,0.03718215707055439,1.1738260244900769e-05
2016-10-25,0.9008416290312653,0.09910937407890262,4.899688983238318e-05
2016-10-26,0.9581524490890277,0.04182646594210755,2.1084968864467953e-05
2016-10-27,0.8508922756914608,0.1490368716399993,7.085266853960363e-05
2016-10-28,0.964103340292158,0.03588628923519377,1.0370472647857319e-05
2016-10-31,0.73448145151504,0.2652644381379252,0.000254110347034674
2016-11-01,0.8393161702293954,0.16061178624766945,7.204352293496835e-05
2016-11-02,0.5084313719979241,0.49022840528480904,0.001340222717267249
2016-11-03,0.9262089104622471,0.0737585966700851,3.249286766755304e-05
2016-11-04,0.947874454344085,0.05210733125941527,1.8214396499438953e-05
2016-11-07,0.24525186693299741,0.7536963691784175,0.0010517638885850023
2016-11-08,0.9753206640288564,0.024671218879053228,8.11709208999994e-06
2016-11-09,0.10541861252001661,0.8441586527593895,0.05042273472059454
2016-11-10,0.00855950299372903,0.9806189565496839,0.010821540456586986
2016-11-11,0.19255707365849847,0.8065558674928301,0.0008870588486712067
2016-11-14,0.034652189731909463,0.9200658703955461,0.04528193987254433
2016-11-15,0.7617526898241911,0.23812980567249378,0.00011750450331554551
2016-11-16,0.9589447493959551,0.041037518421395844,1.7732182649360465e-05
2016-11-17,0.956228042488697,0.04373926989375026,3.2687617552820256e-05
2016-11-18,0.5279096757290688,0.47047312933835433,0.0016171949325769525
2016-11-21,0.63844697430181,0.3614448649484998,0.00010816074969029663
2016-11-22,0.9757232455308907,0.02427089119982858,5.863269280737931e-06
2016-11-23,0.6729751800303342,0.3266949676493113,0.00032985232035461924
2016-11-25,0.9698344366495627,0.030151968980163736,1.3594370273439592e-05
2016-11-28,0.7666801832792342,0.2332410466848803,7.87700358857847e-05
2016-11-29,0.655800224053319,0.3435997495698473,0.000600026376834085
2016-11-30,0.45951920303515276,0.5401843068500237,0.000296490114823955
2016-12-01,0.9071690798314684,0.09279448155557582,3.6438612955843626e-05
2016-12-02,0.8467638303886782,0.1531527623833536,8.340722796807166e-05
2016-12-05,0.8985466600772151,0.10142042113351402,3.291878927099783e-05
2016-12-06,0.9679730429241241,0.03201027723673966,1.6679839136330518e-05
2016-12-07,0.737090178417691,0.26253563108290284,0.0003741904994059974
2016-12-09,0.7792362432273697,0.2205978845142762,0.00016587225835427492
2016-12-12,0.9787887616858659,0.02120573102152437,5.507292609499411e-06
2016-12-13,0.9385006816089895,0.06146109110013444,3.822729087639972e-05
2016-12-14,0.4840337226388859,0.5149663655629018,0.0009999117982123038
2016-12-15,0.00012244708996611727,0.9499810126454605,0.04989654026457351
2016-12-16,0.9761827211435626,0.023811352214352884,5.926642084716917e-06
2016-12-19,0.8746918227883501,0.1251614254083877,0.00014675180326211116
2016-12-20,0.9494408942452255,0.050528970959908416,3.0134794866075856e-05
2016-12-21,0.9591991666158697,0.040785692923754925,1.5140460375323813e-05
2016-12-22,0.977300410527888,0.022693642843557453,5.9466285547421965e-06
2016-12-23,0.9699698760821075,0.03002112845270182,8.995465190458687e-06
2016-12-27,0.8618552858994603,0.13809298769054573,5.172640999367759e-05
2016-12-28,0.9343236591853638,0.06565386612614045,2.2474688495676993e-05
2016-12-29,0.382939237876154,0.6165293549592843,0.0005314071645618416
2016-12-30,0.740042869228257,0.25958980997974057,0.0003673207920024876
2017-01-03,0.00397272240536177,0.9475092528563238,0.04851802473831428
2017-01-04,0.8618520524708139,0.13808463317629727,6.331435288870056e-05
2017-01-05,0.37619319707625404,0.6225283804215926,0.0012784225021535462
2017-01-06,0.9249595983616091,0.07499057970630706,4.982193208393812e-05
2017-01-09,0.9212010603608315,0.07874490763277628,5.403200639254129e-05
2017-01-10,0.9561675395207014,0.043816037363384394,1.642311591433478e-05
2017-01-11,0.9175350642868864,0.08242723428202853,3.770143108551316e-05
2017-01-12,0.02922973644754595,0.9375444875347334,0.03322577601772038
2017-01-13,0.9530875427483055,0.04689127297713281,2.118427456166805e-05
2017-01-17,0.7606499620848703,0.2390919097554117,0.00025812815971759624
2017-01-18,0.966210876293373,0.033764519776040634,2.4603930586122146e-05
2017-01-19,0.4946936049251634,0.5029627152231242,0.0023436798517122172
2017-01-20,0.974786300652689,0.025207002293127195,6.697054183384096e-06
2017-01-23,0.5872921382077267,0.41199549840005717,0.0007123633922158651
2017-01-24,0.9703921667990996,0.029593409067891513,1.4424133009351694e-05
2017-01-25,0.9130587691428328,0.08686922239951998,7.200845764709888e-05
2017-01-26,0.910379123231049,0.08956874720650634,5.212956244462266e-05
2017-01-27,0.9641883761729961,0.03579833613037714,1.3287696626845354e-05
2017-01-30,0.87321481962802,0.12668488257861865,0.00010029779336144583
2017-01-31,0.8226498269114979,0.17724650085421428,0.00010367223428770972
2017-02-01,0.9056523874842135,0.09431224777664493,3.5364739141434414e-05
2017-02-02,0.9458678784773158,0.05410648825895348,2.563326373048779e-05
2017-02-03,0.9652429472570256,0.03473789393612585,1.915880684861983e-05
2017-02-06,0.8134463342480031,0.1863733221051954,0.0001803436468018991
2017-02-07,0.9776873688947821,0.02230698939813438,5.641707083407079e-06
2017-02-08,0.9525033198074448,0.04748086936289868,1.581082965639073e-05
2017-02-09,0.936669810817027,0.06328778612748945,4.2403055483333796e-05
2017-02-10,0.9302221619278395,0.06974635279122955,3.148528093100248e-05
2017-02-13,0.9598406294871346,0.04013045245904383,2.8918053821599287e-05
2017-02-14,0.9742491275219884,0.025741689741587827,9.182736423814597e-06
2017-02-15,0.9688178707113182,0.0311716277932212,1.0501495460709401e-05
2017-02-16,0.7897351328172411,0.20989391449625505,0.0003709526865039883
2017-02-17,0.9672464250079326,0.03273749349533625,1.6081496731340814e-05
2017-02-21,0.9682854363053603,0.03170031898754079,1.4244707098191485e-05
2017-02-22,0.955712739463223,0.04426034350993437,2.691702684252849e-05
2017-02-23,0.9284185752737637,0.07151800832227674,6.341640395961952e-05
2017-02-24,0.9497154417807694,0.05024680447172349,3.775374750689865e-05
2017-02-27,0.6988372674610239,0.30001609926246725,0.0011466332765088126
2017-02-28,0.9644953266182723,0.035491728870266824,1.2944511460947754e-05
2017-03-01,0.208570300289165,0.7621267711007534,0.029302928610081592
2017-03-02,0.6389694373987105,0.36022476526476305,0.0008057973365268364
2017-03-03,0.9726291048424531,0.027359238189629303,1.1656967917742228e-05
2017-03-06,0.901611845684967,0.09825442677024793,0.00013372754478523845
2017-03-07,0.9571210857322117,0.042839954325789194,3.895994199888402e-05
2017-03-08,0.871181911755535,0.12845081460714067,0.00036727363732393987
2017-03-09,0.9625935693949563,0.03735701078369946,4.941982134430596e-05
2017-03-10,0.9080610068630147,0.09182514871624792,0.0001138444207378333
2017-03-13,0.9770712520421257,0.022916835195787667,1.1912762086375316e-05
2017-03-14,0.9171898489357947,0.0827225186689209,8.76323952843659e-05
2017-03-15,0.3208425461357035,0.6776208223753614,0.0015366314889356685
2017-03-16,0.8204357639363759,0.17891136410946468,0.0006528719541596998
2017-03-17,0.971636797610751,0.02835053110857802,1.2671280670958928e-05
2017-03-20,0.9698071229726659,0.03017824008405623,1.4636943277517971e-05
2017-03-21,0.8258724172316473,0.17397247560883342,0.00015510715951920918
2017-03-22,0.953232276065649,0.04673083250767514,3.689142667585307e-05
2017-03-23,0.9798162212964152,0.02017366331127517,1.011539230969885e-05
2017-03-24,0.9778037814928757,0.02218578257865244,1.0435928472151516e-05
2017-03-27,0.9403508402370392,0.05959574444098277,5.3415321977986214e-05
2017-03-28,0.88721578230855,0.11266626710906133,0.00011795058238864457
2017-03-29,0.9504840244700932,0.04948588731761885,3.0088212287621835e-05
2017-03-30,0.9787855641792158,0.021203995745451586,1.0440075332492785e-05
2017-03-31,0.9669432726255854,0.03304088896832303,1.583840609150625e-05
2017-04-03,0.9147719866538901,0.0851422381832169,8.577516289281055e-05
2017-04-04,0.9688599815921324,0.03112709127338928,1.2927134478049344e-05
2017-04-05,0.9706109414785302,0.029377562778970863,1.1495742498804137e-05
2017-04-06,0.9796007550518209,0.020390982656651232,8.262291527593322e-06
2017-04-07,0.9775475403125791,0.022441017728481415,1.144195894019109e-05
2017-04-10,0.9772556174347422,0.022733968355381867,1.0414209875826176e-05
2017-04-11,0.8956561051351001,0.10422772748954054,0.00011616737535883012
2017-04-12,0.9701846775666491,0.029800557764587742,1.476466876319346e-05
2017-04-13,0.928382571372623,0.07157735567136277,4.0072956013992124e-05
2017-04-17,0.9399879507175039,0.059913567129221655,9.848215327446072e-05
2017-04-18,0.9130938798268098,0.08677533905314824,0.00013078112004236378
2017-04-19,0.9140204412547304,0.08585857058585586,0.00012098815941358879
2017-04-20,0.9662358551414838,0.033735494985931,2.8649872585058547e-05
2017-04-21,0.9622687079490779,0.03770302483202219,2.8267218899883766e-05
2017-04-24,0.5126649386049233,0.4864311498331796,0.0009039115618973496
2017-04-25,0.7966669571466798,0.20311770779454852,0.00021533505877187076
2017-04-26,0.962466979104982,0.037502282907181855,3.073798783615364e-05
2017-04-27,0.9256733722782862,0.07423731687066668,8.931085104743237e-05
2017-04-28,0.9441724307521117,0.05579815124365065,2.9418004237989735e-05
2017-05-01,0.9323998509704609,0.06753354674689352,6.660228264583307e-05
2017-05-02,0.9712431033019765,0.02873684440315874,2.005229486512682e-05
2017-05-03,0.97658557904919,0.023403981551783463,1.0439399026406816e-05
2017-05-04,0.7508368985854398,0.24843926382031728,0.0007238375942430026
2017-05-05,0.9471021137449058,0.05286873492112195,2.9151333972209662e-05
2017-05-08,0.9672159172554504,0.03275727874510721,2.68039994424901e-05
2017-05-09,0.9474128191359835,0.052539858924788255,4.732193922862851e-05
2017-05-10,0.9607434598001818,0.039241891189389144,1.464901042909732e-05
2017-05-11,0.9133319534362767,0.08661145328127506,5.659328244834109e-05
2017-05-12,0.9538284795062061,0.04613713266093626,3.4387832857566456e-05
2017-05-15,0.9764874612857405,0.023501036031502467,1.1502682757172301e-05
2017-05-16,0.9570403820007963,0.042919179407369515,4.04385918341502e-05
2017-05-17,0.23639026982276404,0.7597659362877469,0.003843793889489174
2017-05-18,0.9434525198345197,0.05646014152203464,8.733864344614899e-05
2017-05-19,0.8755172070037271,0.12442604953190632,5.674346436666224e-05
2017-05-22,0.9658911197758897,0.034092673658842984,1.6206565267379874e-05
2017-05-23,0.9486475610002744,0.0512837351291764,6.870387054964501e-05
2017-05-24,0.9587488248022137,0.04121363409725655,3.754110053019856e-05
2017-05-25,0.9393067074794705,0.060600084516559904,9.320800396927213e-05
2017-05-26,0.9740803027271097,0.025907723701956303,1.1973570934102704e-05
2017-05-30,0.9409081586055092,0.059018414685826616,7.342670866383207e-05
2017-05-31,0.96748900902105,0.032483869687144146,2.7121291805994356e-05
2017-06-01,0.9600198691301338,0.03994166697093774,3.8463898928356625e-05
2017-06-02,0.9424936000764061,0.05743204836062116,7.43515629726786e-05
2017-06-05,0.9749378189912594,0.025046195490931466,1.5985517808761022e-05
2017-06-06,0.6197505898170459,0.3799397569163346,0.00030965326661980817
2017-06-07,0.9740876206861104,0.025891235460533207,2.1143853355960887e-05
2017-06-08,0.9677588474163432,0.03222450776916402,1.664481449266223e-05
2017-06-09,0.9675323760812701,0.0324512416475041,1.6382271226345165e-05
2017-06-12,0.9279096435038046,0.07195990837941009,0.0001304481167854423
2017-06-13,0.9732386791352721,0.026746211357437304,1.5109507290670166e-05
2017-06-14,0.19515779524859161,0.7835849744584136,0.02125723029299506
2017-06-15,0.6581520360633071,0.3404875074455188,0.0013604564911741841
2017-06-16,0.9747493545101351,0.02523907254138824,1.1572948476536576e-05
2017-06-19,0.9423725769456164,0.05754803969726251,7.938335712078784e-05
2017-06-20,0.9212854026386704,0.0786488440936308,6.575326769848948e-05
2017-06-21,0.9479204195073289,0.0520333411778227,4.623931484818462e-05
2017-06-22,0.954584054089349,0.04537868426234638,3.726164830422113e-05
2017-06-23,0.9681569155121448,0.03182765103201209,1.543345584294335e-05
2017-06-26,0.9776233778882257,0.022367101912340627,9.520199433517656e-06
2017-06-27,0.9177703762201732,0.08218419819312009,4.5425586706905084e-05
2017-06-28,0.9616095718369536,0.03837000520442236,2.0422958624250017e-05
2017-06-29,0.8464969110361998,0.15339276757043324,0.0001103213933666614
2017-06-30,0.8512003230957591,0.14871866899816982,8.100790607133795e-05
2017-07-03,0.923503434776489,0.07644099127110031,5.5573952410661125e-05
2017-07-05,0.9359540032119783,0.06396184660255945,8.415018546238177e-05
2017-07-06,0.9515803017103069,0.0483951362979515,2.4561991741870153e-05
2017-07-07,0.9578775208779845,0.042079472228706824,4.300689330896245e-05
2017-07-10,0.9331537303033617,0.06680749211169293,3.87775849455361e-05
2017-07-11,0.9668958107281753,0.0330919258313707,1.2263440453667351e-05
2017-07-12,0.8342029028560635,0.16519438935051214,0.0006027077934243006
2017-07-13,0.9621613675920019,0.037797449759515385,4.118264848281367e-05
2017-07-14,0.9360126750825841,0.06394724713619061,4.0077781225347484e-05
2017-07-17,0.9719031774416168,0.028081847302207946,1.4975256175367289e-05
2017-07-18,0.9068751383145293,0.09300118780014992,0.0001236738853209456
2017-07-19,0.9746928661920684,0.02529640861542855,1.0725192503331277e-05
2017-07-20,0.9763748601329116,0.02361237157408349,1.2768293005495538e-05
2017-07-21,0.9215812717553173,0.07832153230183662,9.719594284581316e-05
2017-07-24,0.9629674068956312,0.037002944212646424,2.964889172240633e-05
2017-07-25,0.915726469564021,0.0841504369017074,0.00012309353427203596
2017-07-26,0.9202753687774422,0.07966513737190865,5.949385064923074e-05
2017-07-27,0.8933167084577225,0.10655272461211344,0.0001305669301640163
2017-07-28,0.9562822257958679,0.04369327220137885,2.4502002753128817e-05
2017-07-31,0.9762750332406919,0.023710718447687722,1.4248311619923564e-05
2017-08-01,0.8936392579335223,0.10612128628995701,0.00023945577652080883
2017-08-02,0.9683245834839893,0.031660762368807015,1.4654147203583772e-05
2017-08-03,0.960221408615164,0.03974152998666114,3.706139817465801e-05
2017-08-04,0.9188332302343547,0.08102396029361436,0.00014280947203081047
2017-08-07,0.9756623228001147,0.024327663760353384,1.0013439532130056e-05
2017-08-08,0.9651250585122059,0.034848714206579506,2.622728121455382e-05
2017-08-09,0.9487637767837336,0.05120935518389239,2.6868032373904306e-05
2017-08-10,0.6092391671098972,0.390290305940552,0.00047052694955014427
2017-08-11,0.9767491840162738,0.02323854692642001,1.2269057306457821e-05
2017-08-14,0.9394568049781006,0.060455236489867684,8.795853203135331e-05
2017-08-15,0.9347151746695231,0.06516392902856935,0.00012089630190722039
2017-08-16,0.9404774311624332,0.059464424973419,5.814386414776396e-05
2017-08-17,0.8340035309889222,0.16584266866245095,0.00015380034862635757
2017-08-18,0.9400726374691871,0.059876304940739214,5.105759007360375e-05
2017-08-21,0.962158235144908,0.037811227609410525,3.053724568118816e-05
2017-08-22,0.9572038914074342,0.042749100449176756,4.700814338891867e-05
2017-08-23,0.9691364547842373,0.030846544304090413,1.7000911671907244e-05
2017-08-24,0.9780577649966006,0.021931445021274736,1.0789982124956315e-05
2017-08-25,0.97222742162437,0.027747967490277747,2.461088535188876e-05
2017-08-28,0.8738256830812299,0.12604581223056535,0.00012850468820466664
2017-08-29,0.9686883499870798,0.03128835660186291,2.3293411057764218e-05
2017-08-30,0.9285442865167803,0.07132310794482831,0.00013260553839144568
2017-08-31,0.8091534406025032,0.19075719627722756,8.936312026940612e-05
2017-09-01,0.9808605461147419,0.01912928728183313,1.0166603424941788e-05
2017-09-05,0.896798046143787,0.10310010705376141,0.00010184680245124491
2017-09-06,0.9759833342510802,0.02400043368096458,1.623206795514653e-05
2017-09-07,0.9453343232553431,0.054600079471260554,6.559727339591729e-05
2017-09-08,0.9392720630302612,0.06061515350164638,0.00011278346809292115
2017-09-11,0.8739409073965867,0.1258498121619822,0.0002092804414312906
2017-09-12,0.947764689317459,0.05216117760945679,7.413307308389708e-05
2017-09-13,0.9647691448935106,0.03520812848413902,2.2726622350265075e-05
2017-09-14,0.9783104982271741,0.021678851904545146,1.0649868280499259e-05
2017-09-15,0.9765761128572101,0.02340875153207747,1.5135610712420703e-05
2017-09-18,0.9757015789844796,0.024282545576711667,1.58754388086111e-05
2017-09-19,0.9803666641708313,0.019620651392763783,1.2684436404922108e-05
2017-09-20,0.9224105579302782,0.07752923551379844,6.020655592305342e-05
2017-09-21,0.9227234519103498,0.07714311803195648,0.00013343005769418195
2017-09-22,0.9764387620936338,0.023546843406992108,1.4394499374078211e-05
2017-09-25,0.9595806478560679,0.04039920293837481,2.0149205557836194e-05
2017-09-26,0.9549395670389031,0.045008189958546316,5.2243002550422954e-05
2017-09-27,0.9634813488246573,0.03647345098970381,4.520018563881866e-05
2017-09-28,0.976695047533021,0.023288816165877718,1.6136301100924185e-05
2017-09-29,0.968976996509863,0.030994656776599554,2.8346713537251053e-05
2017-10-02,0.9474662232995446,0.05244520920977759,8.856749067771963e-05
2017-10-03,0.9799738542323272,0.020015128633906202,1.1017133766309901e-05
2017-10-04,0.9821147934875194,0.017877153430843666,8.053081636850785e-06
2017-10-05,0.9696997135837124,0.03028091732976602,1.936908652164665e-05
2017-10-06,0.9540677332989522,0.04588043088969265,5.1835811354685864e-05
2017-10-09,0.9794990829576387,0.02049112678852396,9.790253837530173e-06
2017-10-10,0.894107636534166,0.10575009263930171,0.0001422708265324148
2017-10-11,0.9830155102820626,0.016975683461770426,8.806256167286602e-06
2017-10-12,0.9797631818303433,0.020228293425293937,8.524744362851895e-06
2017-10-13,0.9609240634401999,0.03905324204579601,2.269451400446684e-05
2017-10-16,0.9791427793957472,0.0208438327497726,1.3387854480255448e-05
2017-10-17,0.9740463334303053,0.025933295107306697,2.037146238795348e-05
2017-10-18,0.9815594940397139,0.01842910230018758,1.1403660098780418e-05
2017-10-19,0.9741168001145631,0.02586530057189681,1.7899313539905145e-05
2017-10-20,0.9450426760822037,0.05486734442265103,8.997949514555441e-05
2017-10-23,0.9698209435170527,0.03016481521339979,1.4241269547331405e-05
2017-10-24,0.9763039584892507,0.02368435117270724,1.1690338041944002e-05
2017-10-25,0.9670734219871664,0.03290210296491207,2.447504792159882e-05
2017-10-26,0.9726747285371113,0.027305745898439048,1.9525564449703124e-05
2017-10-27,0.9777191010323424,0.022265927025318922,1.4971942338705112e-05
2017-10-30,0.95542915869146,0.044529420877545946,4.142043099423002e-05
2017-10-31,0.9770502317164459,0.022936277976897634,1.3490306656182574e-05
2017-11-01,0.9811517386772902,0.01883987468178907,8.386640920375141e-06
2017-11-02,0.9800128724557016,0.01997652477246784,1.060277183049367e-05
2017-11-03,0.9803876672634754,0.0196025795083426,9.753228181986077e-06
2017-11-06,0.9111111112705508,0.08884698523272617,4.190349672279287e-05
2017-11-07,0.9721702274879334,0.02780337268215486,2.6399829911978287e-05
2017-11-08,0.9813042472626992,0.018683591448048695,1.2161289252445391e-05
2017-11-09,0.9735838323081192,0.02639946966431349,1.6698027567287098e-05
2017-11-10,0.9735356225703575,0.02642891620581448,3.54612238278107e-05
2017-11-13,0.9798530754759818,0.02013612229072582,1.0802233292785563e-05
2017-11-14,0.9102023611562701,0.0896396743717437,0.00015796447198595438
2017-11-15,0.9430428407854267,0.05691010789960682,4.705131496685074e-05
2017-11-16,0.9614292202736819,0.038521405254757196,4.9374471561098064e-05
2017-11-17,0.92755160188386,0.0724120066782397,3.639143790024529e-05
2017-11-20,0.9749904976068727,0.024987066436553778,2.2435956573539066e-05
2017-11-21,0.9772897591370607,0.02269773271061207,1.250815232723211e-05
2017-11-22,0.9613658893022169,0.03860692133556718,2.7189362216210405e-05
2017-11-24,0.9787409726492845,0.021244911220588057,1.411613012744337e-05
2017-11-27,0.9791459456766962,0.02084241289569163,1.1641427612065383e-05
2017-11-28,0.9759789985706229,0.02400020478549587,2.0796643881102026e-05
2017-11-29,0.9755339891425552,0.024445207817488872,2.0803039955547735e-05
2017-11-30,0.9437107992006878,0.056193538469999714,9.566232931245488e-05
2017-12-01,0.9387515318709994,0.06120601658333842,4.245154566266681e-05
2017-12-04,0.9709129985017396,0.029056289662944212,3.0711835316091996e-05
2017-12-05,0.955511946687573,0.044443138681921096,4.491463050588562e-05
2017-12-06,0.944352536140357,0.05557356180501919,7.39020546238131e-05
2017-12-07,0.9786372348148156,0.021341665577761584,2.1099607423251555e-05
2017-12-08,0.9738585555765711,0.0261232999955558,1.8144427873012318e-05
2017-12-11,0.9805167551721301,0.01947218421554984,1.1060612320185257e-05
2017-12-12,0.9563035513603804,0.04362733191645546,6.911672316480738e-05
2017-12-13,0.8680602035707047,0.1317794171755061,0.00016037925378912938
2017-12-14,0.965435163039943,0.034545553390973247,1.928356908343063e-05
2017-12-15,0.9819231392581358,0.018067434259370702,9.42648249362631e-06
2017-12-18,0.9445965930479728,0.055344243881693546,5.916307033342305e-05
2017-12-19,0.9464254335434539,0.05350004028704123,7.452616950495502e-05
2017-12-20,0.9671626671555036,0.032819515652783196,1.7817191713423632e-05
2017-12-21,0.9828821049199398,0.017109618809255992,8.276270804215695e-06
2017-12-22,0.9772508348958617,0.022738320067897642,1.0845036240500257e-05
2017-12-26,0.9436513519235126,0.056322069434642186,2.6578641845223734e-05
2017-12-27,0.967110648874167,0.032859459317198685,2.9891808634095545e-05
2017-12-28,0.9772355141627577,0.022753659670285593,1.0826166956921335e-05
2017-12-29,0.9646674457353448,0.035310136024425356,2.2418240229849042e-05
2018-01-02,0.8650797336923451,0.1346170944837426,0.00030317182391199546
2018-01-03,0.9733740550337906,0.02660937538454977,1.6569581659220362e-05
2018-01-04,0.9639167439115276,0.036051980633337526,3.127545513497663e-05
2018-01-05,0.9541084269066223,0.04582617416266472,6.539893071278593e-05
2018-01-08,0.9809361223530016,0.019050953795109574,1.2923851889040712e-05
2018-01-09,0.9664408263203231,0.03352138821973757,3.778545993904409e-05
2018-01-10,0.9749515387910164,0.025033360344215976,1.5100864767935123e-05
2018-01-11,0.9783161475907998,0.021670373657355697,1.3478751844268669e-05
2018-01-12,0.9507812917379983,0.04917898565720781,3.9722604793758074e-05
2018-01-16,0.9646350848002669,0.035338338457638015,2.657674209501943e-05
2018-01-17,0.9703739610802137,0.029604957301339375,2.1081618446770192e-05
2018-01-18,0.9757432381404731,0.02423939005508792,1.7371804438921516e-05
2018-01-19,0.9771618875027933,0.022814692483531965,2.3420013674742605e-05
2018-01-22,0.977444593852167,0.02254203761003421,1.336853779866804e-05
2018-01-23,0.9700030043277532,0.029977406042794707,1.9589629452083716e-05
2018-01-24,0.8720072183901989,0.1278918874954936,0.00010089411430730402
2018-01-25,0.8175905982453887,0.18175082234050316,0.0006585794141079302
2018-01-26,0.9636574850696219,0.0362996130642106,4.2901866167732294e-05
2018-01-29,0.8689831869975437,0.13082093221590962,0.00019588078654667556
2018-01-30,0.8951153079791796,0.10479258768806277,9.210433275725271e-05
2018-01-31,0.9640140773986803,0.03595309634550971,3.2826255810090355e-05
2018-02-01,0.9825996087649725,0.017389866294487858,1.0524940539506256e-05
2018-02-02,0.14688965220613748,0.8479294802840632,0.005180867509799217
2018-02-05,0.002392742034886048,0.993256896534402,0.004350361430712078
2018-02-06,0.9704615053225234,0.029497782500002106,4.071217747478072e-05
2018-02-07,0.9382190087520955,0.06157076091427862,0.00021023033362589706
2018-02-08,0.02344624464488364,0.9736865131387494,0.00286724221636665
2018-02-09,0.8294924698372351,0.16951335441533297,0.0009941757474317226
2018-02-12,0.775356678893548,0.2243635727443579,0.0002797483620946457
2018-02-13,0.9629544358152579,0.03700125264918024,4.431153556204294e-05
2018-02-14,0.4695500657962504,0.5295116852628862,0.0009382489408634662
2018-02-15,0.8442777493201441,0.15541512031108806,0.0003071303687678041
2018-02-16,0.9311081206137017,0.06880132350807296,9.055587822507223e-05
2018-02-20,0.930410609618139,0.06951945244376076,6.993793809992091e-05
2018-02-21,0.9665993031142615,0.03337423920323268,2.6457682505968114e-05
2018-02-22,0.9752943121037358,0.024691479440819925,1.420845544403302e-05
2018-02-23,0.9188015567745261,0.08108983375808285,0.00010860946739122959
2018-02-26,0.9615871619276997,0.038384991061943236,2.7847010357808205e-05
2018-02-27,0.8535374699274552,0.14620118512611638,0.00026134494642809616
2018-02-28,0.8372106397416827,0.16262731358650728,0.00016204667181022534
2018-03-01,0.6987259717602794,0.30106080313255545,0.00021322510716500587
2018-03-02,0.9315741040048657,0.06820520014256556,0.00022069585256863966
2018-03-05,0.9659389710361357,0.034039588223596914,2.1440740267501152e-05
2018-03-06,0.9670610827193032,0.03291593997101612,2.2977309680553733e-05
2018-03-07,0.9252349444458485,0.07461630615874365,0.0001487493954080707
2018-03-08,0.9735824395384606,0.026390890770244275,2.666969129570722e-05
2018-03-09,0.9081088640984711,0.09178990289226371,0.00010123300926486939
2018-03-12,0.9756348076147543,0.02434510436492556,2.008802032020336e-05
2018-03-13,0.9615703926332685,0.038405825934623224,2.3781432108256194e-05
2018-03-14,0.9667799335796978,0.033197306331910086,2.2760088391968958e-05
2018-03-15,0.9790919049508124,0.020886257011931097,2.1838037256392222e-05
2018-03-16,0.9840313395050208,0.01595879810691752,9.862388061667562e-06
2018-03-19,0.7354081574560658,0.264274406868116,0.00031743567581856856
2018-03-20,0.9762579972731859,0.023719349481743274,2.265324507061249e-05
2018-03-21,0.8942693896146178,0.10564037725821378,9.023312716807617e-05
2018-03-22,0.23857906960370742,0.7582432476812919,0.0031776827150007446
2018-03-23,0.3119239140926459,0.6875965643200497,0.0004795215873037677
2018-03-26,0.7038275791503402,0.295533493126479,0.0006389277231810561
2018-03-27,0.9365169922246078,0.06342739197617128,5.561579922095331e-05
2018-03-28,0.9661910358360822,0.03378029387508398,2.867028883373592e-05
2018-03-29,0.9398442587003663,0.0601138484040256,4.189289560838247e-05
2018-04-02,0.6128592453109882,0.38679304188560504,0.00034771280340719463
2018-04-03,0.9756887602266374,0.024288815536064885,2.242423729770134e-05
2018-04-04,0.9691438837616794,0.03082259927580378,3.3516962516885526e-05
2018-04-05,0.8439787846224875,0.1556976239874444,0.0003235913900678307
2018-04-06,0.6602540347237533,0.33932386487088795,0.00042210040535854785
2018-04-09,0.9311312517706479,0.06882497484115965,4.377338819242366e-05
2018-04-10,0.826441374922658,0.17340536362448292,0.00015326145285859735
2018-04-11,0.9379384068323742,0.06202393220961609,3.7660958010021405e-05
2018-04-12,0.9719677461940235,0.028001165612993085,3.1088192983450696e-05
2018-04-13,0.9745379391213136,0.02544786414258038,1.4196736106132982e-05
2018-04-16,0.9753701617905459,0.024608425506230717,2.141270322374802e-05
2018-04-17,0.9690727202508178,0.030900892188886447,2.638756029546097e-05
2018-04-18,0.8896010653454427,0.11029843538523529,0.00010049926932249401
2018-04-19,0.9411404072119689,0.058734349748427915,0.00012524303960327786
2018-04-20,0.8841933351375797,0.11555528474651189,0.00025138011590880886
2018-04-23,0.9552404540463358,0.04469634203021565,6.320392344826796e-05
2018-04-24,0.9404094065200725,0.05954463284311047,4.5960636817114206e-05
2018-04-25,0.9739552883594115,0.026021195543306647,2.351609728198054e-05
2018-04-26,0.9715298796511782,0.028449813264544994,2.030708427674612e-05
2018-04-27,0.9832701050733762,0.016720225788647285,9.669137976253835e-06
2018-04-30,0.9405612595571959,0.05939628551191709,4.2454930886975925e-05
2018-05-01,0.9495596832720496,0.05030108138413003,0.00013923534382056217
2018-05-02,0.9717134424858829,0.028269273198841854,1.7284315275257333e-05
2018-05-03,0.9697232900438717,0.030254584831322845,2.2125124805358975e-05
2018-05-04,0.9616527439659455,0.038315752897197006,3.150313685727916e-05
2018-05-07,0.982628720688383,0.01735964073508249,1.1638576534322547e-05
2018-05-08,0.9664617848107593,0.03349788349811856,4.033169112221048e-05
2018-05-09,0.9677070457051379,0.032273139259229915,1.9815035631721914e-05
2018-05-10,0.9664680860686088,0.03350957571839673,2.233821299441748e-05
2018-05-11,0.9639677090033222,0.03598527391463826,4.7017082039340145e-05
2018-05-14,0.9828650859058867,0.017126243543090097,8.670551023241582e-06
2018-05-15,0.7493559706631439,0.2484466652820183,0.0021973640548377683
2018-05-16,0.982473166618226,0.01751460004271474,1.2233339058899634e-05
2018-05-17,0.9836703019438299,0.01631999598400308,9.70207216714979e-06
2018-05-18,0.9803487574410855,0.019640910857985028,1.0331700929157541e-05
2018-05-21,0.9728191416191465,0.027165011165498614,1.5847215354872006e-05
2018-05-22,0.9788072993517338,0.021181290251700097,1.1410396566357522e-05
2018-05-23,0.9679531482090966,0.03202567179101574,2.1179999887674196e-05
2018-05-24,0.9499882236701671,0.04996382923343359,4.794709639934546e-05
2018-05-25,0.9723571682143897,0.027619953603741716,2.28781818683951e-05
2018-05-29,0.7561057134104505,0.24334452890836716,0.0005497576811825006
2018-05-30,0.9560754485925104,0.043848819234849984,7.573217263956021e-05
2018-05-31,0.9588164678381379,0.041146032426271725,3.7499735590231855e-05
2018-06-01,0.9507783784377064,0.04912879881765102,9.282274464218895e-05
2018-06-04,0.9195498919532653,0.08025741353347975,0.00019269451325456204
2018-06-05,0.9784353456065038,0.021552869724757943,1.1784668738385837e-05
2018-06-06,0.9684416156671398,0.03152927024625188,2.9114086608404936e-05
2018-06-07,0.9805481905151614,0.019440582604958897,1.1226879879622106e-05
2018-06-08,0.9843354148089201,0.015653184254601084,1.1400936478602573e-05
2018-06-11,0.9780387334175433,0.02194185515827364,1.941142418252417e-05
2018-06-12,0.9839983089321779,0.015993560559370783,8.13050845111042e-06
2018-06-13,0.9814355616184732,0.018554046606325435,1.0391775201382892e-05
2018-06-14,0.9550557980286657,0.04488354128111094,6.066069022347353e-05
2018-06-15,0.8275622008496313,0.17206762079938992,0.0003701783509787538
2018-06-18,0.976450668304255,0.023533866731461676,1.5464964283400846e-05
2018-06-19,0.8861851720950019,0.1136199020053658,0.00019492589963203614
2018-06-20,0.9840004828951361,0.01598895354316683,1.056356169725235e-05
2018-06-21,0.9623442929347947,0.03762787894629362,2.782811891150432e-05
2018-06-22,0.9662403628165291,0.03374124359893823,1.839358453250485e-05
2018-06-25,0.6021654182912849,0.3972807949718221,0.0005537867368928384
2018-06-26,0.9831988242188329,0.016792367946392144,8.807834774805598e-06
2018-06-27,0.9346351612317175,0.0653239990924338,4.083967584861206e-05
2018-06-28,0.9812505251049168,0.01872945823561927,2.0016659464039772e-05
2018-06-29,0.9634379764603539,0.0365372080538862,2.4815485760189606e-05
2018-07-02,0.7497219312087445,0.24929806701414453,0.0009800017771107697
2018-07-03,0.9669025498479316,0.03307450660599185,2.2943546076285706e-05
2018-07-05,0.9556869058014728,0.044254268401501276,5.8825797025382264e-05
2018-07-06,0.946552965523147,0.05340167677360198,4.535770325093715e-05
2018-07-09,0.9643366555351,0.03562924587155754,3.409859334293777e-05
2018-07-10,0.9777512314274777,0.022228360407411003,2.040816511177611e-05
2018-07-11,0.27191124356674334,0.7263988887453922,0.0016898676878641852
2018-07-12,0.9592298405291748,0.04073984362277838,3.0315848046945907e-05
2018-07-13,0.982326682215471,0.017661251018624622,1.2066765904071353e-05
2018-07-16,0.9483374818848793,0.05158590401876484,7.661409635556331e-05
2018-07-17,0.9852980147261905,0.014692525792212863,9.459481596573719e-06
2018-07-18,0.9830612802269366,0.0169287510506893,9.968722374420647e-06
2018-07-19,0.9727120547662504,0.027270587947334606,1.7357286414919793e-05
2018-07-20,0.9692287427676611,0.030744119152320497,2.7138080018787755e-05
2018-07-23,0.9770404724041042,0.022937549880476422,2.1977715419123682e-05
2018-07-24,0.976899064125093,0.02308670607341738,1.4229801489370036e-05
2018-07-25,0.9685800650271826,0.03140363089710937,1.630407570777944e-05
2018-07-26,0.9463324311432443,0.05361848819924814,4.908065750765662e-05
2018-07-27,0.9803546441169256,0.019633900958441926,1.1454924632545442e-05
2018-07-30,0.9667034964545957,0.03328002697702007,1.647656838406407e-05
2018-07-31,0.9834861837686857,0.01650388289931451,9.933332000106056e-06
2018-08-01,0.9233992611513505,0.07642432790008256,0.000176410948566865
2018-08-02,0.982277745828417,0.01771284852342151,9.405648160938874e-06
2018-08-03,0.9809990816018495,0.018990536758404196,1.038163974679512e-05
2018-08-06,0.9810560801835841,0.01893339638516171,1.0523431254231284e-05
2018-08-07,0.969752722167583,0.030222449355120425,2.4828477296899185e-05
2018-08-08,0.9798035345091881,0.020179890736594357,1.657475421746346e-05
2018-08-09,0.9830468311652835,0.016942560703044132,1.0608131672433667e-05
2018-08-10,0.8377464130535434,0.16204513722064778,0.00020844972580888886
2018-08-13,0.9076443197919685,0.09221494557530215,0.0001407346327289054
2018-08-14,0.9761094978239203,0.023872136763209772,1.8365412870063636e-05
2018-08-15,0.10554730093371974,0.8910461451561346,0.003406553910145489
2018-08-16,0.7398565530130234,0.2597802828568989,0.0003631641300777413
2018-08-17,0.9624115209562021,0.037561200983961575,2.7278059836004622e-05
2018-08-20,0.979525649077018,0.020456891012079505,1.7459910902270808e-05
2018-08-21,0.9808869663945411,0.019099233219909334,1.3800385549257415e-05
2018-08-22,0.982587567425767,0.017401724570936382,1.0708003296622556e-05
2018-08-23,0.9298130243263621,0.0700991482704068,8.782740323088073e-05
2018-08-24,0.9059975763352378,0.09391895956525279,8.346409950965883e-05
2018-08-27,0.9570615471347532,0.0428906557639146,4.779710133203948e-05
2018-08-28,0.9753788613082713,0.024596521103512327,2.461758821605962e-05
2018-08-29,0.9811965886436532,0.01879274172047893,1.0669635868453615e-05
2018-08-30,0.9644116632720674,0.035558967242295444,2.9369485637002173e-05
2018-08-31,0.9800183867196453,0.019968275086964034,1.3338193390601108e-05
2018-09-04,0.8260377002493243,0.17318461642720454,0.0007776833234710529
2018-09-05,0.9655308953404728,0.03443972684364734,2.937781587986964e-05
2018-09-06,0.9647734367421498,0.035194276837261076,3.2286420588873715e-05
2018-09-07,0.9676090703607327,0.03234880982298521,4.211981628232395e-05
2018-09-10,0.9623927717438747,0.03757710249550209,3.0125760623175576e-05
2018-09-12,0.932625472417528,0.06732058081088035,5.394677159188718e-05
2018-09-13,0.9541317401886392,0.04579381480724644,7.444500411410855e-05
2018-09-14,0.9843382672717741,0.015649054176522292,1.2678551703602502e-05
2018-09-17,0.9198691358906166,0.08004503955384876,8.58245555349253e-05
2018-09-18,0.9728755033383424,0.027103021905210238,2.1474756447497738e-05
2018-09-19,0.9581921745265569,0.04177196837702183,3.5857096421447736e-05
2018-09-20,0.9507694116304849,0.04917458894978316,5.599941973226612e-05
2018-09-21,0.9741606291010202,0.025824256707852756,1.5114191126939384e-05
2018-09-24,0.9737115057104404,0.026274302692638425,1.4191596921267681e-05
2018-09-25,0.9826975632207805,0.017291134423274047,1.1302355945385862e-05
2018-09-26,0.9496041857075797,0.050338542258532834,5.727203388747803e-05
2018-09-27,0.9846644790159322,0.015325554831944468,9.966152123111473e-06
2018-09-28,0.9699297155214752,0.03005026479962597,2.0019678898484053e-05
2018-10-01,0.928450097977444,0.07150385887157452,4.604315098165992e-05
2018-10-02,0.9178856044266512,0.08206255922245362,5.183635089510545e-05
2018-10-03,0.9599723100513643,0.0399479324376469,7.975751098874431e-05
2018-10-04,0.8745473287064491,0.12515395958241823,0.00029871171113260257
2018-10-05,0.95695344338542,0.04300965611640881,3.6900498171308e-05
2018-10-08,0.9748142245514909,0.025169081197259635,1.669425124958848e-05
2018-10-09,0.9667535611575259,0.03322449184173384,2.194700074037001e-05
2018-10-10,0.15809051344020514,0.840568830396214,0.0013406561635806308
2018-10-11,0.001114775675639184,0.9933571080095239,0.005528116314836648
2018-10-12,0.9526853400243249,0.047263113061876194,5.1546913799169455e-05
2018-10-15,0.9200460285113904,0.07990374454175944,5.0226946850405905e-05
2018-10-16,0.671771806764325,0.3275383176043667,0.000689875631308351
2018-10-17,0.9822848097136522,0.01769788162874849,1.730865759938861e-05
2018-10-18,0.7116586103385549,0.28773152734921764,0.0006098623122274031
2018-10-19,0.9822298253396605,0.017755668796157777,1.4505864181640494e-05
2018-10-22,0.972221362441975,0.027758493672180508,2.0143885844784794e-05
2018-10-23,0.8230019557833724,0.17675945849021557,0.00023858572641193948
2018-10-24,0.305024956264194,0.6939025163522765,0.0010725273835293862
2018-10-25,0.5402422890545651,0.4579197265713283,0.001837984374106739
2018-10-26,0.6876671993801768,0.31199356402494394,0.0003392365948789897
2018-10-29,0.9733015652392863,0.026673255018528373,2.517974218521983e-05
2018-10-30,0.7438223271237392,0.254630900176927,0.0015467726993337557
2018-10-31,0.8280356591057887,0.17141274851255497,0.0005515923816563831
2018-11-01,0.7797852038623739,0.21988575858949258,0.000329037548133369
2018-11-05,0.9834239903887608,0.01656662166345834,9.387947781024107e-06
2018-11-06,0.9667297714275023,0.03322996755214676,4.026102035125134e-05
2018-11-07,0.6732478185697981,0.3260165841637918,0.0007355972664099255
2018-11-08,0.9785249860055112,0.021452964420420044,2.2049574068522196e-05
2018-11-09,0.9008442531390957,0.09905217880545814,0.00010356805544640672
2018-11-12,0.5424357362306612,0.45664017874864365,0.0009240850206948964
2018-11-13,0.9706903517103497,0.029275302715385136,3.434557426512675e-05
2018-11-14,0.28475765554449706,0.7149303730017165,0.0003119714537861653
2018-11-15,0.06420648248522415,0.9161492696667433,0.019644247848032922
2018-11-16,0.9453224817461376,0.054637961481363594,3.955677249877404e-05
2018-11-19,0.680342850776366,0.3193351701451982,0.0003219790784360898
2018-11-20,0.2821503926844113,0.7147417209825838,0.003107886333005149
2018-11-21,0.9291901095584523,0.070732860507041,7.702993450673618e-05
2018-11-23,0.6250372595241489,0.3738033147409882,0.001159425734862863
2018-11-26,0.8948731358971863,0.10496273653545549,0.00016412756735822493
2018-11-27,0.9798951924239727,0.020083042065749408,2.1765510278137804e-05
2018-11-28,0.6855432979204744,0.31411454786428283,0.00034215421524269314
2018-11-29,0.9199400330882787,0.07982974893538176,0.00023021797633955153
2018-11-30,0.9850084894970378,0.01497836104168553,1.3149461276785204e-05
2018-12-03,0.8921514171325617,0.10769577980766334,0.00015280305977505523
2018-12-04,0.07387765337860455,0.9244151783602763,0.0017071682611197864
2018-12-06,0.7237333487973577,0.2754730478627564,0.0007936033398856172
2018-12-07,0.5212296612587985,0.47847584885702704,0.00029448988417419094
2018-12-10,0.9445616145473558,0.055362458126848514,7.592732579558092e-05
2018-12-11,0.9851431073969122,0.014845331282245397,1.1561320842432752e-05
2018-12-12,0.838846419862706,0.16074521810834894,0.00040836202894505377
2018-12-13,0.9833048731322188,0.016685485213429566,9.641654351823e-06
2018-12-14,0.5988813432855624,0.4004475704481563,0.0006710862662812223
2018-12-17,0.500252349039719,0.4989767131372574,0.0007709378230235705
2018-12-18,0.9042921534077084,0.09557096245511701,0.00013688413717495254
2018-12-19,0.0483374167389186,0.9421876008409702,0.009474982420111197
2018-12-20,0.008677543469394786,0.9782067771875514,0.013115679343053577
2018-12-21,0.6865828471311339,0.3129771481799007,0.00044000468896514944
2018-12-24,0.10503717063921367,0.8927474222338507,0.00221540712693554
2018-12-26,0.0491332978661284,0.9437251893540815,0.007141512779790365
2018-12-27,0.9595899645249137,0.04035268306187037,5.735241321597408e-05
2018-12-28,0.9654037333713308,0.03454566115633364,5.060547233519588e-05
2018-12-31,0.8453261127098722,0.15417279415391907,0.0005010931362089092
2019-01-02,0.9832082715611159,0.016782179821857306,9.548617027065219e-06
2019-01-03,0.461827513115802,0.5372378075296249,0.0009346793545731355
2019-01-04,0.16446732606952913,0.8311511813696801,0.004381492560790869
2019-01-07,0.9578129370003993,0.04214447739060981,4.258560899076178e-05
2019-01-08,0.9631324633999403,0.03683268717964912,3.484942041052528e-05
2019-01-09,0.9346775362145919,0.06526588576180378,5.657802360421237e-05
2019-01-10,0.9714040361001667,0.028557016125875044,3.8947773958363054e-05
2019-01-11,0.9861923337787555,0.013800043247922358,7.622973321832756e-06
2019-01-14,0.9696238907420517,0.03035423100211466,2.18782558340324e-05
2019-01-15,0.9143476659470136,0.08554709678070485,0.00010523727228141945
2019-01-16,0.9864449269640426,0.013546842724313468,8.23031164360486e-06
2019-01-17,0.9844465143406091,0.01554324271250294,1.0242946888220853e-05
2019-01-18,0.7310312508483312,0.2686845836140565,0.00028416553761192174
2019-01-22,0.6674154791462107,0.3319300755840959,0.0006544452696934471
2019-01-23,0.9866216228134161,0.01337003494392272,8.342242660409654e-06
2019-01-24,0.9830165111860808,0.01697123182713474,1.2256986784231154e-05
2019-01-25,0.8491286951670294,0.15073090365618996,0.00014040117678087272
2019-01-28,0.7968599806017866,0.2027325450478675,0.00040747435034518863
2019-01-29,0.9538827548673054,0.046087454512413244,2.9790620281125838e-05
2019-01-30,0.9396240041416533,0.060312474562252305,6.352129609452033e-05
2019-01-31,0.8363258389742544,0.16276297519315308,0.0009111858325923216
2019-02-01,0.984011516556299,0.01597795713854141,1.0526305159504825e-05
2019-02-04,0.9801728491671202,0.019809775538917718,1.7375293962097776e-05
2019-02-05,0.9729797881464851,0.026990323030051853,2.988882346295645e-05
2019-02-06,0.9807367301789442,0.01925068258631536,1.2587234740495584e-05
2019-02-07,0.8365554581181677,0.1632120033121231,0.00023253856970917498
2019-02-08,0.9728239241076414,0.02715711475952991,1.896113282888772e-05
2019-02-11,0.9787720681982609,0.02120151928592689,2.6412515811877152e-05
2019-02-12,0.9138511655991322,0.08605506733362459,9.376706724309235e-05
2019-02-13,0.9858232872033428,0.014166977659021845,9.735137635604554e-06
2019-02-14,0.9806307746403774,0.019354176277783613,1.5049081838897893e-05
2019-02-15,0.929629604593002,0.07031511690888664,5.5278498111470156e-05
2019-02-19,0.8725233087042684,0.1273377942610277,0.00013889703470385713
2019-02-20,0.9849480353113625,0.015042529872196014,9.434816441600561e-06
2019-02-21,0.9781044780354696,0.02187318901254694,2.233295198315664e-05
2019-02-22,0.9837910830146482,0.016197633739557977,1.128324579334758e-05
2019-02-25,0.9649912641535137,0.034953670276898906,5.506556958735872e-05
2019-02-26,0.9842412934968526,0.015746078719633353,1.2627783513879492e-05
2019-02-27,0.9715532495228058,0.02842290804054305,2.3842436651064823e-05
2019-02-28,0.9827473135969035,0.017238978911023897,1.3707492072647182e-05
2019-03-01,0.9564352956922708,0.04349692446252226,6.777984520710235e-05
2019-03-04,0.9799767114432723,0.020007648034155376,1.5640522572572382e-05
2019-03-05,0.9833528780213466,0.0166368453784203,1.0276600232985347e-05
2019-03-06,0.9239686860875622,0.07589759770750273,0.0001337162049347306
2019-03-07,0.9345138889323567,0.06542623242089482,5.9878646748626196e-05
2019-03-08,0.8348561066641176,0.1648929809580188,0.0002509123778637088
2019-03-11,0.9226131070084899,0.07724718450747285,0.00013970848403704883
2019-03-12,0.9705177809279262,0.029455158080878972,2.7060991194711336e-05
2019-03-13,0.9762248064632143,0.02375855716333316,1.6636373452474404e-05
2019-03-14,0.9655369557227846,0.03442532831048012,3.771596673501235e-05
2019-03-15,0.9805122550008522,0.01947122858471819,1.6516414429227195e-05
2019-03-18,0.9761679523674636,0.02381117988052346,2.0867752013309516e-05
2019-03-19,0.9877235691392764,0.012268997768532335,7.433092191135151e-06
2019-03-20,0.9595353129159593,0.04043391566211904,3.077142192187512e-05
2019-03-21,0.9700348238050424,0.029921827307226194,4.3348887731225294e-05
2019-03-22,0.6184895222230893,0.3806668715628346,0.0008436062140761303
2019-03-25,0.946700672899893,0.05325482002547528,4.450707463190012e-05
2019-03-26,0.9732904505691036,0.026680694350891043,2.885508000579377e-05
2019-03-27,0.9681955216712023,0.03177014150085799,3.433682793978333e-05
2019-03-28,0.9670794502969612,0.03287526827176361,4.52814312752676e-05
2019-03-29,0.9822915342363003,0.017692327294099027,1.613846960073243e-05
2019-04-01,0.8588698851404442,0.14089702657640735,0.00023308828314854893
2019-04-02,0.9871491178081812,0.012843111297728041,7.77089409063713e-06
2019-04-03,0.9844549978319611,0.01553421704531146,1.0785122727485282e-05
2019-04-04,0.9672121585678847,0.032757409896375274,3.0431535739740782e-05
2019-04-05,0.9868976590575114,0.013093515892609339,8.825049879248534e-06
2019-04-08,0.9827212337725933,0.01726782742730202,1.0938800104752437e-05
2019-04-09,0.9741013028007315,0.02587829876162855,2.0398437639937876e-05
2019-04-10,0.9732712426838969,0.026707114279100958,2.1643037002174615e-05
2019-04-11,0.9695995222169327,0.030358060610621785,4.241717244563314e-05
2019-04-12,0.9780076285105886,0.021976179345489805,1.619214392141821e-05
2019-04-15,0.9838807513929966,0.016104471230879266,1.4777376124511327e-05
2019-04-16,0.9806663121669276,0.01931152485612919,2.216297694319069e-05
2019-04-17,0.9849674919805557,0.015020426515704908,1.2081503739301257e-05
2019-04-18,0.9817368441696175,0.018248651227755572,1.4504602626643755e-05
2019-04-22,0.9782124621965951,0.021768407795461735,1.9130007943501117e-05
2019-04-23,0.9767914899566806,0.023181548047450932,2.6961995868710435e-05
2019-04-24,0.9740130065242075,0.025962346539678015,2.464693611431592e-05
2019-04-25,0.9829413012376659,0.017042506167479782,1.6192594854630502e-05
2019-04-26,0.9080759132006169,0.09175157205482969,0.0001725147445533147
2019-04-29,0.9732119566232207,0.026758163120592947,2.9880256186549525e-05
2019-04-30,0.9838989812742248,0.016087682565489682,1.3336160285113021e-05
2019-05-01,0.9476363497757625,0.052300774839487765,6.287538475000568e-05
2019-05-02,0.9560788723482618,0.04380482832688658,0.0001162993248514573
2019-05-03,0.975492132367816,0.024484245797358577,2.36218348255731e-05
2019-05-06,0.9692659299598352,0.030705978995393422,2.809104477100947e-05
2019-05-07,0.6877872586586457,0.3118177805876407,0.000394960753713796
2019-05-08,0.9742483875922952,0.025718396526549708,3.321588115462951e-05
2019-05-09,0.9604649582349618,0.03949048861744171,4.455314759669314e-05
2019-05-10,0.9838781484648921,0.01610931422521139,1.2537309896601282e-05
2019-05-13,0.46946047039746147,0.5299746696073326,0.0005648599952060264
2019-05-14,0.9356913886249553,0.06425565900610598,5.295236893876717e-05
2019-05-15,0.9813368070695756,0.018648899705468458,1.429322495576393e-05
2019-05-16,0.9485099762213227,0.05143509773593823,5.492604273873845e-05
2019-05-17,0.9671552918040697,0.03280496312485328,3.974507107706366e-05
2019-05-20,0.9723563178947108,0.027621334387962583,2.2347717326809976e-05
2019-05-21,0.9800991478279458,0.019877515773119574,2.3336398933893716e-05
2019-05-22,0.9499745608655185,0.04993563837664337,8.980075783776237e-05
2019-05-23,0.7331051300207087,0.2662270613518977,0.0006678086273933344
2019-05-24,0.9744475483538956,0.02552671031532495,2.5741330779410295e-05
2019-05-28,0.929836700020353,0.0701026367594856,6.0663220161338106e-05
2019-05-29,0.9046896763825685,0.0951782124852836,0.00013211113214800708
2019-05-30,0.9721203794542773,0.02784186844635362,3.775209936879773e-05
2019-05-31,0.1482470549724185,0.8477473085377388,0.004005636489842908
2019-06-03,0.8091847997575978,0.19040841641306355,0.0004067838293383971
2019-06-04,0.8331073475209149,0.166471847235076,0.00042080524400915826
2019-06-05,0.7314891899440183,0.2669625491841769,0.0015482608718048337
2019-06-06,0.9820674267970272,0.017921108186285232,1.1465016687568246e-05
2019-06-07,0.9041235397859166,0.09553090604266604,0.0003455541714178122
2019-06-10,0.9816168474733027,0.01836049637748771,2.2656149209489505e-05
2019-06-11,0.9863980063040534,0.01359368315069496,8.310545251715003e-06
2019-06-12,0.9690252934834624,0.03094033509341898,3.437142311863103e-05
2019-06-13,0.9809742518757657,0.01901359332578974,1.21547984443104e-05
2019-06-14,0.9838448627158582,0.016141858098668773,1.3279185472789446e-05
2019-06-17,0.9850927225973454,0.014895112497510072,1.2164905144406994e-05
2019-06-18,0.9612603933560415,0.03869261539655989,4.699124739875094e-05
2019-06-19,0.962902016841437,0.03702957813190032,6.840502666272827e-05
2019-06-20,0.6517314334192668,0.3472025884289186,0.0010659781518148445
2019-06-21,0.9796142789988641,0.020361628767070504,2.4092234065360836e-05
2019-06-24,0.9223262686371673,0.07756547861582358,0.00010825274700952424
2019-06-25,0.9340853819985439,0.06584142317664307,7.31948248132062e-05
2019-06-26,0.9776173698761175,0.02235645838168428,2.6171742198222613e-05
2019-06-27,0.9844578728592437,0.01552678296131521,1.5344179441257515e-05
2019-06-28,0.9633706943568454,0.036565244771676254,6.406087147887952e-05
2019-07-01,0.8779063318906113,0.12178976623805768,0.00030390187133089787
2019-07-02,0.7420675812434521,0.25690904760759947,0.001023371148948149
2019-07-03,0.9222985289128844,0.07760025398866319,0.00010121709845246375
2019-07-05,0.9337680905813427,0.06582453699712579,0.0004073724215314997
2019-07-08,0.9776622628082695,0.022319343779284028,1.8393412446417678e-05
2019-07-09,0.9833399799783548,0.01664264702929312,1.7372992351835683e-05
2019-07-10,0.8916346082172882,0.10829507718180456,7.031460090707805e-05
2019-07-11,0.9868380066783142,0.013145615758102825,1.637756358282459e-05
2019-07-12,0.9851855275098356,0.014804796917886156,9.675572278701098e-06
2019-07-15,0.9804213063107559,0.019555772391946183,2.2921297297790762e-05
2019-07-16,0.9449013108032098,0.05495703399114987,0.00014165520564027006
2019-07-17,0.8328395765932755,0.16691832465677583,0.00024209874994884578
2019-07-18,0.8121380446278252,0.1873617664363615,0.0005001889358129862
2019-07-19,0.9798555241531094,0.02013090743777506,1.3568409115676921e-05
2019-07-22,0.9872206579650081,0.01276847240237371,1.0869632617984163e-05
2019-07-23,0.9815075131292923,0.018471973779347776,2.0513091359798177e-05
2019-07-24,0.9763167794271237,0.023658152658277455,2.506791459883667e-05
2019-07-25,0.9629993162566313,0.0369589933688676,4.169037450081144e-05
2019-07-26,0.9853557182354468,0.014628312634057663,1.596913049544875e-05
2019-07-29,0.9818289628455755,0.018158756591050214,1.2280563373956145e-05
2019-07-30,0.9781169660066629,0.02186238088661465,2.0653106722703534e-05
2019-07-31,0.4796345184200373,0.5182583991894437,0.0021070823905191423
2019-08-01,0.006891526240873577,0.9760319217798724,0.017076551979254295
2019-08-02,0.6406830927608856,0.35679953640490863,0.002517370834205802
2019-08-05,0.010960729844333482,0.9855409862575162,0.003498283898150334
2019-08-06,0.9799582769288729,0.020017630065262266,2.4093005864723168e-05
2019-08-07,0.9141201997232307,0.08559821975088937,0.0002815805258802336
2019-08-08,0.7564328796204316,0.24317712019437634,0.0003900001851918948
2019-08-09,0.9582358716672591,0.04172199497388297,4.213335885815302e-05
2019-08-12,0.8469225760059313,0.1525747875248266,0.0005026364692422529
2019-08-13,0.9127766504733742,0.08710475418677224,0.00011859533985363467
2019-08-14,0.2585313596146436,0.7398536684966868,0.001614971888669514
2019-08-15,0.9820450446536156,0.01793321326164488,2.174208473938296e-05
2019-08-16,0.920441152914955,0.07938091238812035,0.00017793469692472166
2019-08-19,0.9391409477682222,0.06066024079159564,0.0001988114401823563
2019-08-20,0.9079793846138225,0.09189607379333957,0.00012454159283769556
2019-08-21,0.9822638713416132,0.01771452422401895,2.160443436776445e-05
2019-08-22,0.9863979373762581,0.01358254566636569,1.9516957376329127e-05
2019-08-23,0.2259462721827746,0.7725894652924483,0.0014642625247774385
2019-08-26,0.9871910547515743,0.012792506888812238,1.6438359613267883e-05
2019-08-27,0.9434801153818393,0.056442046049517434,7.783856864357995e-05
2019-08-28,0.9856235686710314,0.014363952575206796,1.2478753761907117e-05
2019-08-29,0.8969738474625035,0.1027598019519909,0.00026635058550552655
2019-08-30,0.9826362868842908,0.01733354131797829,3.0171797730878262e-05
2019-09-03,0.968746014950861,0.031213885453042618,4.009959609677894e-05
2019-09-04,0.8688956167399761,0.13097930448164105,0.0001250787783823921
2019-09-05,0.6028172970255667,0.3944515478817531,0.0027311550926802444
2019-09-06,0.9119904600649562,0.08775655384058428,0.0002529860944597287
2019-09-09,0.9558121012744814,0.04410231915828545,8.557956723306124e-05
2019-09-10,0.9798490320720088,0.020093370505685295,5.759742230584685e-05
2019-09-11,0.957935448361086,0.04191225545588005,0.000152296183033871
2019-09-12,0.9836381998135083,0.016340927008605184,2.0873177886523177e-05
2019-09-13,0.9810128859878855,0.018945518055150504,4.159595696386811e-05
2019-09-16,0.06604213715926883,0.9333356462058893,0.0006222166348418947
2019-09-17,0.5802443185484659,0.41726619054724584,0.0024894909042884046
2019-09-18,0.9662328975765423,0.03369798824845842,6.911417499887543e-05
2019-09-19,0.9805303543257187,0.01944606320849061,2.358246579040977e-05
2019-09-20,0.9714402734352097,0.028522103045407927,3.762351938223197e-05
2019-09-23,0.9618057612723894,0.03815916654637776,3.507218123289758e-05
2019-09-24,0.952706575205682,0.04720828260606013,8.514218825743554e-05
2019-09-25,0.9331331675837256,0.06613138412182276,0.0007354482944514868
2019-09-26,0.9825771375653509,0.017400697976643467,2.2164458005335785e-05
2019-09-27,0.9744047817771273,0.025562005748121914,3.3212474750427826e-05
2019-09-30,0.9572452554852815,0.04267012823810611,8.461627661196995e-05
2019-10-01,0.9246084521807181,0.07528710448180181,0.00010444333747982816
2019-10-02,0.6939040228524869,0.3055943188881759,0.0005016582593372776
2019-10-03,0.957435408448531,0.04242511324774567,0.00013947830372336946
2019-10-04,0.9523131166568811,0.04760313692186481,8.374642125361876e-05
2019-10-07,0.989105836855491,0.010880990204376903,1.317294013195344e-05
2019-10-08,0.7760751846043221,0.22354290027543885,0.0003819151202390686
2019-10-09,0.9835319636955301,0.016442167844799023,2.5868459670335494e-05
2019-10-10,0.9799540215352603,0.020003320879542506,4.265758519718094e-05
2019-10-11,0.6486062827394743,0.3508192210749722,0.0005744961855533952
2019-10-14,0.9863892323998297,0.013595046776258026,1.5720823912333028e-05
2019-10-15,0.8881142957476916,0.11160907557462366,0.00027662867768488153
2019-10-16,0.9834559141188649,0.01652637558558986,1.77102955452897e-05
2019-10-17,0.9832531402083278,0.016730402171189047,1.6457620483495254e-05
2019-10-18,0.9857334097620049,0.014254502584768186,1.2087653226934932e-05
2019-10-21,0.9680291146534532,0.03190813643480177,6.274891174473058e-05
2019-10-22,0.9867318277670748,0.013257468325135066,1.0703907790158285e-05
2019-10-23,0.9864492836663252,0.013540152716120643,1.056361755374209e-05
2019-10-24,0.979741558157927,0.020237690086844753,2.0751755228122876e-05
2019-10-25,0.9812406194238517,0.018732530893265452,2.684968288273554e-05
2019-10-28,0.9819220161838794,0.018051636657928416,2.634715819195954e-05
2019-10-29,0.9896552975336876,0.010336080304572146,8.622161740251241e-06
2019-10-30,0.9891366443948073,0.010852908946227417,1.0446658965829868e-05
2019-10-31,0.8732650808942427,0.12599525545552662,0.0007396636502305425
2019-11-01,0.9523156223461958,0.04762740409038748,5.697356341651846e-05
2019-11-04,0.9816496856075059,0.018324149705246453,2.6164687247566075e-05
2019-11-05,0.968818145157867,0.031054557115307087,0.00012729772682596265
2019-11-06,0.9767246762852544,0.023229931649231227,4.539206551457178e-05
2019-11-07,0.9649360340272446,0.03488322136121767,0.0001807446115380655
2019-11-08,0.9906792434689731,0.009310814558094377,9.94197293259611e-06
2019-11-11,0.968984940894595,0.030955365235335337,5.9693870069621154e-05
2019-11-12,0.9880347797337852,0.011953015259440957,1.2205006773871585e-05
2019-11-13,0.9869296925492419,0.013054683195633755,1.5624255124511765e-05
2019-11-14,0.9867964503082653,0.013188075501277182,1.5474190457302762e-05
2019-11-15,0.9821790294118983,0.0177948932687014,2.607731940008057e-05
2019-11-18,0.9518166226679327,0.048052431062380135,0.00013094626968733887
2019-11-19,0.9849709890611242,0.015007496419129919,2.1514519745691436e-05
2019-11-20,0.9796197825738048,0.020361945839769417,1.827158642594098e-05
2019-11-21,0.9780498401525052,0.021914059247567046,3.610059992818132e-05
2019-11-22,0.9913960987729913,0.008595250048768084,8.651178240681157e-06
2019-11-25,0.9776165941062447,0.022344962350523308,3.84435432318935e-05
2019-11-26,0.9837818202812552,0.016199092736821078,1.9086981923758262e-05
2019-11-27,0.9886285543109086,0.011353946360680888,1.7499328410482775e-05
2019-11-29,0.8368820705513313,0.16244760073350323,0.0006703287151658633
2019-12-02,0.9626709331493395,0.037246395076732594,8.267177392808286e-05
2019-12-03,0.8992866342094314,0.10024667523946187,0.000466690551106276
2019-12-04,0.9847994633349538,0.015178042455795748,2.2494209250372223e-05
2019-12-05,0.9906071016231625,0.009384420364203096,8.478012634162379e-06
2019-12-06,0.9519467741921485,0.047939278235545196,0.00011394757230635168
2019-12-09,0.9880829107216647,0.011903480851647125,1.3608426687892832e-05
2019-12-10,0.9876078028128884,0.012382005976913621,1.0191210197462232e-05
2019-12-11,0.961235881124186,0.038689440941075445,7.467793473844091e-05
2019-12-12,0.9672610875470428,0.03263991329013752,9.899916281931275e-05
2019-12-13,0.9657780751468664,0.034084605199726406,0.00013731965340736067
2019-12-16,0.9609908891010848,0.03894553946304089,6.357143587416534e-05
2019-12-17,0.9906956976241483,0.00929540597667444,8.896399177461728e-06
2019-12-18,0.9836794811036482,0.01629109645865223,2.942243769933513e-05
2019-12-19,0.991297851744082,0.008694014115788311,8.134140129603849e-06
2019-12-20,0.9836407758186649,0.01633756244967375,2.1661731661079313e-05
2019-12-23,0.8787650922904886,0.12081261395586203,0.00042229375364938256
2019-12-24,0.9545636069688064,0.04538401303680353,5.237999439034896e-05
2019-12-26,0.9859127422606273,0.01407515634020699,1.2101399165575617e-05
2019-12-27,0.9785584674580206,0.021397875833899814,4.365670807971307e-05
2019-12-30,0.9599208463520617,0.040020444491325136,5.8709156613194435e-05
2019-12-31,0.984115472480757,0.01585523107422035,2.9296445022936642e-05
2020-01-02,0.9824138473370029,0.017559500786747846,2.665187624961827e-05
2020-01-03,0.9602886751712022,0.03965147319323455,5.98516355630809e-05
2020-01-06,0.9910796883579577,0.008911111643516803,9.199998525600059e-06
2020-01-07,0.9819626688405914,0.017998029191599055,3.930196780976051e-05
2020-01-08,0.8648090433224234,0.13442443665563253,0.0007665200219443319
2020-01-09,0.9806906606697314,0.019274236239315772,3.510309095253144e-05
2020-01-10,0.9843698198840825,0.015613043323847414,1.7136792070279408e-05
2020-01-13,0.9781788825625872,0.021780246800351743,4.087063706072779e-05
2020-01-14,0.9892634594658795,0.010726064208841314,1.0476325279341402e-05
2020-01-15,0.9738646193644283,0.02608778881562312,4.759181994882532e-05
2020-01-16,0.9823765175142694,0.01759166540039114,3.181708533952655e-05
2020-01-17,0.9893579149278813,0.01062961198353916,1.247308857954907e-05
2020-01-21,0.9501050037994956,0.04974661398658707,0.00014838221391733373
2020-01-22,0.9860166492589515,0.013962606363810682,2.0744377237670965e-05
2020-01-23,0.980378933426269,0.019582025689661005,3.904088407034412e-05
2020-01-24,0.8971270572640846,0.10256188515125333,0.00031105758466173786
2020-01-27,0.5900198525708078,0.4081074029789803,0.001872744450211615
2020-01-28,0.9662089409513429,0.0337161867848939,7.487226376322317e-05
2020-01-29,0.9585659598909417,0.041341697066566145,9.234304249196832e-05
2020-01-30,0.9609377950791009,0.03895016418995044,0.00011204073094898684
2020-01-31,0.8587841147933,0.14092352705670758,0.0002923581499921681
2020-02-03,0.9724524405829476,0.027473558029984625,7.400138706816583e-05
2020-02-04,0.8924891138431672,0.10688608400775743,0.0006248021490753165
2020-02-05,0.9545499659218238,0.045347166675628534,0.00010286740254760593
2020-02-06,0.9875708088792206,0.01241504838054592,1.4142740233409379e-05
2020-02-07,0.95036140325679,0.04952585705553485,0.00011273968767508526
2020-02-10,0.9680441154822301,0.03187949292881513,7.639158895462343e-05
2020-02-11,0.9911727535843864,0.008816876077812355,1.0370337801305527e-05
2020-02-12,0.9724258990790311,0.027538096160390057,3.600476057882811e-05
2020-02-13,0.9877528826593241,0.012235411191497562,1.1706149178818454e-05
2020-02-14,0.9902370994444126,0.009749638280343398,1.3262275244332602e-05
2020-02-18,0.9005388779828755,0.09933174959295193,0.0001293724241729399
2020-02-19,0.9805190599262756,0.019433689067820586,4.725100590366755e-05
2020-02-20,0.9838034592013827,0.016164528559283006,3.2012239334177596e-05
2020-02-21,0.9059536741656098,0.0938287199464968,0.00021760588789338856
2020-02-24,0.006887881476702212,0.986089736347427,0.00702238217587092
2020-02-25,0.04034892866044804,0.9508057767594407,0.008845294580111253
2020-02-26,0.9800821228151713,0.019867037668207344,5.083951662116554e-05
2020-02-27,6.798165767051976e-06,0.9035691589949731,0.09642404283926
2020-02-28,0.00029105510055983143,0.9126863773599228,0.08702256753951745
2020-03-02,0.07296896118905764,0.9197652844161285,0.007265754394813953
2020-03-03,0.4425188139214769,0.5568290402591696,0.0006521458193536686
2020-03-04,0.23406484736757122,0.7590641812957021,0.006870971336726617
2020-03-05,0.22465818523527012,0.7740822161146891,0.0012595986500411078
2020-03-06,2.5934409756903087e-05,0.9042513897888445,0.09572267580139886
2020-03-09,4.256005131621663e-30,0.9000000000000001,0.09999999999999983
2020-03-10,9.209571128117074e-08,0.8999999099322343,0.09999999797205457
2020-03-11,7.260154580683078e-06,0.9000548942626443,0.0999378455827746
2020-03-12,3.4925712401942783e-34,0.9,0.1
2020-03-13,1.4101780147066094e-20,0.9000000248195281,0.0999999751804719
2020-03-16,6.961170022869092e-41,0.9000000000000006,0.09999999999999946
2020-03-17,3.593720370483325e-28,0.9,0.1
2020-03-18,5.004456826672587e-25,0.9,0.1
2020-03-19,1.1989955295514382e-06,0.8999988341867624,0.09999996681770829
2020-03-20,3.9674862110514535e-05,0.9033743044190476,0.09658602071884156
2020-03-23,6.281362069710294e-06,0.9931547945168822,0.006838924121047907
2020-03-24,1.2957363550636804e-24,0.9000000000000783,0.09999999999992175
2020-03-25,0.00793243102664639,0.8932074006515658,0.09886016832178779
2020-03-26,2.3063748479705852e-11,0.8999999999792866,0.09999999999764979
2020-03-27,2.7807132915533e-06,0.9003047420268272,0.09969247725988106
2020-03-30,0.039774249753713485,0.9242001579374307,0.036025592308855936
2020-03-31,0.92688335014766,0.0727181852000179,0.00039846465232221937
2020-04-01,1.5200830476985676e-06,0.9319256315307147,0.06807284838623731
2020-04-02,0.6865782617638594,0.3127310760652745,0.0006906621708660284
2020-04-03,0.8029613967592317,0.19657822568466185,0.00046037755610644007
2020-04-06,4.916059321640205e-10,0.9000254286157755,0.09997457089261881
2020-04-07,0.9305381403516522,0.06895387554324403,0.0005079841051037729
2020-04-08,0.46100450606141025,0.5346854398024842,0.0043100541361056005
2020-04-09,1.0116551981734456e-05,0.8999915770598808,0.09999830638813753
2020-04-13,0.019498132407662246,0.9568526629218512,0.02364920467048649
2020-04-14,0.11502025998842413,0.8315650011216222,0.05341473888995366
2020-04-15,0.3107602014163648,0.6873984408394662,0.0018413577441689778
2020-04-16,0.9887778892542596,0.011205486701157624,1.6624044583125354e-05
2020-04-17,0.20214866531051068,0.7938486245001711,0.004002710189318121
2020-04-20,0.8826928514174469,0.11696460072868878,0.0003425478538645722
2020-04-21,3.150788644028245e-05,0.949550012238719,0.05041847987484056
2020-04-22,0.1908318406121178,0.8067918505682172,0.002376308819665182
2020-04-23,0.9751717617542541,0.024772372435507763,5.586581023830357e-05
2020-04-24,0.9358845397913793,0.06377848587997925,0.0003369743286412376
2020-04-27,0.6480972613595248,0.3485319672999144,0.003370771340560112
2020-04-28,0.9907453704492399,0.009241233827417653,1.339572334213648e-05
2020-04-29,0.6917710661359642,0.30654992953337945,0.001679004330656695
2020-04-30,0.013385115511228049,0.9683910563417701,0.018223828147001565
2020-05-01,0.08259032126123367,0.915013828369017,0.002395850369749419
2020-05-04,0.9508920961771461,0.048839153468706334,0.0002687503541477754
2020-05-05,0.8754551664876014,0.12434548218919564,0.00019935132320262786
2020-05-06,0.8779383557766722,0.1192458555746678,0.002815788648659527
2020-05-07,0.9285381273520972,0.07127716785543192,0.00018470479247117906
2020-05-08,0.8558686259255228,0.14289159708603988,0.0012397769884369483
2020-05-11,0.9528392405346233,0.04673348546665643,0.0004272739987199564
2020-05-12,0.8783401333091503,0.12118304415069618,0.0004768225401537327
2020-05-13,0.7070123520332773,0.29213885654995553,0.0008487914167674785
2020-05-14,0.9618120673761652,0.038140679699706595,4.7252924128313784e-05
2020-05-15,0.8971203411158127,0.1025221835017507,0.0003574753824367974
2020-05-18,0.02682174154977632,0.9699198417995841,0.0032584166506390098
2020-05-19,0.899701063410053,0.099864150703827,0.0004347858861198813
2020-05-20,0.7536414623183332,0.24363066823798044,0.0027278694436864708
2020-05-21,0.9290676842220631,0.0707148552392434,0.00021746053869313767
2020-05-22,0.9910764985073356,0.008909108631495804,1.4392861168787184e-05
2020-05-26,0.14922696247660883,0.8463519735517152,0.004421063971675841
2020-05-27,0.8987740320796939,0.10057501528578816,0.000650952634518105
2020-05-28,0.9866279459792979,0.01334421519404153,2.7838826660003752e-05
2020-05-29,0.9634867965880595,0.03643930608443559,7.389732750510608e-05
2020-06-01,0.9696168522951469,0.03030913417337484,7.401353147806528e-05
2020-06-02,0.7108588149404648,0.287955084668185,0.0011861003913501643
2020-06-03,0.7197745965991352,0.27935792451890784,0.0008674788819568527
2020-06-04,0.9834737762579424,0.016508450521262145,1.7773220795202638e-05
2020-06-05,0.21073386721384885,0.7808694679633501,0.00839666482280102
2020-06-08,0.9687930891561154,0.031100311926902817,0.00010659891698183927
2020-06-09,0.9556174309511475,0.044273237615857226,0.00010933143299558775
2020-06-10,0.8650033183887009,0.13477170446362646,0.0002249771476726943
2020-06-11,6.188132211876808e-10,0.9000713117827311,0.09992868759845622
2020-06-12,0.9656272726623669,0.0341227866705703,0.00024994066706295764
2020-06-15,0.979230723990274,0.020732547388005805,3.67286217202227e-05
2020-06-16,0.19914691023760814,0.7961610535880725,0.004692036174319
2020-06-17,0.9919043114730653,0.008087633529670053,8.054997264776757e-06
2020-06-18,0.9867771651990319,0.013202156481107757,2.0678319860208094e-05
2020-06-19,0.9038950651681782,0.09589352662477404,0.00021140820704808596
2020-06-22,0.9267670363607898,0.07307175772810513,0.00016120591110482178
2020-06-23,0.9700753353629153,0.02982977796063844,9.4886676446039e-05
2020-06-24,0.29521395321244254,0.7018372509313943,0.0029487958561631427
2020-06-25,0.9802821118304447,0.019656345607540683,6.154256201463116e-05
2020-06-26,0.8337153092283247,0.16588666290697002,0.0003980278647057075
2020-06-29,0.9366291172396831,0.06329159697634987,7.928578396683593e-05
2020-06-30,0.9032654338786049,0.09649749066256144,0.0002370754588334037
2020-07-01,0.9898430816659511,0.010145409587264544,1.1508746784531597e-05
2020-07-02,0.960744354123974,0.03917477582897103,8.087004705531329e-05
2020-07-06,0.8796964456400754,0.11977381782165657,0.0005297365382682197
2020-07-07,0.8949887639177238,0.10485616984636033,0.00015506623591575886
2020-07-08,0.9776767946609158,0.022289368303283024,3.383703580108993e-05
2020-07-09,0.9726263072494099,0.027322737768500804,5.095498208966214e-05
2020-07-10,0.9809575288111843,0.019002963204629006,3.950798418710616e-05
2020-07-13,0.9411179727616552,0.05873459651166196,0.00014743072668291343
2020-07-14,0.8363701024904817,0.162708233724916,0.0009216637846019574
2020-07-15,0.9524610604644377,0.04743343394642717,0.00010550558913560372
2020-07-16,0.9771313495502678,0.022826623497089523,4.2026952642759945e-05
2020-07-17,0.9591858900493714,0.04070221337840015,0.00011189657222881281
2020-07-20,0.9388321342632364,0.06091026155150059,0.0002576041852632272
2020-07-21,0.9549960757215766,0.04492408802686406,7.983625155937649e-05
2020-07-22,0.979711049102985,0.020258387336435778,3.056356057942424e-05
2020-07-23,0.9060551196220041,0.09370812528359071,0.00023675509440539117
2020-07-24,0.9009942135864492,0.09879372372360219,0.00021206268994881637
2020-07-27,0.8343952610260382,0.16474742085672975,0.0008573181172320985
2020-07-28,0.9854747256421591,0.014507480265414052,1.7794092427215112e-05
2020-07-29,0.9707598399217432,0.029189288623877745,5.0871454378969476e-05
2020-07-30,0.8514558739124437,0.14781561854357592,0.0007285075439802479
2020-07-31,0.971336785002568,0.028624886142438754,3.832885499358302e-05
2020-08-03,0.8565408069910052,0.14310083807674512,0.00035835493224965244
2020-08-04,0.9263924927263159,0.07346691167783359,0.00014059559585060215
2020-08-05,0.9755831199917031,0.02437271056299157,4.416944530515728e-05
2020-08-06,0.9901159015117843,0.009873204369448507,1.089411876764448e-05
2020-08-07,0.9326480374978715,0.06707114867119084,0.0002808138309379195
2020-08-10,0.9888749480125858,0.01111329073279355,1.176125462093006e-05
2020-08-11,0.10986375859383524,0.8845512727891608,0.005584968617003909
2020-08-12,0.9362107976030257,0.06362356150311396,0.0001656408938604357
2020-08-13,0.919339692793438,0.08041338873949072,0.00024691846707161413
2020-08-14,0.989014630263047,0.010966277832844174,1.9091904109082333e-05
2020-08-17,0.7518358656602642,0.2479176637392223,0.00024647060051339096
2020-08-18,0.97908413255926,0.02087139926456944,4.44681761706296e-05
2020-08-19,0.9659189375373273,0.03400927951629842,7.178294637436105e-05
2020-08-20,0.9627913024343332,0.0370933792452931,0.00011531832037365486
2020-08-21,0.9821867736116757,0.017783236505961173,2.9989882363002122e-05
2020-08-24,0.9644188785285943,0.03549649692604646,8.46245453596897e-05
2020-08-25,0.9884017907929299,0.01157904712187695,1.916208519332119e-05
2020-08-26,0.9404363727216308,0.0593530076361203,0.00021061964224861415
2020-08-27,0.9789802242114009,0.020947369867553495,7.240592104545024e-05
2020-08-28,0.9341880408275431,0.0656339370155438,0.00017802215691263494
2020-08-31,0.9841005715660682,0.015873847060735545,2.558137319633769e-05
2020-09-01,0.9799773957359653,0.019989533975363995,3.30702886704786e-05
2020-09-02,0.9087537665966486,0.09079330548173073,0.00045292792162051325
2020-09-03,0.18035109297485707,0.817666484376636,0.0019824226485067745
2020-09-04,0.8084217072113908,0.1851376434275172,0.006440649361092178
2020-09-08,0.4203342677107096,0.5783287923702083,0.0013369399190824244
2020-09-09,0.6845383287936608,0.3132917084053851,0.002169962800953942
2020-09-10,0.9192376983167178,0.08058444277583646,0.00017785890744600663
2020-09-11,0.9881264575306904,0.011860801769508853,1.2740699800667279e-05
2020-09-14,0.8841158397456086,0.11539002615023405,0.0004941341041574787
2020-09-15,0.9899704078000913,0.010016405814061102,1.3186385847699659e-05
2020-09-16,0.983487895834425,0.01649385675167351,1.8247413901558193e-05
2020-09-17,0.9602744067379936,0.03966253212817802,6.306113382853109e-05
2020-09-18,0.9314345463393137,0.06842257527617757,0.0001428783845088593
2020-09-21,0.29550714586159954,0.7006588237213548,0.0038340304170458783
2020-09-22,0.9846627482087207,0.015306163818773491,3.108797250566676e-05
2020-09-23,0.12823719310912662,0.8665409233750907,0.005221883515782221
2020-09-24,0.8675553725792537,0.13173547783467104,0.0007091495860748037
2020-09-25,0.9484794252622656,0.0512774082957133,0.00024316644202132523
2020-09-28,0.8905034390405234,0.10908478747814407,0.00041177348133231183
2020-09-29,0.9385273712464297,0.06129692584467752,0.0001757029088926045
2020-09-30,0.9867926339615041,0.013193221678261546,1.4144360234915118e-05
2020-10-01,0.9634999301254208,0.03639626776835562,0.0001038021062235746
2020-10-02,0.9653602111243913,0.03456814453115404,7.164434445421436e-05
2020-10-05,0.8372463081840793,0.1624632690400161,0.00029042277590467914
2020-10-06,0.7151939922374304,0.2838523814289088,0.0009536263336613969
2020-10-07,0.9555745296421565,0.044255463588279975,0.00017000676956381306
2020-10-08,0.9811472882660629,0.018826802002570243,2.5909731366204763e-05
2020-10-09,0.8637020578055841,0.13607623586751386,0.00022170632690203935
2020-10-12,0.9156712243165541,0.08390823801167849,0.0004205376717673847
2020-10-13,0.9781747991429459,0.021789964077130197,3.523677992405643e-05
2020-10-14,0.9731335484083585,0.0268396381716694,2.6813419972085915e-05
2020-10-15,0.9588184018877145,0.041085426536533146,9.617157575196832e-05
2020-10-16,0.9871554187988796,0.012829096187662686,1.548501345799116e-05
2020-10-19,0.9273915689472,0.07245675083385153,0.00015168021894810375
2020-10-20,0.98879531906533,0.011192156665664227,1.2524269005481967e-05
2020-10-21,0.9785323092803975,0.02143915241701195,2.8538302590515687e-05
2020-10-22,0.9867076252702333,0.013263133350319761,2.9241379447249873e-05
2020-10-23,0.9867480625249625,0.013234059679549132,1.7877795488120818e-05
2020-10-26,0.8151345864465551,0.18439143455253265,0.00047397900091230834
2020-10-27,0.9699087401868154,0.03005850485904952,3.275495413532979e-05
2020-10-28,0.0022491299096212736,0.9548973043427305,0.042853565747648384
2020-10-29,0.8852790100437036,0.11234362441458201,0.0023773655417143207
2020-10-30,0.8859113358477462,0.1138493156262768,0.0002393485259774613
2020-11-02,0.911857573508666,0.08782336366363941,0.0003190628276946371
2020-11-03,0.8011124214757492,0.1974322813286138,0.0014552971956369146
2020-11-04,0.20622575000713667,0.7833853498491036,0.010388900143759545
2020-11-05,0.11450092373641559,0.873528128512104,0.011970947751480623
2020-11-06,0.9847098068816779,0.01526566252030176,2.4530598019997228e-05
2020-11-09,0.05997679095610192,0.9304850346695958,0.009538174374302055
2020-11-10,0.7680950909247168,0.2314742367792153,0.00043067229606819947
2020-11-11,0.9764737786920616,0.023480864282188586,4.5357025749610777e-05
2020-11-12,0.9443723647626162,0.05552365165088674,0.0001039835864970857
2020-11-13,0.9870408704864467,0.012942370322028962,1.6759191524124095e-05
2020-11-16,0.9656144427235358,0.03431386113634998,7.169614011409811e-05
2020-11-17,0.9792294734182995,0.02074463761150366,2.588897019678093e-05
2020-11-18,0.9204424346497116,0.07941951304882947,0.00013805230145866586
2020-11-19,0.9829278325652466,0.01705237276417479,1.9794670578416164e-05
2020-11-20,0.983815042928294,0.016177020078485697,7.936993220397154e-06
2020-11-23,0.9641281281152078,0.03582130577563071,5.0566109161672096e-05
2020-11-24,0.9034234650995555,0.096401184576773,0.00017535032367155845
2020-11-25,0.9897596970229167,0.010233353797467237,6.949179616555382e-06
2020-11-27,0.9894358906160058,0.010555913443704545,8.195940289477049e-06
2020-11-30,0.968448734398715,0.03151513305153894,3.613254974596695e-05
2020-12-01,0.9109610992647639,0.08873842247926099,0.0003004782559751065
2020-12-02,0.9922396404099334,0.0077563017968925495,4.057793173714771e-06
2020-12-03,0.9347875745326408,0.06484452939778199,0.00036789606957711316
2020-12-04,0.9873881230900178,0.01259852383227969,1.3353077702280597e-05
2020-12-07,0.9456061306996089,0.05431046014832995,8.340915206159063e-05
2020-12-08,0.9902707727714966,0.009722249175410409,6.978053093297056e-06
2020-12-09,0.9672734127427617,0.032676939509512046,4.9647747726388667e-05
2020-12-10,0.9739182219104776,0.026069687719180064,1.209037034212994e-05
2020-12-11,0.9886946960023449,0.01129801993522394,7.284062431242129e-06
2020-12-14,0.9782326722746111,0.021752008260024446,1.5319465364509596e-05
2020-12-15,0.9559614042083906,0.043975532435237295,6.306335637192046e-05
2020-12-16,0.9889659024581615,0.011027839125358856,6.2584164797525585e-06
2020-12-17,0.9572099847286569,0.04275390545195973,3.610981938304339e-05
2020-12-18,0.9759605649299983,0.02402163384314639,1.780122685540093e-05
2020-12-21,0.971225371939308,0.028738477711552246,3.6150349139961054e-05
2020-12-22,0.962493102826975,0.03745907860343301,4.781856959179268e-05
2020-12-23,0.9884210242022476,0.011572204600928171,6.771196824128402e-06
2020-12-24,0.9920112615882024,0.00798452679105378,4.2116207435756385e-06
2020-12-28,0.9771232662704525,0.022848186628443838,2.8547101103762403e-05
2020-12-29,0.9874722723541739,0.01252176881605277,5.958829773182351e-06
2020-12-30,0.9704745162421391,0.029504400679235397,2.108307862549477e-05
2020-12-31,0.981705795764741,0.01828304215522252,1.1162080036488809e-05
2021-01-04,0.1624979358521879,0.8370253455887113,0.00047671855910074264
2021-01-05,0.8753824520532942,0.12452746178592186,9.00861607833417e-05
2021-01-06,0.976221178099596,0.023703294615300578,7.552728510337092e-05
2021-01-07,0.9505417510822735,0.04936496618338278,9.328273434338617e-05
2021-01-08,0.7327067794969677,0.26660661745728487,0.0006866030457473348
2021-01-11,0.9624686602872513,0.03742200490584518,0.0001093348069034408
2021-01-12,0.9757928644363167,0.024197930490095654,9.205073587598677e-06
2021-01-13,0.966913761148481,0.03301666572129999,6.957313021880741e-05
2021-01-14,0.9892839233101025,0.010711083326227883,4.993363669117738e-06
2021-01-15,0.912728732894287,0.08711049922470207,0.0001607678810108406
2021-01-19,0.9777143642715442,0.022250895339241208,3.474038921403797e-05
2021-01-20,0.960895701928966,0.039035456901244284,6.884116978966672e-05
2021-01-21,0.990415994640888,0.009577758510604134,6.24684850793857e-06
2021-01-22,0.9484336477732127,0.05148841041591691,7.794181087029962e-05
2021-01-25,0.9742933392728238,0.02569330061562789,1.3360111548187805e-05
2021-01-26,0.9877897221494999,0.012204740196692584,5.537653807653638e-06
2021-01-27,0.3445766919755292,0.654460815908828,0.0009624921156431486
2021-01-28,0.5261371667700192,0.4720994557905317,0.0017633774394486819
2021-01-29,0.8064235638447984,0.19342385622382668,0.0001525799313745355
2021-02-01,0.4972275628605468,0.5022420756066236,0.0005303615328292672
2021-02-02,0.5072809710749551,0.4917580512758576,0.0009609776491872071
2021-02-03,0.9910130204150234,0.00898230108286638,4.678502110328215e-06
2021-02-04,0.9805372099521126,0.01944601643959639,1.6773608290711696e-05
2021-02-05,0.9789232566717008,0.021059086081052027,1.765724724699736e-05
2021-02-08,0.9739057606375956,0.026079557227135886,1.4682135268157269e-05
2021-02-09,0.9888891827252474,0.0111039615124706,6.855762281676419e-06
2021-02-10,0.9899438819103817,0.01004964656738802,6.4715222300550954e-06
2021-02-11,0.9887737566935533,0.011217836989074734,8.406317372318312e-06
2021-02-12,0.9876246550822948,0.012364049093155841,1.1295824548862095e-05
2021-02-16,0.9660454628602464,0.03391688764051717,3.7649499236293424e-05
2021-02-17,0.9823942167182396,0.017593024792584032,1.2758489176949065e-05
2021-02-18,0.9866049940460471,0.013387275456544355,7.730497408896204e-06
2021-02-19,0.9903606446693732,0.00963169896948414,7.656361142735328e-06
2021-02-22,0.4664533815461803,0.5333647735897741,0.00018184486404583858
2021-02-23,0.9876372498286127,0.01235405274774063,8.697423646634183e-06
2021-02-24,0.9653300013881921,0.03462430410458759,4.5694507220072394e-05
2021-02-25,0.7556652303513622,0.24325079788530657,0.0010839717633314126
2021-02-26,0.18746507515383373,0.8094164067817685,0.0031185180643978766
2021-03-01,0.5868973729101494,0.41097545175498346,0.00212717533486698
2021-03-02,0.9197405411470231,0.08019722198041605,6.22368725606181e-05
2021-03-03,0.9592407184585473,0.040661699261863436,9.758227958883859e-05
2021-03-04,0.9306842069721204,0.06912204275687216,0.0001937502710073441
2021-03-05,0.8443214695512365,0.15460040270355413,0.0010781277452089695
2021-03-08,0.9825991178511007,0.017367617067411124,3.3265081487950117e-05
2021-03-09,0.9331401105161782,0.06663186123772254,0.00022802824609938612
2021-03-10,0.989669071591004,0.010323495490075716,7.432918919911582e-06
2021-03-11,0.9637956757266755,0.03616562947491128,3.869479841364212e-05
2021-03-12,0.9577528807716605,0.041968645486677204,0.00027847374166253347
2021-03-15,0.9874751874941505,0.012514966574746307,9.845931103338814e-06
2021-03-16,0.9907519356656729,0.009242672205085276,5.392129242394226e-06
2021-03-17,0.9598379625116903,0.04006999071048219,9.204677782738316e-05
2021-03-18,0.6296012665322267,0.3694928663438833,0.000905867123890106
2021-03-19,0.9816017960928375,0.018391054650909542,7.149256252601493e-06
2021-03-22,0.9837572889191782,0.016225754274060016,1.695680676200277e-05
2021-03-23,0.8105813607557417,0.18904414521290072,0.0003744940313574235
2021-03-24,0.9033156079498132,0.09663024085224839,5.415119793854489e-05
2021-03-25,0.9101514771586161,0.08959240211368806,0.00025612072769602224
2021-03-26,0.9235625999522797,0.07635227703506349,8.51230126567976e-05
2021-03-29,0.9896189505037344,0.010371230138596891,9.819357668807012e-06
2021-03-30,0.9193354146646092,0.08052375368707372,0.0001408316483174707
2021-03-31,0.9851929529506093,0.014800117172177022,6.929877213747635e-06
2021-04-01,0.9154399595116264,0.08428016405141817,0.00027987643695533875
2021-04-05,0.9122980827198739,0.0873462633918694,0.00035565388825662124
2021-04-06,0.9856223977074248,0.014370727291945457,6.875000629875681e-06
2021-04-07,0.9863817884883946,0.013607724300918255,1.0487210686493142e-05
2021-04-08,0.9828225313755683,0.017167092887896113,1.0375736535506504e-05
2021-04-09,0.9865362196505901,0.01345100852454298,1.2771824866639677e-05
2021-04-12,0.98234813110627,0.01763600901193452,1.585988179531746e-05
2021-04-13,0.987380643553899,0.012613942473349066,5.413972751795168e-06
2021-04-14,0.8978304943392081,0.10212301204681709,4.6493613974575374e-05
2021-04-15,0.9330977712694394,0.06677887020288813,0.00012335852767247603
2021-04-16,0.9891457330985564,0.010842447775264058,1.1819126179464038e-05
2021-04-19,0.9810139874528362,0.01896971624385678,1.629630330693445e-05
2021-04-20,0.953850822961037,0.046114519314672954,3.465772429026997e-05
2021-04-21,0.9849263975357587,0.01506141825631501,1.218420792590044e-05
2021-04-22,0.9654402869498263,0.03453559239674769,2.4120653425752033e-05
2021-04-23,0.9879896877993761,0.012002936441433404,7.375759190757809e-06
2021-04-26,0.981019797932567,0.018972742718582267,7.459348850637327e-06
2021-04-27,0.9817278210258755,0.018258812720990517,1.3366253134129672e-05
2021-04-28,0.9904254991066388,0.009569119522700557,5.381370660747191e-06
2021-04-29,0.9817782222021526,0.018205688186820612,1.608961102674232e-05
2021-04-30,0.9722210925611892,0.027751732240313225,2.7175198497520605e-05
2021-05-03,0.9235612925029693,0.07635460108685628,8.410641017441533e-05
2021-05-04,0.9447461224152512,0.05521193771670907,4.1939868040128125e-05
2021-05-05,0.9907225682717501,0.009273329745702767,4.1019825469450015e-06
2021-05-06,0.958630541840146,0.041325438985624595,4.401917422940649e-05
2021-05-07,0.9787853761746178,0.02119553372751103,1.909009787134414e-05
2021-05-10,0.9783108563244161,0.021665097658563014,2.4046017020810986e-05
2021-05-11,0.8878314782969684,0.11202806711832759,0.00014045458470396188
2021-05-12,0.701575648637009,0.2969154611007188,0.001508890262272244
2021-05-13,0.5478683784797101,0.45111301542629134,0.001018606093998386
2021-05-14,0.9082438278104025,0.0913986339442654,0.0003575382453322169
2021-05-17,0.7282977379990234,0.2715686819147775,0.00013358008619932768
2021-05-18,0.9862805673936068,0.013709751872366657,9.680734026751526e-06
2021-05-19,0.8585071702443307,0.14107964664846506,0.000413183107204049
2021-05-20,0.9451056051368335,0.05473762984726782,0.00015676501589865523
2021-05-21,0.9916462393709821,0.00834986633572055,3.894293296994872e-06
2021-05-24,0.9849960534324741,0.01499377476652192,1.0171801003860015e-05
2021-05-25,0.9860665114514864,0.013921997325753867,1.1491222759993481e-05
2021-05-26,0.9921416049896966,0.007854541851891099,3.853158412271454e-06
2021-05-27,0.9725409784309191,0.027443859076523316,1.5162492557796668e-05
2021-05-28,0.9916042170351754,0.008391423062677532,4.359902146664412e-06
2021-06-01,0.9738150528476185,0.026173369018902,1.1578133479603677e-05
2021-06-02,0.9921057922593955,0.007890903298253694,3.3044423504497124e-06
2021-06-03,0.9279630160760236,0.07184533541367577,0.00019164851030036847
2021-06-04,0.9501037292998346,0.049846989124482835,4.928157568261256e-05
2021-06-07,0.9877893695639011,0.01220106628048101,9.564155617551328e-06
2021-06-08,0.9817550539339082,0.018234457752374908,1.048831371716684e-05
2021-06-09,0.9887839838872053,0.011209897756634925,6.118356159597401e-06
2021-06-10,0.9830388598990862,0.016947609173107656,1.3530927806163743e-05
2021-06-11,0.9888430534667426,0.011149617490774803,7.329042482999332e-06
2021-06-14,0.9851285454521034,0.014856975215284963,1.4479332611509371e-05
2021-06-15,0.9827522616037143,0.017233143392496146,1.459500378939369e-05
2021-06-16,0.9876477939323978,0.012342767280575529,9.438787026364115e-06
2021-06-17,0.006189012521120876,0.9881520652983894,0.0056589221804897085
2021-06-18,0.7585542351994295,0.24125614033065818,0.00018962446991257033
2021-06-21,0.9781431639916929,0.02182835585119576,2.8480157111254547e-05
2021-06-22,0.9876828664876126,0.01230818133966332,8.95217272360625e-06
2021-06-23,0.9853382828938746,0.014655442122127105,6.274983998637667e-06
2021-06-24,0.991116633175298,0.008878081407591788,5.2854171102112134e-06
2021-06-25,0.9906598349452241,0.009334376462843307,5.788591932584629e-06
2021-06-28,0.9828974587530254,0.01709334093331142,9.200313663077142e-06
2021-06-29,0.991997230126668,0.00799918072000444,3.5891533272853985e-06
2021-06-30,0.9577437499696466,0.04223822749062532,1.8022539728035497e-05
2021-07-01,0.9918353911203073,0.008160471265034618,4.137614658687349e-06
2021-07-02,0.988820232412286,0.011172599103334494,7.168484379497078e-06
2021-07-06,0.6374278902807218,0.36169892884444343,0.0008731808748345108
2021-07-07,0.9899231932230498,0.010070416340414222,6.390436535903642e-06
2021-07-08,0.818732582588704,0.1807260410351971,0.000541376376098531
2021-07-09,0.944836904824927,0.0550398918047171,0.00012320337035587724
2021-07-12,0.9836350609063449,0.016353445374089347,1.1493719565676739e-05
2021-07-13,0.9808753788270699,0.019101349552743695,2.3271620186241495e-05
2021-07-14,0.9882173356811078,0.011774968225596549,7.696093295435197e-06
2021-07-15,0.9804710573245777,0.019514594276229064,1.434839919348041e-05
2021-07-16,0.9294324255984903,0.07046267608450642,0.00010489831700365612
2021-07-19,0.19796922080700552,0.7999929122874241,0.0020378669055709964
2021-07-20,0.9577526950142948,0.04220677188363457,4.053310207021731e-05
2021-07-21,0.9453896037867948,0.054561842809989665,4.855340321520306e-05
2021-07-22,0.9779185689722483,0.022064980242141638,1.645078561010907e-05
2021-07-23,0.9825968107432514,0.017385770058581957,1.741919816660595e-05
2021-07-26,0.983678471132767,0.0163146307486862,6.8981185473008014e-06
2021-07-27,0.9684486890148966,0.03151164564699494,3.966533810821648e-05
2021-07-28,0.9869599098396985,0.013031962532413071,8.127627888475378e-06
2021-07-29,0.960248416992855,0.03972391178005829,2.7671227086890108e-05
2021-07-30,0.9460337868118179,0.05388737074228261,7.884244589948669e-05
2021-08-02,0.9772525684568484,0.022713595588866563,3.383595428475311e-05
2021-08-03,0.9846185349408457,0.015364606887039957,1.6858172114246344e-05
2021-08-04,0.9878869949376161,0.012104993451123782,8.011611260099849e-06
2021-08-05,0.9841456043892882,0.015840564508519495,1.3831102192359716e-05
2021-08-06,0.9381776402132087,0.0613542586224122,0.00046810116437930797
2021-08-09,0.8881779680913168,0.11151933665557436,0.00030269525310874513
2021-08-10,0.9688673409414901,0.03111515661682101,1.7502441688972838e-05
2021-08-11,0.9834221383176688,0.01656766063837775,1.0201043953639603e-05
2021-08-12,0.987895344998613,0.012096711561398132,7.943439988943982e-06
2021-08-13,0.9809302376883954,0.01904597937522853,2.37829363761321e-05
2021-08-16,0.9875077002590222,0.012483920508371896,8.37923260621e-06
2021-08-17,0.9605912024324551,0.03932476989806212,8.402766948338754e-05
2021-08-18,0.959886533345689,0.0400637647058343,4.9701948477339695e-05
2021-08-19,0.901471773744025,0.09834407367236016,0.00018415258361479569
2021-08-20,0.9753238183925698,0.024642879486222964,3.330212120660051e-05
2021-08-23,0.8211445652707176,0.17878374769668448,7.16870325983184e-05
2021-08-24,0.9772832973589018,0.022706260003762836,1.044263733562074e-05
2021-08-25,0.9849419737131778,0.015046262923222786,1.1763363598955973e-05
2021-08-26,0.9855964374048857,0.014395841769105402,7.720826008781977e-06
2021-08-27,0.9197065201847499,0.08023448589962891,5.899391562104907e-05
2021-08-30,0.9804925984515505,0.019486638093443656,2.0763455005770587e-05
2021-08-31,0.9825368147137413,0.017443842855576923,1.934243068170746e-05
2021-09-01,0.9883077020134597,0.011684860375246998,7.437611292885343e-06
2021-09-02,0.9889236588698812,0.01107140770918157,4.933420937609166e-06
2021-09-03,0.9771252379480774,0.022851481307615634,2.3280744306614966e-05
2021-09-07,0.9357842314490269,0.06403764098452149,0.00017812756645128406
2021-09-08,0.9747402176123333,0.0252473424256732,1.2439961992987276e-05
2021-09-09,0.9706527530488602,0.029308212999067152,3.903395207291176e-05
2021-09-10,0.9805028094646067,0.0194840194606973,1.3171074696012518e-05
2021-09-13,0.9885668466471188,0.011427847495998136,5.305856882801768e-06
2021-09-14,0.9854707022340037,0.014521409143637516,7.888622358967114e-06
2021-09-15,0.9491506252268574,0.05082529059499616,2.4084178146582638e-05
2021-09-16,0.8542336055133499,0.14535047218414476,0.00041592230250503317
2021-09-17,0.9532296544073544,0.04666782209189151,0.00010252350075439594
2021-09-20,0.700920357761768,0.2986507994223293,0.0004288428159023528
2021-09-21,0.9899445216727952,0.010049087691861941,6.390635342795298e-06
2021-09-22,0.9593127621724478,0.040663940098439696,2.3297729112531337e-05
2021-09-23,0.8982698007838197,0.10148085406480366,0.00024934515137679846
2021-09-24,0.9794511544837115,0.020526290762169382,2.2554754119174287e-05
2021-09-27,0.9048576800492976,0.09510076515011574,4.15548005865423e-05
2021-09-28,0.5327358645148238,0.46457380421415945,0.0026903312710166577
2021-09-29,0.9493302437530184,0.05059539960368409,7.435664329774102e-05
2021-09-30,0.9220283873105143,0.07792201495791776,4.959773156825404e-05
2021-10-01,0.9838850114779781,0.016097232801047665,1.7755720973900866e-05
2021-10-04,0.8990950294388548,0.10085181356086015,5.315700028516149e-05
2021-10-05,0.8972223305329184,0.10266682869238458,0.00011084077469739075
2021-10-06,0.4791071137439497,0.5190341948651276,0.0018586913909226493
2021-10-07,0.9762053344734464,0.023767660271511004,2.7005255042299325e-05
2021-10-08,0.9884286119259916,0.011561365155259304,1.0022918749144286e-05
2021-10-11,0.9868012202905379,0.013189032159226932,9.747550235258666e-06
2021-10-12,0.9840674500453597,0.015921325117233005,1.1224837407064108e-05
2021-10-13,0.9590771843590431,0.04087709189817159,4.5723742785343604e-05
2021-10-14,0.9302554048984092,0.06963011752593641,0.00011447757565419839
2021-10-15,0.9842553895223753,0.01573147400697351,1.313647065105026e-05
2021-10-18,0.973797333460698,0.026172375918153273,3.0290621148596235e-05
2021-10-19,0.9850511038054902,0.014931778167145308,1.7118027364475643e-05
2021-10-20,0.9815216874144367,0.018469759217472466,8.553368090977785e-06
2021-10-21,0.8302565351384651,0.1691198037654926,0.0006236610960423362
2021-10-22,0.9887596630175234,0.011235798934183921,4.53804829256192e-06
2021-10-25,0.9177638840668944,0.08220786305325975,2.8252879845587778e-05
2021-10-26,0.9893348642007564,0.010658483855787229,6.6519434562633865e-06
2021-10-27,0.9496191374505635,0.05026991838653525,0.00011094416290133545
2021-10-28,0.9485295762228302,0.05131736632850583,0.00015305744866382515
2021-10-29,0.9532161102894925,0.04668658653440775,9.730317610000727e-05
2021-11-01,0.9902070049554021,0.009786776156421532,6.218888176228867e-06
2021-11-02,0.9872463238750432,0.012747003075263382,6.673049693705563e-06
2021-11-03,0.9464729160111489,0.05338593092611419,0.0001411530627370985
2021-11-04,0.9797461304535839,0.020227984678296465,2.5884868119703387e-05
2021-11-05,0.9668737339845945,0.033077288619556305,4.8977395848851354e-05
2021-11-08,0.9902199302498235,0.009773827518613143,6.242231563402646e-06
2021-11-09,0.9779041839861335,0.022077133173295942,1.8682840570303536e-05
2021-11-10,0.6001172036257862,0.37885263263285257,0.02103016374136138
2021-11-11,0.917135161974958,0.08275800339454824,0.00010683463049360397
2021-11-12,0.9772468189365833,0.022714874085736737,3.830697768002344e-05
2021-11-15,0.9865240890190007,0.013455323122243876,2.058785875493096e-05
2021-11-16,0.9860867588253697,0.013900631781890611,1.2609392739769851e-05
2021-11-17,0.9704255776391266,0.029540287295814673,3.4135065059134096e-05
2021-11-18,0.9820409734668176,0.017942999787760663,1.6026745422029094e-05
2021-11-19,0.9778920794171423,0.022086609054559253,2.1311528298758774e-05
2021-11-22,0.9630812307523713,0.03668304946656963,0.00023571978105902636
2021-11-23,0.9555467270676744,0.044370601268934266,8.267166339160411e-05
2021-11-24,0.9896372010560999,0.010357600634231157,5.19830966891368e-06
2021-11-26,7.904041550728979e-06,0.9381238567821294,0.061868239176320124
2021-11-29,0.8686615365971381,0.13076702572492072,0.0005714376779415302
2021-11-30,0.06868148382361212,0.9288466823601776,0.002471833816210578
2021-12-01,0.881808995121342,0.1177722903101152,0.00041871456854278744
2021-12-02,0.983726618210779,0.016256162474492894,1.721931472814002e-05
2021-12-03,0.9420740583532616,0.057868981058082726,5.696058865533798e-05
2021-12-06,0.9674231148917326,0.03249565563047937,8.122947778816548e-05
2021-12-07,0.7997836485428562,0.19986654659057435,0.0003498048665695103
2021-12-08,0.9892359878786516,0.01075695661754852,7.055503800107891e-06
2021-12-09,0.9399252836172894,0.059973277549949945,0.00010143883276103602
2021-12-10,0.9874208175635494,0.012571439716579789,7.742719870719415e-06
2021-12-13,0.9596845265392704,0.04027220905254199,4.326440818760462e-05
2021-12-14,0.9727687878359668,0.027193104245101796,3.810791893130257e-05
2021-12-15,0.9229581727528494,0.07679335561174963,0.00024847163540107464
2021-12-16,0.7298673265549321,0.2700358891609105,9.67842841575796e-05
2021-12-17,0.9572240373508086,0.04272861359626721,4.734905292396363e-05
2021-12-20,0.8751682178152547,0.12451945545738671,0.000312326727358384
2021-12-21,0.7168805823038154,0.28271215664824056,0.0004072610479440861
2021-12-22,0.9404453487020463,0.05951280409045592,4.184720749753675e-05
2021-12-23,0.9851656078712262,0.014818665512725517,1.5726616047924653e-05
2021-12-27,0.9426648739667965,0.05729785040015713,3.7275633046104176e-05
2021-12-28,0.9897927916938174,0.01020055786099921,6.6504451830188405e-06
2021-12-29,0.9910910356452678,0.008903583763483788,5.380591248546545e-06
2021-12-30,0.9641094639704939,0.035840350566611646,5.0185462894512354e-05
2021-12-31,0.9847101952163743,0.01527901515228099,1.0789631344540283e-05
2022-01-03,0.8108779390578469,0.18074346387599569,0.00837859706615757
2022-01-04,0.980587211220471,0.019404185315791786,8.60346373688979e-06
2022-01-05,0.8499397860407704,0.1498711815814402,0.00018903237778952463
2022-01-06,0.9584796675528798,0.041442212382175395,7.8120064945004e-05
2022-01-07,0.9860392699419875,0.013952933315004034,7.796743008265692e-06
2022-01-10,0.9644677021695629,0.0354733986039485,5.889922648852954e-05
2022-01-11,0.9211049374002728,0.07885659880842294,3.8463791304106e-05
2022-01-12,0.9448458544026448,0.05511432719370493,3.9818403650468984e-05
2022-01-13,0.804174137605313,0.1952021732461487,0.0006236891485384407
2022-01-14,0.9719174132001493,0.027965603035328992,0.00011698376452116187
2022-01-18,0.6742601952815152,0.32264142476158963,0.0030983799568951535
2022-01-19,0.05157181241609527,0.9478719220985974,0.0005562654853072819
2022-01-20,0.9640977348541895,0.03586655727237361,3.570787343706757e-05
2022-01-21,0.6165060583548129,0.3828346729499181,0.0006592686952685926
2022-01-24,0.9730244817941686,0.026922170193348183,5.334801248304e-05
2022-01-25,0.9034316999848709,0.09647770556253008,9.059445259907213e-05
2022-01-26,0.919922013697643,0.0799440236938902,0.0001339626084667298
2022-01-27,0.9480591470094968,0.05180911836094358,0.00013173462955972016
2022-01-28,0.874472462353494,0.1252597224008726,0.00026781524563367797
2022-01-31,0.8618538279962799,0.13775289875444793,0.0003932732492721906
2022-02-01,0.9829708955389171,0.017016572113858538,1.2532347224200536e-05
2022-02-02,0.9326216523999147,0.06731517050553848,6.317709454625884e-05
2022-02-03,0.7431750482541515,0.2561621586122431,0.0006627931336052747
2022-02-04,0.9335761400969586,0.06520125639261169,0.0012226035104297363
2022-02-07,0.9294228111407445,0.07043059964560464,0.00014658921365120326
2022-02-08,0.948347707085226,0.05146453661449903,0.00018775630027457706
2022-02-09,0.9226436429086345,0.0771837700228198,0.00017258706854543152
2022-02-10,0.8953535972883016,0.10341463209799538,0.0012317706137029458
2022-02-11,0.1317889442169244,0.8674753471301099,0.0007357086529655172
2022-02-14,0.6733414896580562,0.32665851034194393,0.0
2022-02-15,0.8524417794026308,0.14755822059736962,0.0
2022-02-16,0.964120610693389,0.035879389306611255,0.0
2022-02-17,0.6299669521327191,0.37003304786728075,0.0
2022-02-18,0.9814282121697848,0.01857178783021533,0.0
2022-02-22,0.823341355944134,0.17665864405586643,0.0
2022-02-23,0.7570375849037017,0.24296241509629823,0.0
2022-02-24,0.9318137507700377,0.0681862492299623,0.0
2022-02-25,0.001220922121543085,0.9987790778784565,0.0
2022-02-28,0.7733787986699435,0.22662120133005637,0.0
2022-03-01,1.5321635351557445e-05,0.9999846783646487,0.0
2022-03-02,0.041519052861638185,0.9584809471383617,0.0
2022-03-03,0.9796189132384454,0.020381086761554493,0.0
2022-03-04,0.004281342023623686,0.9957186579763762,0.0
2022-03-07,3.072217094946425e-05,0.9999692778290504,0.0
2022-03-08,0.6584781427158796,0.3415218572841206,0.0
2022-03-09,1.6129946107987635e-11,0.9999999999838706,0.0
2022-03-10,0.9058418327160508,0.09415816728394923,0.0
2022-03-11,0.9387262362343484,0.06127376376565168,0.0
2022-03-14,0.34853176787119927,0.6514682321288008,0.0
2022-03-15,0.6887659776688675,0.31123402233113234,0.0
2022-03-16,0.2103678821993516,0.7896321178006487,0.0
2022-03-17,0.28021065176386595,0.7197893482361343,0.0
2022-03-18,0.9612984594581001,0.03870154054189991,0.0
2022-03-21,0.7325881565242134,0.2674118434757868,0.0
2022-03-22,0.9390064902007385,0.060993509799261346,0.0
2022-03-23,0.2635799862625301,0.7364200137374702,0.0
2022-03-24,0.9831865353140323,0.016813464685967394,0.0
2022-03-25,0.9853117020814014,0.014688297918599099,0.0
2022-03-28,0.15203303727096426,0.8479669627290359,0.0
2022-03-29,0.10300338690667024,0.8969966130933293,0.0
2022-03-30,0.6760958438373906,0.3239041561626094,0.0
2022-03-31,0.7536156318680897,0.2463843681319105,0.0
2022-04-01,0.7821743614842578,0.2178256385157423,0.0
2022-04-04,0.9763169319644975,0.02368306803550264,0.0
2022-04-05,0.7597049856769509,0.24029501432304878,0.0
2022-04-06,0.861171036163202,0.1388289638367981,0.0
2022-04-07,0.9912726936434971,0.008727306356502729,0.0
2022-04-08,0.9149903489506084,0.08500965104939097,0.0
2022-04-11,0.9269500744038909,0.07304992559610961,0.0
2022-04-12,0.8094602260231057,0.19053977397689426,0.0
2022-04-13,0.9696991245931854,0.030300875406814472,0.0
2022-04-14,0.8902473556885139,0.10975264431148618,0.0
2022-04-19,0.028219923443652283,0.9717800765563476,0.0
2022-04-20,0.9482607780425679,0.051739221957431664,0.0
2022-04-21,0.6254033971494983,0.37459660285050184,0.0
2022-04-22,0.1919879878322463,0.8080120121677535,0.0
2022-04-25,0.8257241896134541,0.17427581038654602,0.0
2022-04-26,0.06467065145820851,0.9353293485417912,0.0
2022-04-27,0.8702888134825066,0.1297111865174934,0.0
2022-04-28,0.2189748324661744,0.7810251675338259,0.0
2022-04-29,0.2772772197174365,0.7227227802825634,0.0
2022-05-02,0.9789828944481264,0.021017105551873284,0.0
2022-05-03,0.9877042135544589,0.012295786445541228,0.0
2022-05-04,0.7433386791710531,0.2566613208289467,0.0
2022-05-05,0.03696744448962911,0.9630325555103704,0.0
2022-05-06,0.9115229474559475,0.08847705254405278,0.0
2022-05-09,6.091440442538138e-06,0.9999939085595575,0.0
2022-05-10,0.9837700168605296,0.016229983139470484,0.0
2022-05-11,0.4477157806396617,0.5522842193603383,0.0
2022-05-12,0.7023289836780716,0.2976710163219287,0.0
2022-05-13,0.47125157995790484,0.5287484200420952,0.0
2022-05-16,0.9180362195647233,0.08196378043527647,0.0
2022-05-17,0.9105344430134982,0.08946555698650191,0.0
2022-05-18,0.02695532150953481,0.973044678490465,0.0
2022-05-19,0.6546412101572654,0.3453587898427344,0.0
2022-05-20,0.9906507613000876,0.009349238699912643,0.0
2022-05-23,0.9292842048066816,0.07071579519331812,0.0
2022-05-24,0.8171471307551725,0.18285286924482716,0.0
2022-05-25,0.9848973638427335,0.015102636157266574,0.0
2022-05-26,0.914557048401738,0.08544295159826183,0.0
2022-05-27,0.8812496482729825,0.11875035172701762,0.0
2022-05-31,0.7317945327910012,0.26820546720899924,0.0
2022-06-01,0.9288684115865531,0.07113158841344706,0.0
2022-06-02,0.8120333027481385,0.1879666972518613,0.0
2022-06-03,0.9568897514574426,0.04311024854255739,0.0
2022-06-06,0.8353407333421009,0.16465926665789926,0.0
2022-06-07,0.9905880161091706,0.009411983890829133,0.0
2022-06-08,0.9851563023663026,0.014843697633697361,0.0
2022-06-09,0.39928148129189495,0.6007185187081051,0.0
2022-06-10,2.552543669956099e-06,0.9999974474563301,0.0
2022-06-13,2.0808684999091434e-06,0.9999979191315003,0.0
2022-06-14,0.09111603685504889,0.9088839631449509,0.0
2022-06-15,0.8507881106381802,0.14921188936182,0.0
2022-06-16,0.009296915964542669,0.9907030840354574,0.0
2022-06-17,0.38670925944486356,0.6132907405551363,0.0
2022-06-21,0.7494218274607326,0.25057817253926773,0.0
2022-06-22,0.5505113877125627,0.44948861228743725,0.0
2022-06-23,0.006838479671240633,0.9931615203287587,0.0
2022-06-24,0.33208179435903235,0.6679182056409679,0.0
2022-06-27,0.9916200084795029,0.008379991520496847,0.0
2022-06-28,0.8216215212746546,0.17837847872534532,0.0
2022-06-29,0.9835862557690428,0.016413744230957306,0.0
2022-06-30,0.0001099299228636426,0.9998900700771365,0.0
2022-07-01,0.9775332462591184,0.022466753740881255,0.0
2022-07-05,0.0002419775528177256,0.9997580224471826,0.0
2022-07-06,0.9707977964837186,0.029202203516280525,0.0
2022-07-07,0.037989358500966706,0.9620106414990335,0.0
2022-07-08,0.9909669697330676,0.009033030266932302,0.0
2022-07-11,0.9281175308987276,0.07188246910127216,0.0
2022-07-12,0.006018395348493998,0.9939816046515061,0.0
2022-07-13,0.9405303002041444,0.059469699795855833,0.0
2022-07-14,0.5629373100558482,0.4370626899441519,0.0
2022-07-15,0.6741348544662161,0.3258651455337843,0.0
2022-07-18,0.2991377518867252,0.7008622481132745,0.0
2022-07-19,0.36023762966864104,0.6397623703313581,0.0
2022-07-20,0.900809394452508,0.09919060554749151,0.0
2022-07-21,0.7712140123183195,0.2287859876816803,0.0
2022-07-22,0.1977205217346394,0.8022794782653601,0.0
2022-07-25,0.9451201016203002,0.05487989837969929,0.0
2022-07-26,0.9265973988705601,0.07340260112943996,0.0
2022-07-27,0.9053696440097424,0.09463035599025726,0.0
2022-07-28,0.7001213681321892,0.29987863186781105,0.0
2022-07-29,0.9672425524950242,0.0327574475049761,0.0
2022-08-01,0.46766427232257035,0.5323357276774295,0.0
2022-08-02,0.5010797533979151,0.49892024660208456,0.0
2022-08-03,0.8287019153905807,0.17129808460941942,0.0
2022-08-04,0.9431673443750557,0.05683265562494438,0.0
2022-08-05,0.5943210946208651,0.4056789053791348,0.0
2022-08-08,0.9533206846137532,0.046679315386246374,0.0
2022-08-09,0.9753870704648203,0.024612929535179535,0.0
2022-08-10,0.3631331026635287,0.6368668973364714,0.0
2022-08-11,0.5230998342273997,0.47690016577259986,0.0
2022-08-12,0.8876018091213552,0.11239819087864508,0.0
2022-08-15,0.926712160589741,0.07328783941025908,0.0
2022-08-16,0.989092064167214,0.01090793583278596,0.0
2022-08-17,0.9115878602942472,0.0884121397057528,0.0
2022-08-18,0.9932113791314893,0.006788620868510676,0.0
2022-08-19,0.44014741981594596,0.5598525801840544,0.0
2022-08-22,0.5609837979278497,0.43901620207215036,0.0
2022-08-23,0.9856799443120637,0.014320055687936338,0.0
2022-08-24,0.9876884161143012,0.012311583885698585,0.0
2022-08-25,0.9547060105443493,0.045293989455650066,0.0
2022-08-26,0.06084078293010721,0.9391592170698932,0.0
2022-08-29,0.9361992362920503,0.06380076370794936,0.0
2022-08-30,0.6648679287248628,0.3351320712751372,0.0
2022-08-31,0.9694150441698614,0.030584955830138705,0.0
2022-09-01,0.455746621239533,0.5442533787604673,0.0
2022-09-02,0.8881043717432496,0.11189562825675006,0.0
2022-09-06,0.8391694316249405,0.16083056837505938,0.0
2022-09-07,0.21567970586768317,0.7843202941323173,0.0
2022-09-08,0.9859239642163916,0.014076035783608644,0.0
2022-09-09,0.8433972400019462,0.15660275999805362,0.0
2022-09-12,0.9243458079100247,0.07565419208997573,0.0
2022-09-13,0.00381318662080649,0.9961868133791931,0.0
2022-09-14,0.9848410584932515,0.015158941506748298,0.0
2022-09-15,0.31084870417773697,0.6891512958222634,0.0
2022-09-16,0.9624823435200778,0.037517656479922064,0.0
2022-09-19,0.9831546675689963,0.01684533243100371,0.0
2022-09-20,0.9430792974249003,0.056920702575099555,0.0
2022-09-21,0.9422569868198294,0.05774301318017051,0.0
2022-09-22,0.3503094717706977,0.6496905282293025,0.0
2022-09-23,0.03404194308923665,0.9659580569107631,0.0
2022-09-26,0.24102662241565434,0.7589733775843454,0.0
2022-09-27,0.7455662450269853,0.2544337549730148,0.0
2022-09-28,0.2853922179909193,0.7146077820090813,0.0
2022-09-29,0.766552167086493,0.23344783291350676,0.0
2022-09-30,0.8903882577621652,0.10961174223783457,0.0
2022-10-03,0.37274508804043255,0.6272549119595671,0.0
2022-10-04,0.028332882471510685,0.9716671175284889,0.0
2022-10-05,0.8582877636147579,0.14171223638524227,0.0
2022-10-06,0.9754839382544271,0.02451606174557325,0.0
2022-10-07,0.15556172330409976,0.8444382766958997,0.0
2022-10-10,0.953225818617072,0.04677418138292833,0.0
2022-10-11,0.9759726974897922,0.024027302510207998,0.0
2022-10-12,0.9829586094262837,0.0170413905737158,0.0
2022-10-13,0.8484231247752054,0.15157687522479474,0.0
2022-10-14,0.6234610182555052,0.3765389817444945,0.0
2022-10-17,0.5597991871485195,0.4402008128514805,0.0
2022-10-18,0.9091345741650176,0.09086542583498268,0.0
2022-10-19,0.9100002729564216,0.0899997270435781,0.0
2022-10-20,0.9854540407460811,0.014545959253918883,0.0
2022-10-21,0.2552270703667059,0.744772929633294,0.0
2022-10-24,0.8884624478447709,0.11153755215522917,0.0
2022-10-25,0.4212118668138653,0.5787881331861342,0.0
2022-10-26,0.7938279685840934,0.20617203141590637,0.0
2022-10-27,0.9459059349632692,0.05409406503673069,0.0
2022-10-28,0.6211051469763137,0.37889485302368653,0.0
2022-10-31,0.8863570666767655,0.11364293332323513,0.0
2022-11-01,0.9869159557704776,0.013084044229522186,0.0
2022-11-02,0.008054203593427274,0.9919457964065728,0.0
2022-11-03,0.6834367759874669,0.316563224012533,0.0
2022-11-04,0.0034135567811257993,0.9965864432188744,0.0
2022-11-07,0.9848057971439051,0.015194202856095212,0.0
2022-11-08,0.14962832007190563,0.8503716799280945,0.0
2022-11-09,0.6839082143668993,0.316091785633101,0.0
2022-11-10,1.3853197306809342e-09,0.9999999986146805,0.0
2022-11-11,0.8853344818840055,0.11466551811599478,0.0
2022-11-14,0.9797749471843838,0.020225052815615742,0.0
2022-11-15,0.8064485974304283,0.1935514025695718,0.0
2022-11-16,0.8933906223397856,0.10660937766021446,0.0
2022-11-17,0.9087024823279813,0.09129751767201845,0.0
2022-11-18,0.9879660219616371,0.012033978038363632,0.0
2022-11-21,0.9656732609263753,0.03432673907362454,0.0
2022-11-22,0.9099868107176784,0.09001318928232149,0.0
2022-11-23,0.8838250318859244,0.1161749681140757,0.0
2022-11-25,0.9471303370708105,0.05286966292918945,0.0
2022-11-28,0.8569337278123189,0.14306627218768134,0.0
2022-11-29,0.9644343565264646,0.03556564347353533,0.0
2022-11-30,0.6570351558342772,0.34296484416572276,0.0
2022-12-01,0.0028805683028072042,0.9971194316971931,0.0
2022-12-02,0.9532519686757254,0.046748031324274984,0.0
2022-12-05,0.2679903725312096,0.7320096274687912,0.0
2022-12-06,0.9041828552901675,0.09581714470983276,0.0
2022-12-07,0.968853519584881,0.03114648041511928,0.0
2022-12-08,0.9920699713364632,0.007930028663536733,0.0
2022-12-09,0.9798412300083926,0.020158769991608115,0.0
2022-12-12,0.9823903158606795,0.017609684139320778,0.0
2022-12-13,0.6505166021026682,0.3494833978973319,0.0
2022-12-14,0.9873092263540649,0.012690773645934983,0.0
2022-12-15,0.18174246771874117,0.8182575322812585,0.0
2022-12-16,0.9108649321173569,0.08913506788264314,0.0
2022-12-19,0.9618847175634767,0.03811528243652309,0.0
2022-12-20,0.33139651793485636,0.6686034820651438,0.0
2022-12-21,0.972137355380279,0.027862644619721048,0.0
2022-12-22,0.8776344987568199,0.12236550124318035,0.0
2022-12-23,0.9854170928269951,0.014582907173005024,0.0
2022-12-27,0.9731400756513962,0.02685992434860368,0.0
2022-12-28,0.9577488313966475,0.04225116860335232,0.0
2022-12-29,0.9519661334752257,0.048033866524774094,0.0
2022-12-30,0.9878349419613022,0.012165058038697463,0.0
2023-01-03,0.3095007539112736,0.6904992460887259,0.0
2023-01-04,0.2404502980303382,0.7595497019696621,0.0
2023-01-05,0.9210079463914379,0.07899205360856221,0.0
2023-01-06,0.3458830044030015,0.6541169955969984,0.0
2023-01-09,0.9074753901867526,0.0925246098132474,0.0
2023-01-10,0.9594418915340232,0.04055810846597696,0.0
2023-01-11,0.917732374926219,0.082267625073781,0.0
2023-01-12,0.872876776865458,0.1271232231345422,0.0
2023-01-13,0.980498430870803,0.01950156912919685,0.0
2023-01-17,0.9513159296054914,0.04868407039450873,0.0
2023-01-18,0.6774245669696888,0.3225754330303115,0.0
2023-01-19,0.9414428180710467,0.05855718192895284,0.0
2023-01-20,0.9048013587222034,0.09519864127779688,0.0
2023-01-23,0.9847696827523729,0.015230317247627474,0.0
2023-01-24,0.9805115943323496,0.01948840566764987,0.0
2023-01-25,0.9865018778335014,0.013498122166498372,0.0
2023-01-26,0.9704596252131688,0.029540374786831542,0.0
2023-01-27,0.9847082560984278,0.015291743901572214,0.0
2023-01-30,0.9752206006470309,0.024779399352969297,0.0
2023-01-31,0.9844471232857663,0.015552876714233792,0.0
2023-02-01,0.36872763838066264,0.6312723616193373,0.0
2023-02-02,0.31574539437969357,0.6842546056203066,0.0
2023-02-03,0.23151077342965679,0.7684892265703428,0.0
2023-02-06,0.7053868654492392,0.2946131345507607,0.0
2023-02-07,0.9728849826284475,0.02711501737155252,0.0
2023-02-08,0.98469186297116,0.015308137028840272,0.0
2023-02-09,0.9777633387856458,0.02223666121435384,0.0
2023-02-10,0.9644079459025289,0.03559205409747136,0.0
2023-02-13,0.9813103281786814,0.018689671821318525,0.0
2023-02-14,0.9920339767862894,0.007966023213710786,0.0
2023-02-15,0.913750950585387,0.08624904941461288,0.0
2023-02-16,0.9792720774333901,0.020727922566610078,0.0
2023-02-17,0.9817636862278704,0.018236313772129767,0.0
2023-02-21,0.8185125513438585,0.18148744865614178,0.0
2023-02-22,0.9805268834661167,0.019473116533883127,0.0
2023-02-23,0.9891482004014275,0.010851799598572536,0.0
2023-02-24,0.9393095667303469,0.06069043326965289,0.0
2023-02-27,0.9911471891492016,0.008852810850798531,0.0
2023-02-28,0.9901209983877428,0.009879001612257304,0.0
2023-03-01,0.9524624816238583,0.04753751837614188,0.0
2023-03-02,0.980853675775959,0.019146324224040577,0.0
2023-03-03,0.9466364830921647,0.053363516907835654,0.0
2023-03-06,0.9681696670460421,0.03183033295395789,0.0
2023-03-07,0.7852409814200724,0.21475901857992732,0.0
2023-03-08,0.9872656688899564,0.012734331110043288,0.0
2023-03-09,0.9135400204820702,0.08645997951793016,0.0
2023-03-10,0.0027041436945376644,0.9972958563054619,0.0
2023-03-13,0.021982624806792035,0.978017375193208,0.0
2023-03-14,0.7448948852976173,0.2551051147023831,0.0
2023-03-15,0.49862149785818305,0.5013785021418171,0.0
2023-03-16,0.9573099167014323,0.042690083298567744,0.0
2023-03-17,0.3842844898871146,0.6157155101128847,0.0
2023-03-20,0.9825522240934675,0.017447775906531862,0.0
2023-03-21,0.7251963955273112,0.2748036044726887,0.0
2023-03-22,0.881432846791007,0.11856715320899375,0.0
2023-03-23,0.811768238431523,0.18823176156847693,0.0
2023-03-24,0.9882856669247537,0.011714333075246908,0.0
2023-03-27,0.9743297845890635,0.025670215410936847,0.0
2023-03-28,0.9859225639542448,0.01407743604575512,0.0
2023-03-29,0.9613566243833571,0.03864337561664243,0.0
2023-03-30,0.9845002639808765,0.015499736019124187,0.0
2023-03-31,0.9534020271146982,0.04659797288530227,0.0
2023-04-03,0.9773242478513668,0.022675752148633432,0.0
2023-04-04,0.9477825262304355,0.05221747376956458,0.0
2023-04-05,0.9866342086147456,0.013365791385254485,0.0
2023-04-06,0.9905333462981354,0.009466653701864648,0.0
2023-04-10,0.9842869802747725,0.01571301972522722,0.0
2023-04-11,0.9902313011711384,0.009768698828861595,0.0
2023-04-12,0.9903181972734807,0.009681802726519488,0.0
2023-04-13,0.9638570710532804,0.036142928946719464,0.0
2023-04-14,0.9824525331816335,0.017547466818366532,0.0
2023-04-17,0.9573444943648799,0.04265550563512045,0.0
2023-04-18,0.9884713583302317,0.011528641669768467,0.0
2023-04-19,0.961515903482774,0.03848409651722579,0.0
2023-04-20,0.9600186923716637,0.03998130762833641,0.0
2023-04-21,0.9854739238809324,0.01452607611906745,0.0
2023-04-24,0.9871589342759851,0.012841065724015232,0.0
2023-04-25,0.7628751858387331,0.23712481416126724,0.0
2023-04-26,0.9604315835148359,0.03956841648516422,0.0
2023-04-27,0.9055035034544242,0.09449649654557572,0.0
2023-04-28,0.9507152174702654,0.04928478252973439,0.0
2023-05-01,0.9236614830150504,0.07633851698495028,0.0
2023-05-02,0.43011489875874637,0.5698851012412535,0.0
2023-05-03,0.944777240692284,0.05522275930771579,0.0
2023-05-04,0.9369452833088762,0.06305471669112389,0.0
2023-05-05,0.8937714807238144,0.10622851927618532,0.0
2023-05-08,0.9879826013093705,0.01201739869062921,0.0
2023-05-09,0.9896711575985855,0.010328842401414816,0.0
2023-05-10,0.9584428410984284,0.04155715890157206,0.0
2023-05-11,0.8252075445757859,0.17479245542421407,0.0
2023-05-12,0.9846355806500895,0.015364419349910563,0.0
2023-05-15,0.9838806721339932,0.01611932786600681,0.0
2023-05-16,0.9612017330213277,0.038798266978672655,0.0
2023-05-17,0.9864255204344076,0.013574479565592606,0.0
2023-05-18,0.884139225017057,0.115860774982943,0.0
2023-05-19,0.9922765025130845,0.007723497486915499,0.0
2023-05-22,0.991757288485894,0.008242711514106296,0.0
2023-05-23,0.974964085291603,0.025035914708396983,0.0
2023-05-24,0.9644845230242325,0.03551547697576707,0.0
2023-05-25,0.9206954237375999,0.07930457626239966,0.0
2023-05-26,0.9774444541758681,0.022555545824131898,0.0
2023-05-30,0.6670728968231451,0.33292710317685426,0.0
2023-05-31,0.955281652211289,0.044718347788710755,0.0
2023-06-01,0.9567647167788363,0.04323528322116356,0.0
2023-06-02,0.9329851376187213,0.06701486238127916,0.0
2023-06-05,0.9914727954218897,0.008527204578110426,0.0
2023-06-06,0.9924135067267976,0.007586493273202048,0.0
2023-06-07,0.9852242692733414,0.014775730726658337,0.0
2023-06-08,0.9830233210001408,0.01697667899985903,0.0
2023-06-09,0.9873121318547142,0.012687868145286168,0.0
2023-06-12,0.9667239693944623,0.03327603060553802,0.0
2023-06-13,0.9791590214207009,0.02084097857929864,0.0
2023-06-14,0.9897738642939207,0.010226135706078847,0.0
2023-06-15,0.7790898180068753,0.22091018199312504,0.0
2023-06-16,0.9668328411828468,0.03316715881715362,0.0
2023-06-20,0.8006567732115574,0.19934322678844268,0.0
2023-06-21,0.9758965373166376,0.024103462683362532,0.0
2023-06-22,0.925515947511632,0.07448405248836827,0.0
2023-06-23,0.9624467536736173,0.03755324632638292,0.0
2023-06-26,0.9861048076111901,0.013895192388809301,0.0
2023-06-27,0.9236751008702286,0.07632489912977107,0.0
2023-06-28,0.9772256846203285,0.02277431537967158,0.0
2023-06-29,0.974036291989391,0.025963708010608866,0.0
2023-06-30,0.9702461870650015,0.029753812934998087,0.0
2023-07-03,0.9871748796213392,0.012825120378660354,0.0
2023-07-05,0.9588072608597624,0.041192739140237446,0.0
2023-07-06,0.9275364056594432,0.07246359434055667,0.0
2023-07-07,0.9825468862055585,0.017453113794441238,0.0
2023-07-10,0.9869596229445131,0.01304037705548706,0.0
2023-07-11,0.984839675731197,0.015160324268802474,0.0
2023-07-12,0.42920483144589383,0.5707951685541064,0.0
2023-07-13,0.9159327320307871,0.08406726796921286,0.0
2023-07-14,0.9908416211800587,0.00915837881994128,0.0
2023-07-17,0.9806268353380977,0.01937316466190201,0.0
2023-07-18,0.9781165253462175,0.02188347465378257,0.0
2023-07-19,0.987915269376997,0.012084730623002792,0.0
2023-07-20,0.9655785576961773,0.03442144230382312,0.0
2023-07-21,0.9905192063979923,0.00948079360200778,0.0
2023-07-24,0.9776905863669146,0.022309413633085223,0.0
2023-07-25,0.9903159999856284,0.0096840000143722,0.0
2023-07-26,0.9842907564391912,0.015709243560808935,0.0
2023-07-27,0.9378304397031956,0.06216956029680436,0.0
2023-07-28,0.9861178404364852,0.013882159563514818,0.0
2023-07-31,0.9776321773271934,0.02236782267280707,0.0
2023-08-01,0.931348157887296,0.06865184211270406,0.0
2023-08-02,0.8015748599024459,0.19842514009755408,0.0
2023-08-03,0.9832511133418583,0.016748886658141584,0.0
2023-08-04,0.9374362389732397,0.0625637610267604,0.0
2023-08-07,0.9879616310467407,0.01203836895325935,0.0
2023-08-08,0.9861168650861145,0.013883134913885514,0.0
2023-08-09,0.9822813372685522,0.01771866273144738,0.0
2023-08-10,0.981552129962941,0.018447870037059493,0.0
2023-08-11,0.9763008933566416,0.02369910664335802,0.0
2023-08-14,0.9826619261850252,0.017338073814974174,0.0
2023-08-15,0.9276566926279596,0.07234330737203995,0.0
2023-08-16,0.9826953115658638,0.01730468843413635,0.0
2023-08-17,0.9822669792284389,0.017733020771560998,0.0
2023-08-18,0.9836065202422309,0.016393479757769332,0.0
2023-08-21,0.9836564946320497,0.016343505367950397,0.0
2023-08-22,0.9874586799929735,0.012541320007026555,0.0
2023-08-23,0.9197108488846885,0.08028915111531162,0.0
2023-08-24,0.9692516369463724,0.03074836305362758,0.0
2023-08-25,0.9833244877466087,0.016675512253391388,0.0
2023-08-28,0.9826075960750702,0.017392403924929353,0.0
2023-08-29,0.9605836291767201,0.03941637082327993,0.0
2023-08-31,0.9887014872511583,0.011298512748841166,0.0
2023-09-01,0.9825582661570788,0.017441733842921414,0.0
2023-09-05,0.9614725393397973,0.038527460660202795,0.0
2023-09-06,0.9865302711834923,0.013469728816507508,0.0
2023-09-07,0.9844616555808623,0.015538344419137885,0.0
2023-09-08,0.9908862421444987,0.009113757855501356,0.0
2023-09-11,0.9885973081503594,0.011402691849640672,0.0
2023-09-12,0.9888320841679561,0.011167915832043733,0.0
2023-09-13,0.9907074202159794,0.009292579784020753,0.0
2023-09-14,0.9847140985096386,0.015285901490361199,0.0
2023-09-15,0.9589136666527978,0.04108633334720255,0.0
2023-09-18,0.9905706965239658,0.00942930347603359,0.0
2023-09-19,0.987867135322892,0.012132864677107447,0.0
2023-09-20,0.9810811161763575,0.018918883823642357,0.0
2023-09-21,0.7696548936595278,0.23034510634047253,0.0
2023-09-22,0.9866092110405553,0.013390788959444611,0.0
2023-09-25,0.9659629208873548,0.034037079112644836,0.0
2023-09-26,0.9317593009507897,0.06824069904920999,0.0
2023-09-27,0.9728381550250559,0.0271618449749438,0.0
2023-09-28,0.9902547641133679,0.009745235886632524,0.0
2023-09-29,0.9573230893477245,0.04267691065227518,0.0
2023-10-02,0.8702702998380261,0.12972970016197424,0.0
2023-10-03,0.8387205498396054,0.16127945016039463,0.0
2023-10-04,0.8332075107881829,0.1667924892118169,0.0
2023-10-05,0.9879126966790158,0.01208730332098396,0.0
2023-10-06,0.9688801748787417,0.03111982512125771,0.0
2023-10-09,0.9775082700767235,0.022491729923276263,0.0
2023-10-10,0.9292816324531376,0.07071836754686195,0.0
2023-10-11,0.9611895048001782,0.038810495199822326,0.0
2023-10-12,0.948574393168732,0.05142560683126735,0.0
2023-10-13,0.5611198439600817,0.43888015603991787,0.0
2023-10-16,0.9747874033715888,0.025212596628411077,0.0
2023-10-17,0.9685844896235012,0.03141551037649801,0.0
2023-10-18,0.8878249148770446,0.11217508512295504,0.0
2023-10-19,0.9728062429079297,0.027193757092070822,0.0
2023-10-20,0.9216623186729426,0.07833768132705778,0.0
2023-10-23,0.9636182125962911,0.036381787403708926,0.0
2023-10-24,0.9868977154247758,0.013102284575224698,0.0
2023-10-25,0.9526468925935259,0.04735310740647461,0.0
2023-10-26,0.9456890795903503,0.054310920409648945,0.0
2023-10-27,0.9660360825587253,0.0339639174412749,0.0
2023-10-30,0.9277483351148559,0.07225166488514402,0.0
2023-10-31,0.9700550399336267,0.02994496006637389,0.0
2023-11-01,0.9419860962373244,0.05801390376267587,0.0
2023-11-02,0.7113860791848101,0.28861392081519033,0.0
2023-11-03,0.7531361148251654,0.24686388517483404,0.0
2023-11-06,0.9881464231377309,0.01185357686226877,0.0
2023-11-07,0.8352230468976587,0.16477695310234186,0.0
2023-11-08,0.9380103813623195,0.06198961863767997,0.0
2023-11-09,0.9839859539951663,0.01601404600483398,0.0
2023-11-10,0.9687109186829405,0.031289081317059535,0.0
2023-11-13,0.9507314196714319,0.049268580328567735,0.0
2023-11-14,0.06725549754991228,0.9327445024500874,0.0
2023-11-15,0.9866569167345354,0.013343083265464989,0.0
2023-11-16,0.8187780962202819,0.18122190377971858,0.0
2023-11-17,0.9882299808291662,0.01177001917083393,0.0
2023-11-20,0.9780217572851891,0.02197824271481128,0.0
2023-11-21,0.9743575971687068,0.02564240283129418,0.0
2023-11-22,0.9551873837008943,0.04481261629910579,0.0
2023-11-24,0.9805232015341674,0.01947679846583223,0.0
2023-11-27,0.9500741054662944,0.04992589453370553,0.0
2023-11-28,0.9144993257996831,0.08550067420031743,0.0
2023-11-29,0.9622602833369427,0.03773971666305781,0.0
2023-11-30,0.9746061734154785,0.025393826584522005,0.0
2023-12-01,0.9688307455606853,0.031169254439314665,0.0
2023-12-04,0.9165440193238843,0.08345598067611568,0.0
2023-12-05,0.9413389375672546,0.058661062432745,0.0
2023-12-06,0.7346890546752133,0.2653109453247867,0.0
2023-12-07,0.9863400772817696,0.0136599227182303,0.0
2023-12-08,0.9824032385436725,0.017596761456327416,0.0
2023-12-11,0.978218956664098,0.02178104333590168,0.0
2023-12-12,0.8905693504019331,0.10943064959806666,0.0
2023-12-13,0.32105708826072693,0.6789429117392736,0.0
2023-12-14,0.008088022501945414,0.9919119774980548,0.0
2023-12-15,0.9897464351613768,0.010253564838623027,0.0
2023-12-18,0.9889248141377043,0.011075185862296156,0.0
2023-12-19,0.9765014526532361,0.02349854734676432,0.0
2023-12-20,0.8812403109503549,0.11875968904964518,0.0
2023-12-21,0.9810321683945445,0.018967831605455662,0.0
2023-12-22,0.9910301852490714,0.008969814750928671,0.0
2023-12-26,0.9894631861674243,0.010536813832576122,0.0
2023-12-27,0.9507363230029595,0.049263676997040685,0.0
2023-12-28,0.9730263402373092,0.026973659762690595,0.0
2023-12-29,0.9765130672245077,0.023486932775492,0.0
2024-01-02,0.9406013168833368,0.059398683116663534,0.0
2024-01-03,0.9556042206322939,0.04439577936770568,0.0
2024-01-04,0.9883659015032903,0.01163409849671036,0.0
2024-01-05,0.989935426977433,0.010064573022566926,0.0
2024-01-08,0.8910847915870888,0.10891520841291098,0.0
2024-01-09,0.9751479138698806,0.024852086130119633,0.0
2024-01-10,0.9766087653798753,0.023391234620124976,0.0
2024-01-11,0.9853920256278493,0.014607974372150282,0.0
2024-01-12,0.9747868611801397,0.025213138819860387,0.0
2024-01-16,0.905749835563814,0.09425016443618606,0.0
2024-01-17,0.9489457427094955,0.051054257290505355,0.0
2024-01-18,0.986872460902985,0.013127539097015146,0.0
2024-01-19,0.9745025080416612,0.02549749195833827,0.0
2024-01-22,0.9872629920122103,0.012737007987789414,0.0
2024-01-23,0.9746359601584548,0.02536403984154521,0.0
2024-01-24,0.9574020540733427,0.04259794592665682,0.0
2024-01-25,0.9878209150059717,0.012179084994028675,0.0
2024-01-26,0.9907746062234722,0.009225393776527816,0.0
2024-01-29,0.9635900076905922,0.036409992309407176,0.0
2024-01-30,0.9794359546591372,0.0205640453408633,0.0
2024-01-31,0.7528255973730404,0.24717440262695967,0.0
2024-02-01,0.8413801665920536,0.15861983340794672,0.0
2024-02-02,0.7015050304645094,0.2984949695354908,0.0
2024-02-05,0.9270210780532656,0.07297892194673423,0.0
2024-02-06,0.9825142816975708,0.017485718302428687,0.0
2024-02-07,0.9852630298548993,0.01473697014509999,0.0
2024-02-08,0.9860957362741954,0.013904263725804998,0.0
2024-02-09,0.9874213762199349,0.012578623780065358,0.0
2024-02-12,0.9876971867843355,0.012302813215665002,0.0
2024-02-13,0.4625558082693475,0.5374441917306518,0.0
2024-02-14,0.956221025824204,0.043778974175795474,0.0
2024-02-15,0.9725931319189157,0.02740686808108474,0.0
2024-02-16,0.9881840211771297,0.011815978822870223,0.0
2024-02-20,0.9690642836098885,0.030935716390111924,0.0
2024-02-21,0.9843349924831047,0.01566500751689556,0.0
2024-02-22,0.7732626683683997,0.22673733163160037,0.0
2024-02-23,0.9336716005118043,0.06632839948819597,0.0
2024-02-26,0.9838601555836561,0.016139844416344577,0.0
2024-02-27,0.9837726196870487,0.016227380312951047,0.0
2024-02-28,0.9861465883565169,0.013853411643483452,0.0
2024-02-29,0.9785094768065227,0.021490523193476895,0.0
2024-03-01,0.9733213208911801,0.026678679108819974,0.0
2024-03-04,0.945158355510891,0.054841644489109755,0.0
2024-03-05,0.9231710443400846,0.07682895565991564,0.0
2024-03-06,0.9843851842197745,0.015614815780225468,0.0
2024-03-07,0.9786628608940812,0.021337139105918744,0.0
2024-03-08,0.9729524343983547,0.027047565601645365,0.0
2024-03-11,0.9749058758500262,0.025094124149973925,0.0
2024-03-12,0.9652711294865688,0.03472887051343106,0.0
2024-03-13,0.9750866486266958,0.02491335137330356,0.0
2024-03-14,0.9753226446095099,0.024677355390490492,0.0
2024-03-15,0.982894494160604,0.01710550583939612,0.0
2024-03-18,0.9857417131815339,0.01425828681846686,0.0
2024-03-19,0.9762942675412869,0.023705732458713054,0.0
2024-03-20,0.9226572820443512,0.07734271795564916,0.0
2024-03-21,0.9872075021315899,0.01279249786840975,0.0
2024-03-22,0.976754242486897,0.02324575751310313,0.0
2024-03-25,0.9866125693765133,0.013387430623487085,0.0
2024-03-26,0.9840920314586439,0.01590796854135633,0.0
2024-03-27,0.9374034650437693,0.06259653495623022,0.0
2024-03-28,0.9707413799777316,0.02925862002226781,0.0
2024-04-01,0.9526732626822666,0.047326737317733195,0.0
2024-04-02,0.969541557894998,0.030458442105002138,0.0
2024-04-03,0.968144674155645,0.03185532584435452,0.0
2024-04-04,0.9362683992789332,0.06373160072106675,0.0
2024-04-05,0.9428241799482656,0.057175820051734286,0.0
2024-04-08,0.9894446507928578,0.010555349207142153,0.0
2024-04-09,0.9751579689218447,0.024842031078155257,0.0
2024-04-10,0.8121531773481466,0.18784682265185318,0.0
2024-04-11,0.9600978837391098,0.039902116260890956,0.0
2024-04-12,0.8905116526623837,0.1094883473376167,0.0
2024-04-15,0.9622094346831175,0.03779056531688248,0.0
2024-04-16,0.981797803547832,0.0182021964521687,0.0
2024-04-17,0.95566497514241,0.04433502485758973,0.0
2024-04-18,0.9883829436740205,0.01161705632597966,0.0
2024-04-19,0.9570747827931024,0.04292521720689745,0.0
2024-04-22,0.8744089605919559,0.12559103940804442,0.0
2024-04-23,0.9732564296239498,0.026743570376049713,0.0
2024-04-24,0.9864063630734589,0.013593636926541367,0.0
2024-04-25,0.945323051786531,0.05467694821346852,0.0
2024-04-26,0.9785019690474789,0.021498030952521126,0.0
2024-04-29,0.9821534198179196,0.017846580182080705,0.0
2024-04-30,0.7018293385242054,0.29817066147579535,0.0
2024-05-01,0.9544346354790427,0.04556536452095689,0.0
2024-05-02,0.9626350946968311,0.03736490530316895,0.0
2024-05-03,0.9342230898446676,0.06577691015533244,0.0
2024-05-06,0.9739433505052093,0.026056649494790494,0.0
2024-05-07,0.9884418023441428,0.011558197655857869,0.0
2024-05-08,0.9837633933100578,0.016236606689942427,0.0
2024-05-09,0.9748519160629355,0.02514808393706482,0.0
2024-05-10,0.9895221529884607,0.010477847011538815,0.0
2024-05-13,0.9850875606911789,0.014912439308821246,0.0
2024-05-14,0.9856457803541924,0.014354219645808436,0.0
2024-05-15,0.9393498400400296,0.06065015995997002,0.0
2024-05-16,0.988262625504297,0.011737374495702934,0.0
2024-05-17,0.9015372692743612,0.0984627307256393,0.0
2024-05-20,0.9695782747938656,0.03042172520613437,0.0
2024-05-21,0.985868364047132,0.014131635952868288,0.0
2024-05-22,0.9352011233071428,0.06479887669285725,0.0
2024-05-23,0.9479919755967018,0.052008024403297916,0.0
2024-05-24,0.9859539618767504,0.014046038123249727,0.0
2024-05-28,0.927727561937358,0.07227243806264223,0.0
2024-05-29,0.9136048186887512,0.08639518131124901,0.0
2024-05-30,0.8464929202380347,0.15350707976196562,0.0
2024-05-31,0.937557036667231,0.062442963332768754,0.0
2024-06-03,0.9664573853655934,0.03354261463440664,0.0
2024-06-04,0.5219745060329352,0.4780254939670648,0.0
2024-06-05,0.98281192740516,0.01718807259484037,0.0
2024-06-06,0.937886320951261,0.062113679048738824,0.0
2024-06-07,0.30320104454036834,0.6967989554596326,0.0
2024-06-10,0.972466289827887,0.027533710172112997,0.0
2024-06-11,0.9807121281656818,0.019287871834318456,0.0
2024-06-12,0.8687167064312556,0.13128329356874432,0.0
2024-06-13,0.9646787606867652,0.035321239313235185,0.0
2024-06-14,0.9807958900018964,0.019204109998103163,0.0
2024-06-17,0.9780067214104982,0.02199327858950195,0.0
2024-06-18,0.9813282739584807,0.01867172604151862,0.0
2024-06-20,0.9660659390177585,0.033934060982241665,0.0
2024-06-21,0.9703158906976089,0.029684109302390963,0.0
2024-06-24,0.9815659279884356,0.018434072011564457,0.0
2024-06-25,0.957179834441026,0.04282016555897356,0.0
2024-06-26,0.976205055698734,0.0237949443012667,0.0
2024-06-27,0.9871588454839176,0.012841154516083345,0.0
2024-06-28,0.9839231914044327,0.01607680859556726,0.0
2024-07-01,0.9806209992115918,0.0193790007884075,0.0
2024-07-02,0.9841142409355356,0.015885759064465176,0.0
2024-07-03,0.9312308584948253,0.0687691415051752,0.0
2024-07-05,0.9731822288637032,0.02681777113629617,0.0
2024-07-08,0.9575510827741166,0.04244891722588325,0.0
2024-07-09,0.9813414295834934,0.018658570416506284,0.0
2024-07-10,0.9558342740537217,0.04416572594627836,0.0
2024-07-11,0.8249578744498037,0.1750421255501962,0.0
2024-07-12,0.9837647289315958,0.016235271068403747,0.0
2024-07-15,0.9617830975785989,0.038216902421401286,0.0
2024-07-16,0.9664585084556995,0.03354149154430098,0.0
2024-07-17,0.8812056049707341,0.11879439502926557,0.0
2024-07-18,0.9713408390086546,0.028659160991345304,0.0
2024-07-19,0.9053440199843462,0.09465598001565396,0.0
2024-07-22,0.9826585273693684,0.01734147263063116,0.0
2024-07-23,0.9810293091152787,0.01897069088472128,0.0
2024-07-24,0.6322969483596672,0.36770305164033273,0.0
2024-07-25,0.9443919178135575,0.05560808218644255,0.0
2024-07-26,0.9432436215958634,0.05675637840413622,0.0
2024-07-29,0.9814566086465016,0.018543391353498022,0.0
2024-07-30,0.984834395376136,0.015165604623864156,0.0
2024-07-31,0.8694819166139678,0.13051808338603246,0.0
2024-08-01,0.7128952880746106,0.2871047119253893,0.0
2024-08-02,0.0006775355852912036,0.9993224644147088,0.0
2024-08-05,4.509267562462241e-06,0.9999954907324379,0.0
2024-08-06,0.7839720750773828,0.21602792492261716,0.0
2024-08-07,0.9041141116578929,0.09588588834210765,0.0
2024-08-08,0.9180019710002322,0.08199802899976778,0.0
2024-08-09,0.98321875298068,0.016781247019320444,0.0
2024-08-12,0.9436881708620625,0.05631182913793676,0.0
2024-08-13,0.6595969714274775,0.3404030285725221,0.0
2024-08-14,0.9719179784540847,0.028082021545915898,0.0
2024-08-15,0.8045642021751805,0.1954357978248186,0.0
2024-08-16,0.9661042382072953,0.03389576179270482,0.0
2024-08-19,0.9695627311316645,0.03043726886833595,0.0
2024-08-20,0.9746551058177836,0.02534489418221708,0.0
2024-08-21,0.9817008723691106,0.01829912763088876,0.0
2024-08-22,0.9601763554330434,0.0398236445669569,0.0
2024-08-23,0.9323118288474506,0.0676881711525496,0.0
2024-08-26,0.9767034649278689,0.0232965350721309,0.0
2024-08-27,0.986326180847551,0.013673819152448955,0.0
2024-08-28,0.9556959822111846,0.04430401778881632,0.0
2024-08-29,0.9789720622839546,0.02102793771604566,0.0
2024-08-30,0.9351150076179986,0.0648849923820012,0.0
2024-09-03,0.33786016110533124,0.6621398388946691,0.0
2024-09-04,0.8543615960193435,0.14563840398065633,0.0
2024-09-05,0.9786286871173443,0.02137131288265607,0.0
2024-09-06,0.3958074717565735,0.6041925282434255,0.0
2024-09-09,0.9717188987488872,0.028281101251113112,0.0
2024-09-10,0.9509980533441842,0.049001946655815934,0.0
2024-09-11,0.9749719112489202,0.02502808875107985,0.0
2024-09-12,0.72868682322818,0.27131317677182015,0.0
2024-09-13,0.9586289631522279,0.04137103684777176,0.0
2024-09-16,0.9731112829681964,0.02688871703180411,0.0
2024-09-17,0.985292895198841,0.014707104801159193,0.0
2024-09-18,0.9828414320359101,0.0171585679640893,0.0
2024-09-19,0.9049757625527877,0.09502423744721233,0.0
2024-09-20,0.9781151082573093,0.021884891742691065,0.0
2024-09-23,0.9775930144594991,0.022406985540500707,0.0
2024-09-24,0.9598168816561676,0.040183118343831904,0.0
2024-09-25,0.9848888352442936,0.015111164755706868,0.0
2024-09-26,0.9754296563872529,0.02457034361274641,0.0
2024-09-27,0.881399773419067,0.11860022658093192,0.0
2024-09-30,0.9768934206494422,0.023106579350558203,0.0
2024-10-01,0.9301821198557734,0.06981788014422644,0.0
2024-10-02,0.9721139527581389,0.027886047241860796,0.0
2024-10-03,0.9649530547904079,0.035046945209592124,0.0
2024-10-04,0.9064183467133731,0.0935816532866268,0.0
2024-10-07,0.9785256015542687,0.021474398445732186,0.0
2024-10-08,0.6814927576695078,0.3185072423304928,0.0
2024-10-09,0.9618785227814936,0.038121477218506325,0.0
2024-10-10,0.9529277412132242,0.04707225878677522,0.0
2024-10-11,0.9860537459152179,0.013946254084781503,0.0
2024-10-14,0.9068314207174806,0.09316857928252001,0.0
2024-10-15,0.8757800835785516,0.12421991642144858,0.0
2024-10-16,0.9844975380965606,0.01550246190343994,0.0
2024-10-17,0.9775913948940756,0.022408605105924337,0.0
2024-10-18,0.8509782185423983,0.1490217814576025,0.0
2024-10-21,0.9560411188576431,0.04395888114235666,0.0
2024-10-22,0.9414705656977347,0.058529434302265426,0.0
2024-10-23,0.9580335635272229,0.04196643647277721,0.0
2024-10-24,0.9571019132932405,0.04289808670675974,0.0
2024-10-25,0.9771759901518811,0.02282400984811846,0.0
2024-10-28,0.6971164956414696,0.30288350435853084,0.0
2024-10-29,0.9826165930745454,0.017383406925454172,0.0
2024-10-30,0.9746995895429471,0.025300410457052273,0.0
2024-10-31,0.6920616978323307,0.3079383021676695,0.0
2024-11-01,0.9806127932952,0.019387206704800992,0.0
2024-11-04,0.9316193999248046,0.06838060007519516,0.0
2024-11-05,0.9759256886249122,0.02407431137508752,0.0
2024-11-06,0.05700133875905089,0.9429986612409484,0.0
2024-11-07,0.9169486993356977,0.08305130066430283,0.0
2024-11-08,0.9391249358015443,0.06087506419845523,0.0
2024-11-11,0.5274791694920464,0.47252083050795257,0.0
2024-11-12,0.9586018926029928,0.04139810739700776,0.0
2024-11-13,0.982372251443566,0.017627748556433773,0.0
2024-11-14,0.9645857308280638,0.03541426917193684,0.0
2024-11-15,0.9345621149137443,0.06543788508625521,0.0
2024-11-18,0.8796817251533497,0.12031827484665034,0.0
2024-11-19,0.9724960032422492,0.027503996757750823,0.0
2024-11-20,0.9732308004060346,0.02676919959396585,0.0
2024-11-21,0.9816354575097628,0.01836454249023679,0.0
2024-11-22,0.982368534119233,0.017631465880766653,0.0
2024-11-25,0.4017481919743136,0.5982518080256862,0.0
2024-11-26,0.9835194645076825,0.016480535492317597,0.0
2024-11-27,0.8601784940808137,0.13982150591918563,0.0
2024-11-29,0.9683520964664065,0.0316479035335927,0.0
2024-12-02,0.937489355897817,0.0625106441021838,0.0
2024-12-03,0.961358772489763,0.0386412275102377,0.0
2024-12-04,0.9729556555574629,0.027044344442537345,0.0
2024-12-05,0.9808330343775593,0.01916696562244088,0.0
2024-12-06,0.9703466263619529,0.0296533736380476,0.0
2024-12-09,0.9055259158559336,0.09447408414406613,0.0
2024-12-10,0.9727242208549394,0.027275779145061525,0.0
2024-12-11,0.9359435949674404,0.06405640503255902,0.0
2024-12-12,0.910531056628501,0.08946894337149987,0.0
2024-12-13,0.9636130196370746,0.036386980362925814,0.0
2024-12-16,0.9741229723413978,0.025877027658601726,0.0
2024-12-17,0.9680557542415589,0.03194424575844104,0.0
2024-12-18,0.16695508085391877,0.8330449191460819,0.0
2024-12-19,0.8305043128632945,0.16949568713670587,0.0
2024-12-20,0.9675898201180464,0.032410179881954174,0.0
2024-12-23,0.9757807250340187,0.0242192749659818,0.0
2024-12-24,0.9728864461723817,0.027113553827618625,0.0
2024-12-26,0.982607375902734,0.01739262409726717,0.0
2024-12-27,0.9722755678998991,0.027724432100101046,0.0
2024-12-30,0.8434714370836849,0.15652856291631537,0.0
2024-12-31,0.9779066448750688,0.022093355124930353,0.0
2025-01-02,0.8582990339896847,0.14170096601031484,0.0
2025-01-03,0.8602608429251656,0.13973915707483514,0.0
2025-01-06,0.9638633193426154,0.03613668065738417,0.0
2025-01-07,0.9486189828481594,0.051381017151839486,0.0
2025-01-08,0.9509837172386102,0.04901628276138938,0.0
2025-01-10,0.278358055933608,0.7216419440663907,0.0
2025-01-13,0.9655576441545285,0.03444235584547133,0.0
2025-01-14,0.9541828565082944,0.045817143491705216,0.0
2025-01-15,0.6508105976611348,0.3491894023388654,0.0
2025-01-16,0.9783303448224158,0.02166965517758443,0.0
2025-01-17,0.962054389301068,0.037945610698932215,0.0
2025-01-21,0.9584162376125065,0.041583762387494394,0.0
2025-01-22,0.9807731398983154,0.019226860101684347,0.0
2025-01-23,0.9797154462337149,0.02028455376628469,0.0
2025-01-24,0.9517309897849016,0.04826901021509782,0.0
2025-01-27,0.5407994374025971,0.45920056259740377,0.0
2025-01-28,0.9735188461051079,0.026481153894892362,0.0
2025-01-29,0.9769570335370407,0.02304296646295869,0.0
2025-01-30,0.9129464362530721,0.08705356374692724,0.0
2025-01-31,0.9744825919695164,0.02551740803048212,0.0
2025-02-03,0.7364297580431827,0.26357024195681694,0.0
2025-02-04,0.9751297635626148,0.024870236437384917,0.0
2025-02-05,0.9015710769588243,0.09842892304117534,0.0
2025-02-06,0.9823515484317831,0.017648451568216816,0.0
2025-02-07,0.9654998574378268,0.03450014256217288,0.0
2025-02-10,0.9503673783080396,0.049632621691959436,0.0
2025-02-11,0.976792085042944,0.023207914957055875,0.0
2025-02-12,0.9559369652810029,0.04406303471899615,0.0
2025-02-13,0.8989066836645621,0.10109331633543728,0.0
2025-02-14,0.721918894833286,0.2780811051667142,0.0
2025-02-18,0.9524563175104509,0.047543682489548836,0.0
2025-02-19,0.9834700403233978,0.01652995967660224,0.0
2025-02-20,0.942881344577348,0.05711865542265156,0.0
2025-02-21,0.4898469460106202,0.5101530539893797,0.0
2025-02-24,0.925980072549411,0.07401992745058938,0.0
2025-02-25,0.890342541527333,0.109657458472667,0.0
2025-02-26,0.9481155937570428,0.05188440624295717,0.0
2025-02-27,0.7239434654316729,0.27605653456832774,0.0
2025-02-28,0.6453022633256215,0.35469773667437804,0.0
2025-03-03,0.8525751416023327,0.1474248583976672,0.0
2025-03-04,0.7764076981349916,0.22359230186500878,0.0
2025-03-05,0.8063618207144989,0.19363817928550067,0.0
2025-03-06,0.8872997370896858,0.11270026291031454,0.0
2025-03-07,0.9775539884276427,0.022446011572356633,0.0
2025-03-10,0.03840863759897917,0.9615913624010196,0.0
2025-03-11,0.7035731774490848,0.29642682255091585,0.0
2025-03-12,0.9614850590454233,0.03851494095457598,0.0
2025-03-13,0.6792335730093692,0.3207664269906303,0.0
2025-03-14,0.7325538540141975,0.2674461459858027,0.0
2025-03-17,0.9511946713447074,0.04880532865529243,0.0
2025-03-18,0.9583211039024793,0.04167889609752117,0.0
2025-03-19,0.9692686885437328,0.03073131145626683,0.0
2025-03-20,0.9718908839102309,0.02810911608976947,0.0
2025-03-21,0.9707995311388058,0.02920046886119418,0.0
2025-03-24,0.8642717010382426,0.1357282989617574,0.0
2025-03-25,0.9742857275597601,0.025714272440238994,0.0
2025-03-26,0.9393687966048558,0.06063120339514363,0.0
2025-03-27,0.9593543101563066,0.04064568984369254,0.0
2025-03-28,0.24561705762259567,0.7543829423774056,0.0
2025-03-31,0.970987278179731,0.029012721820269174,0.0
2025-04-01,0.972504822122028,0.02749517787797252,0.0
2025-04-02,0.9778290311557963,0.022170968844203286,0.0
2025-04-03,5.907668955340531e-13,0.9999999999994097,0.0
2025-04-04,2.7213306104786067e-18,1.0,0.0
2025-04-07,0.019951261920264186,0.9800487380797369,0.0
2025-04-08,0.9441138147862264,0.05588618521377281,0.0
2025-04-09,2.7434794717699233e-13,0.9999999999997252,0.0
2025-04-10,0.27857504456570864,0.7214249554342921,0.0
2025-04-11,0.4172229373218362,0.5827770626781644,0.0
2025-04-14,0.8499527152932886,0.15004728470671105,0.0
2025-04-15,0.9786936790530353,0.021306320946963875,0.0
2025-04-16,0.08180138274150163,0.9181986172584984,0.0
2025-04-17,0.9612051653667243,0.03879483463327605,0.0
2025-04-21,0.319845466779052,0.6801545332209483,0.0
2025-04-22,0.5439945215995058,0.45600547840049455,0.0
2025-04-23,0.4622717439304181,0.5377282560695819,0.0
2025-04-24,0.8660036462667041,0.1339963537332952,0.0
2025-04-25,0.9313296012705875,0.06867039872941216,0.0
2025-04-28,0.9737536078898539,0.026246392110145827,0.0
2025-04-29,0.9364067810626571,0.06359321893734239,0.0
2025-04-30,0.778813228607577,0.22118677139242285,0.0
2025-05-01,0.8330467432694607,0.16695325673053907,0.0
2025-05-02,0.8318734278662697,0.16812657213373094,0.0
2025-05-05,0.8972443090340825,0.10275569096591768,0.0
2025-05-06,0.7074928193303952,0.29250718066960496,0.0
2025-05-07,0.9425718259472333,0.057428174052766345,0.0
2025-05-08,0.9053546756736736,0.09464532432632607,0.0
2025-05-09,0.9167642043376164,0.08323579566238433,0.0
2025-05-12,3.7973006216462434e-06,0.9999962026993777,0.0
2025-05-13,0.9639076461801587,0.036092353819840294,0.0
2025-05-14,0.9219293897275588,0.07807061027244033,0.0
2025-05-15,0.9272968234980148,0.07270317650198534,0.0
2025-05-16,0.9555901158049528,0.04440988419504761,0.0
2025-05-19,0.9561723532203854,0.04382764677961507,0.0
2025-05-20,0.899664470825674,0.10033552917432624,0.0
2025-05-21,0.8523761246996867,0.14762387530031365,0.0
2025-05-22,0.9648185580173353,0.035181441982665186,0.0
2025-05-23,0.8308992010877763,0.16910079891222488,0.0
2025-05-27,0.718942586156378,0.2810574138436225,0.0
2025-05-28,0.915864023933043,0.08413597606695634,0.0
2025-05-29,0.9578761163045257,0.04212388369547264,0.0
2025-05-30,0.9506558093461437,0.049344190653855535,0.0
2025-06-02,0.24448967911265093,0.7555103208873484,0.0
2025-06-03,0.9772555434235385,0.022744456576460563,0.0
2025-06-04,0.9614876196884645,0.03851238031153552,0.0
2025-06-05,0.9638713925079205,0.03612860749208002,0.0
2025-06-06,0.8893561743222997,0.11064382567769912,0.0
2025-06-09,0.9750358276718869,0.024964172328112953,0.0
2025-06-10,0.9534850573854199,0.046514942614579294,0.0
2025-06-11,0.9664582254447875,0.03354177455521257,0.0
2025-06-12,0.9151047124736851,0.08489528752631365,0.0
2025-06-13,0.29931879153721064,0.7006812084627885,0.0
2025-06-16,0.9614873960307624,0.038512603969236406,0.0
2025-06-17,0.8837164872373083,0.11628351276269061,0.0
2025-06-18,0.9728807371587804,0.02711926284121898,0.0
2025-06-20,0.958222822475175,0.04177717752482487,0.0
2025-06-23,0.6653127243815572,0.33468727561844236,0.0
2025-06-24,0.006866437611322214,0.9931335623886786,0.0
2025-06-25,0.975974503833711,0.024025496166289156,0.0
2025-06-26,0.9415976644261066,0.05840233557389401,0.0
2025-06-27,0.812271205690536,0.18772879430946332,0.0
2025-06-30,0.8770761024477516,0.12292389755224728,0.0
2025-07-01,0.9686790064851021,0.031320993514897796,0.0
2025-07-02,0.9117044592586425,0.08829554074135643,0.0
2025-07-03,0.9642967631953063,0.035703236804695004,0.0
2025-07-07,0.908100326277272,0.09189967372272659,0.0
2025-07-08,0.5837443604894053,0.4162556395105943,0.0
2025-07-09,0.9414825225936294,0.058517477406370574,0.0
2025-07-10,0.9792210982491922,0.020778901750807082,0.0
2025-07-11,0.9494278984764903,0.05057210152350877,0.0
2025-07-14,0.9789863274659967,0.02101367253400365,0.0
2025-07-15,0.965400021256336,0.03459997874366441,0.0
2025-07-16,0.9786266380657693,0.021373361934232095,0.0
2025-07-17,0.9718946983028247,0.028105301697176146,0.0
2025-07-18,0.9678973963222242,0.0321026036777748,0.0
2025-07-21,0.7903264468078643,0.2096735531921357,0.0
2025-07-22,0.9380484567702683,0.06195154322973163,0.0
2025-07-23,0.9214239277616206,0.07857607223838003,0.0
2025-07-24,0.9763572702011303,0.023642729798870395,0.0
2025-07-25,0.9581705549869439,0.0418294450130562,0.0
2025-07-28,0.9646581878293059,0.035341812170693335,0.0
2025-07-29,0.9633722909132967,0.03662770908670447,0.0
2025-07-30,0.9187695295314633,0.08123047046853699,0.0
2025-07-31,0.5469323340556775,0.45306766594432224,0.0
2025-08-01,0.12964324001340127,0.8703567599865978,0.0
2025-08-04,0.6644750455835162,0.33552495441648444,0.0
2025-08-05,0.927720573263132,0.07227942673686788,0.0
2025-08-06,0.9720750082303412,0.02792499176965749,0.0
2025-08-07,0.9711553658808556,0.028844634119145406,0.0
2025-08-08,0.9735339223254315,0.026466077674568433,0.0
2025-08-11,0.9755563822777022,0.024443617722296626,0.0
2025-08-12,0.9412959960271021,0.05870400397289711,0.0
2025-08-13,0.9358456654807119,0.06415433451928783,0.0
2025-08-14,0.9698106640492443,0.030189335950754632,0.0
2025-08-15,0.9788848988728309,0.0211151011271703,0.0
2025-08-18,0.9764752753150479,0.02352472468495068,0.0
2025-08-19,0.9104681175453745,0.08953188245462587,0.0
2025-08-20,0.957284459453233,0.04271554054676666,0.0
2025-08-21,0.9232222035508624,0.07677779644913711,0.0
2025-08-22,0.865563675833497,0.13443632416650245,0.0
2025-08-25,0.9737434499753252,0.02625655002467466,0.0
2025-08-26,0.9516140627658869,0.04838593723411376,0.0
2025-08-27,0.980110660983569,0.019889339016430675,0.0
2025-08-28,0.9564574160162201,0.04354258398377882,0.0
2025-08-29,0.8909639865545377,0.10903601344546103,0.0
2025-09-02,0.8197007983591216,0.18029920164087673,0.0
2025-09-03,0.9692335164075571,0.030766483592444077,0.0
2025-09-04,0.9377264208396053,0.0622735791603944,0.0
2025-09-05,0.7206842446668192,0.2793157553331806,0.0
2025-09-08,0.9684043020322932,0.03159569796770658,0.0
2025-09-09,0.974260589964744,0.025739410035256857,0.0
2025-09-10,0.9652313039252463,0.034768696074754545,0.0
2025-09-11,0.9620425176414079,0.037957482358592566,0.0
2025-09-12,0.9749362612288187,0.02506373877118188,0.0
2025-09-15,0.9671236941962262,0.03287630580377484,0.0
2025-09-16,0.8735178037544864,0.12648219624551194,0.0
2025-09-17,0.9315827263093401,0.06841727369065881,0.0
2025-09-18,0.8962366391094999,0.10376336089049859,0.0
2025-09-19,0.6466772456205393,0.35332275437946054,0.0
2025-09-22,0.9578927012309436,0.042107298769057916,0.0
2025-09-23,0.9574913134065688,0.04250868659342973,0.0
2025-09-24,0.9047520257188922,0.09524797428110673,0.0
2025-09-25,0.9526680063050037,0.047331993694994565,0.0
2025-09-26,0.9697513539912,0.03024864600879926,0.0
2025-09-29,0.9607652775643709,0.039234722435629206,0.0
2025-09-30,0.9658812165301449,0.03411878346985503,0.0
2025-10-01,0.9749459842173118,0.025054015782688878,0.0
2025-10-02,0.9725591745836945,0.02744082541630497,0.0
2025-10-03,0.9794537429917181,0.020546257008280912,0.0
2025-10-06,0.9558460497766879,0.044153950223311915,0.0
2025-10-07,0.9588945026259468,0.041105497374051815,0.0
2025-10-08,0.952954253047104,0.04704574695289558,0.0
2025-10-09,0.7667801293338421,0.2332198706661568,0.0
2025-10-10,0.00687260346671939,0.993127396533282,0.0
2025-10-13,0.6979134762641356,0.3020865237358644,0.0
2025-10-14,0.9528575579467915,0.047142442053206945,0.0
2025-10-15,0.9156086306212466,0.08439136937875372,0.0
2025-10-16,0.874021824205328,0.1259781757946722,0.0
2025-10-17,0.05204813376558867,0.9479518662344096,0.0
2025-10-20,0.8311094468739157,0.16889055312608414,0.0
2025-10-21,0.00011504510698058549,0.9998849548930197,0.0
2025-10-22,0.9693270253055749,0.03067297469442584,0.0
2025-10-23,0.8909319965506968,0.10906800344930187,0.0
2025-10-24,0.9591633290159355,0.04083667098406342,0.0
2025-10-27,0.4852697730459634,0.5147302269540368,0.0
2025-10-28,0.9533912829744662,0.04660871702553297,0.0
2025-10-29,0.9758737542246042,0.024126245775396092,0.0
2025-10-30,0.8305216493001344,0.16947835069986622,0.0
2025-10-31,0.9692934236128746,0.030706576387123794,0.0
2025-11-03,0.9642212418299779,0.035778758170022205,0.0
2025-11-04,0.5894390262140988,0.4105609737859014,0.0
2025-11-05,0.9393902269629361,0.06060977303706229,0.0
2025-11-06,0.8556695191869076,0.14433048081309136,0.0
2025-11-07,0.9624328217088558,0.03756717829114387,0.0
2025-11-10,0.5886629527019036,0.41133704729809656,0.0
2025-11-11,0.9731783950821206,0.02682160491787931,0.0
2025-11-12,0.935319114338101,0.06468088566189988,0.0
2025-11-13,0.745349555294165,0.25465044470583575,0.0
2025-11-14,0.9444855288233489,0.05551447117665069,0.0
2025-11-17,0.9352723398827804,0.0647276601172196,0.0
2025-11-18,0.8766582513252208,0.12334174867478048,0.0
2025-11-19,0.9623867786858156,0.037613221314183445,0.0
2025-11-20,0.4151848122463818,0.5848151877536196,0.0
