date,p_0,p_1,p_2
2000-10-31,0.10491281116118291,0.8950871888388175,0.0
2000-11-30,0.35644693527701315,0.643553064722985,0.0
2000-12-29,1.0484337200303676e-08,0.999999989515663,0.0
2001-01-16,0.9912449825735414,0.008755017426460197,0.0
2001-01-17,0.9734456533092006,0.026554346690800475,0.0
2001-01-18,0.9742538113700279,0.025746188629973462,0.0
2001-01-19,0.9888019453054434,0.011198054694557948,0.0
2001-01-22,0.9215865487701734,0.0784134512298256,0.0
2001-01-23,0.9828664934342191,0.01713350656578198,0.0
2001-01-24,0.9251627031726668,0.07483729682733153,0.0
2001-01-25,0.9904905072116114,0.009509492788387718,0.0
2001-01-26,0.9926301967346777,0.007369803265321589,0.0
2001-01-29,0.9834723049363068,0.016527695063695075,0.0
2001-01-30,0.9902011190735429,0.009798880926458151,0.0
2001-01-31,0.9866219721295897,0.013378027870408853,0.0
2001-02-02,0.5916120058089798,0.408387994191022,0.0
2001-02-05,0.972952639858994,0.027047360141004752,0.0
2001-02-06,0.9852918225960927,0.014708177403908668,0.0
2001-02-07,0.9862514952230756,0.013748504776926124,0.0
2001-02-08,0.9778095470318791,0.022190452968122526,0.0
2001-02-09,0.982167671520264,0.017832328479735208,0.0
2001-02-12,0.9820380154600864,0.017961984539914738,0.0
2001-02-13,0.989493018398001,0.010506981601997421,0.0
2001-02-14,0.9902372194435843,0.009762780556414918,0.0
2001-02-15,0.9790843046813894,0.020915695318611798,0.0
2001-02-16,0.9206989735491324,0.07930102645086598,0.0
2001-02-20,0.9704057628686789,0.029594237131319593,0.0
2001-02-21,0.9666399539278598,0.033360046072141554,0.0
2001-02-22,0.9789094884536229,0.02109051154637839,0.0
2001-02-23,0.9756341785804318,0.024365821419569222,0.0
2001-02-26,0.7784517565395527,0.22154824346044907,0.0
2001-02-27,0.9827095442428055,0.01729045575719522,0.0
2001-02-28,0.9818641708474399,0.018135829152560533,0.0
2001-03-01,0.9881903656613888,0.011809634338609489,0.0
2001-03-02,0.985039878539296,0.014960121460705241,0.0
2001-03-05,0.9803835017205556,0.019616498279444144,0.0
2001-03-06,0.9704202923831688,0.029579707616831236,0.0
2001-03-07,0.9907086400650852,0.009291359934913796,0.0
2001-03-08,0.8923176833955812,0.10768231660441983,0.0
2001-03-09,0.9283664846663365,0.07163351533366445,0.0
2001-03-12,0.02296754177099004,0.9770324582290083,0.0
2001-03-13,0.9859373923208357,0.014062607679165982,0.0
2001-03-14,0.750383592953546,0.24961640704645327,0.0
2001-03-15,0.9524949739717475,0.04750502602825364,0.0
2001-03-16,0.6935755514958257,0.3064244485041755,0.0
2001-03-19,0.9867823819308402,0.013217618069158573,0.0
2001-03-20,0.9901698495404144,0.009830150459584679,0.0
2001-03-21,0.9822663603574737,0.01773363964252565,0.0
2001-03-22,0.7634066857687846,0.2365933142312149,0.0
2001-03-23,0.5592053020052045,0.44079469799479465,0.0
2001-03-26,0.8013529912102114,0.1986470087897873,0.0
2001-03-27,0.7380937831185233,0.2619062168814766,0.0
2001-03-28,0.873200461863689,0.1267995381363106,0.0
2001-03-29,0.9833419433978008,0.016658056602197692,0.0
2001-03-30,0.9815710731984333,0.018428926801565926,0.0
2001-04-02,0.9799663764218769,0.0200336235781215,0.0
2001-04-03,0.33841329724168184,0.66158670275832,0.0
2001-04-04,0.9620130402945458,0.03798695970545558,0.0
2001-04-05,0.22002223395711462,0.7799777660428849,0.0
2001-04-06,0.9709540612058357,0.02904593879416417,0.0
2001-04-09,0.9895702279642964,0.010429772035701964,0.0
2001-04-10,0.8076054366097366,0.19239456339026406,0.0
2001-04-11,0.990022249630958,0.009977750369041449,0.0
2001-04-12,0.9170357637618805,0.08296423623811879,0.0
2001-04-16,0.8740253695565268,0.12597463044347257,0.0
2001-04-17,0.9493059707338602,0.050694029266139855,0.0
2001-04-18,0.03754316672929669,0.9624568332707035,0.0
2001-04-19,0.770236092047075,0.22976390795292492,0.0
2001-04-20,0.9299419666484385,0.07005803335156276,0.0
2001-04-23,0.8030282848779029,0.19697171512209607,0.0
2001-04-24,0.8088614811705952,0.19113851882940397,0.0
2001-04-25,0.8500683129850127,0.14993168701498663,0.0
2001-04-26,0.8418672726551832,0.15813272734481654,0.0
2001-04-27,0.6718210374556943,0.3281789625443054,0.0
2001-04-30,0.9503564113549716,0.049643588645029,0.0
2001-05-01,0.8719415200674876,0.1280584799325136,0.0
2001-05-02,0.9662456223828091,0.033754377617191716,0.0
2001-05-03,0.5982237895807323,0.40177621041926803,0.0
2001-05-04,0.9299763076416867,0.0700236923583135,0.0
2001-05-07,0.9554860369631493,0.044513963036852254,0.0
2001-05-08,0.9485286481428262,0.05147135185717509,0.0
2001-05-09,0.46220895435861087,0.5377910456413888,0.0
2001-05-10,0.9466955465122766,0.05330445348772418,0.0
2001-05-11,0.9156193506685237,0.08438064933147646,0.0
2001-05-14,0.9307291827826056,0.06927081721739413,0.0
2001-05-15,0.9513324417106941,0.04866755828930701,0.0
2001-05-16,0.5976194386241375,0.40238056137586314,0.0
2001-05-17,0.9200254596578424,0.07997454034215831,0.0
2001-05-18,0.9106334123803097,0.08936658761969024,0.0
2001-05-21,0.9265449957001046,0.07345500429989531,0.0
2001-05-22,0.8456571838090507,0.15434281619094997,0.0
2001-05-23,0.8371998502971888,0.16280014970281212,0.0
2001-05-24,0.9157450102600053,0.08425498973999519,0.0
2001-05-25,0.7354468711135329,0.2645531288864666,0.0
2001-05-29,0.9334579098782951,0.06654209012170632,0.0
2001-05-30,0.697407438645407,0.3025925613545925,0.0
2001-05-31,0.9554770932066964,0.044522906793303625,0.0
2001-06-01,0.9616658748952727,0.038334125104727466,0.0
2001-06-04,0.9617889897937763,0.038211010206223944,0.0
2001-06-05,0.9433996341795485,0.056600365820449944,0.0
2001-06-06,0.9009504054031018,0.09904959459689903,0.0
2001-06-07,0.9549840200458325,0.0450159799541677,0.0
2001-06-08,0.7624361666242192,0.23756383337578088,0.0
2001-06-11,0.8819548775964089,0.11804512240359089,0.0
2001-06-12,0.8813522998788637,0.11864770012113528,0.0
2001-06-13,0.95698682332402,0.04301317667597936,0.0
2001-06-14,0.7303021753397368,0.2696978246602626,0.0
2001-06-15,0.9453284652838687,0.05467153471613122,0.0
2001-06-18,0.9461224964096764,0.05387750359032398,0.0
2001-06-19,0.9659914933943505,0.03400850660564901,0.0
2001-06-20,0.945642087237234,0.0543579127627669,0.0
2001-06-21,0.9255803586256837,0.07441964137431563,0.0
2001-06-22,0.9545318385222361,0.045468161477763606,0.0
2001-06-25,0.9502858132643297,0.04971418673567,0.0
2001-06-26,0.9360880716965061,0.06391192830349425,0.0
2001-06-27,0.9599878319950609,0.04001216800494023,0.0
2001-06-28,0.7815917779985653,0.218408222001434,0.0
2001-06-29,0.9551864573591751,0.04481354264082556,0.0
2001-07-02,0.7121184873444922,0.28788151265550826,0.0
2001-07-03,0.9354790602856418,0.0645209397143592,0.0
2001-07-05,0.8556737798376663,0.1443262201623324,0.0
2001-07-06,0.44991379620365674,0.5500862037963431,0.0
2001-07-09,0.9630461571932476,0.03695384280675296,0.0
2001-07-10,0.9061214797935564,0.09387852020644294,0.0
2001-07-11,0.8538653657500992,0.14613463424990014,0.0
2001-07-12,0.6690847147533798,0.33091528524662006,0.0
2001-07-13,0.953707758226558,0.04629224177344277,0.0
2001-07-16,0.9403173148507481,0.059682685149251145,0.0
2001-07-17,0.9688085186130432,0.031191481386955863,0.0
2001-07-18,0.5412323792242888,0.4587676207757118,0.0
2001-07-19,0.9505041183175343,0.04949588168246593,0.0
2001-07-20,0.9557795588637886,0.04422044113621165,0.0
2001-07-23,0.8801425881582188,0.1198574118417824,0.0
2001-07-24,0.7975897142535109,0.2024102857464891,0.0
2001-07-25,0.8876729240190594,0.11232707598094067,0.0
2001-07-26,0.8787640510530631,0.12123594894693664,0.0
2001-07-27,0.9649177292651817,0.03508227073482,0.0
2001-07-30,0.9365159053852897,0.06348409461471109,0.0
2001-07-31,0.9441303576139712,0.055869642386028984,0.0
2001-08-01,0.9593991899322143,0.04060081006778622,0.0
2001-08-02,0.9422410972076071,0.05775890279239255,0.0
2001-08-03,0.941040207791079,0.05895979220892069,0.0
2001-08-06,0.9268711437646463,0.07312885623535388,0.0
2001-08-07,0.957531596327471,0.04246840367252928,0.0
2001-08-08,0.6232409759720868,0.37675902402791367,0.0
2001-08-09,0.6202934690234326,0.37970653097656765,0.0
2001-08-10,0.9113028312302225,0.08869716876977662,0.0
2001-08-13,0.949430489267029,0.05056951073297115,0.0
2001-08-14,0.9520466265498095,0.04795337345019035,0.0
2001-08-15,0.8639130380750126,0.13608696192498762,0.0
2001-08-16,0.9578902601321276,0.042109739867873364,0.0
2001-08-17,0.6870384550292505,0.31296154497074924,0.0
2001-08-20,0.9591337644282975,0.04086623557170326,0.0
2001-08-21,0.966249789805509,0.0337502101944921,0.0
2001-08-22,0.9489949945708253,0.05100500542917467,0.0
2001-08-23,0.9220051899026919,0.07799481009730896,0.0
2001-08-24,0.7263888028743031,0.273611197125697,0.0
2001-08-27,0.962092439250659,0.03790756074934012,0.0
2001-08-28,0.8187501899893497,0.18124981001065057,0.0
2001-08-29,0.9015982854182867,0.0984017145817132,0.0
2001-08-30,0.5048795582953165,0.4951204417046846,0.0
2001-08-31,0.96333820956072,0.03666179043928031,0.0
2001-09-04,0.7599086991871337,0.2400913008128662,0.0
2001-09-05,0.9296050242445419,0.07039497575545746,0.0
2001-09-06,0.5052407455010411,0.49475925449895825,0.0
2001-09-07,0.4016197915178268,0.5983802084821722,0.0
2001-09-10,0.9494018381825094,0.050598161817489586,0.0
2001-09-20,1.1530392398891893e-16,1.0,0.0
2001-09-21,0.2725838066776169,0.7274161933223834,0.0
2001-09-24,3.4223920288155314e-05,0.9999657760797119,0.0
2001-09-25,0.8663719173515645,0.13362808264843593,0.0
2001-09-26,0.9215778160013778,0.07842218399862219,0.0
2001-09-27,0.9226945948532607,0.07730540514673978,0.0
2001-09-28,0.34389450999659466,0.6561054900034051,0.0
2001-10-01,0.9388138892671359,0.06118611073286401,0.0
2001-10-02,0.9191599793440628,0.08084002065593683,0.0
2001-10-03,0.5638623265066709,0.4361376734933289,0.0
2001-10-04,0.8965504904583156,0.10344950954168487,0.0
2001-10-05,0.9342467789807718,0.06575322101922787,0.0
2001-10-08,0.951467352599987,0.048532647400013,0.0
2001-10-09,0.9194157595477459,0.08058424045225376,0.0
2001-10-10,0.3948218952339346,0.6051781047660647,0.0
2001-10-11,0.4163867982774625,0.5836132017225367,0.0
2001-10-12,0.6212914628923647,0.3787085371076353,0.0
2001-10-15,0.8976323509218614,0.10236764907813885,0.0
2001-10-16,0.9502157445087276,0.04978425549127192,0.0
2001-10-17,0.9567458934872177,0.0432541065127818,0.0
2001-10-18,0.8097581206324839,0.19024187936751713,0.0
2001-10-19,0.9410506473343725,0.058949352665627806,0.0
2001-10-22,0.6657909291695084,0.3342090708304908,0.0
2001-10-23,0.9222298434163293,0.07777015658367098,0.0
2001-10-24,0.9562699474169584,0.043730052583041745,0.0
2001-10-25,0.943580487497305,0.05641951250269376,0.0
2001-10-26,0.9145139666980273,0.08548603330197246,0.0
2001-10-29,0.18614398781383368,0.8138560121861669,0.0
2001-10-30,0.28274372404759796,0.7172562759524024,0.0
2001-10-31,0.9503253235287773,0.04967467647122307,0.0
2001-11-01,0.6927428373322152,0.3072571626677845,0.0
2001-11-02,0.8670800726313576,0.13291992736864275,0.0
2001-11-05,0.7331915320145993,0.26680846798540037,0.0
2001-11-06,0.9044713728392859,0.09552862716071528,0.0
2001-11-07,0.934741935744311,0.06525806425568961,0.0
2001-11-08,0.4472451201344073,0.5527548798655928,0.0
2001-11-09,0.9539930016226221,0.04600699837737802,0.0
2001-11-12,0.8700819615261401,0.12991803847385902,0.0
2001-11-13,0.15851554252333538,0.8414844574766647,0.0
2001-11-14,0.9451659345682879,0.0548340654317125,0.0
2001-11-15,0.8331796392121631,0.16682036078783666,0.0
2001-11-16,0.8785962366534343,0.12140376334656547,0.0
2001-11-19,0.6030399312523737,0.396960068747626,0.0
2001-11-20,0.8543454767043847,0.14565452329561476,0.0
2001-11-21,0.9308502587363081,0.06914974126369244,0.0
2001-11-27,0.7889893428127177,0.21101065718728157,0.0
2001-11-28,0.3606396462629848,0.639360353737016,0.0
2001-11-29,0.932205990875765,0.06779400912423482,0.0
2001-11-30,0.9423368109756545,0.05766318902434514,0.0
2001-12-03,0.7810028609663044,0.218997139033695,0.0
2001-12-04,0.8649187781889476,0.13508122181105248,0.0
2001-12-05,0.06131847706624717,0.9386815229337533,0.0
2001-12-06,0.9302312226736003,0.06976877732640019,0.0
2001-12-07,0.8944409115591656,0.10555908844083398,0.0
2001-12-10,0.5261890265809889,0.47381097341901157,0.0
2001-12-11,0.9491824257005493,0.05081757429945015,0.0
2001-12-12,0.9108221806114022,0.08917781938859794,0.0
2001-12-13,0.5417390454442983,0.45826095455570154,0.0
2001-12-14,0.8630369132650921,0.13696308673490826,0.0
2001-12-17,0.7222920467602396,0.2777079532397592,0.0
2001-12-18,0.9075254609831029,0.09247453901689774,0.0
2001-12-19,0.7495563960810214,0.25044360391897885,0.0
2001-12-20,0.8277707588689807,0.17222924113101892,0.0
2001-12-21,0.8784583961267547,0.12154160387324518,0.0
2001-12-26,0.9376340851151174,0.06236591488488262,0.0
2001-12-27,0.8086775995845774,0.1913224004154231,0.0
2001-12-28,0.9328831202851575,0.06711687971484222,0.0
2001-12-31,0.8356134734166065,0.16438652658339295,0.0
2002-01-02,0.9534054979963293,0.046594502003670726,0.0
2002-01-03,0.9038705423492212,0.09612945765077872,0.0
2002-01-04,0.9274156177882839,0.07258438221171665,0.0
2002-01-07,0.8839001806666378,0.11609981933336183,0.0
2002-01-08,0.9270762269899527,0.07292377301004718,0.0
2002-01-09,0.6579258487684225,0.3420741512315769,0.0
2002-01-10,0.9256867134373645,0.07431328656263575,0.0
2002-01-11,0.9299669706298535,0.07003302937014629,0.0
2002-01-14,0.7800805064148137,0.2199194935851863,0.0
2002-01-15,0.9434687210122991,0.056531278987700766,0.0
2002-01-16,0.6637728493486008,0.3362271506513997,0.0
2002-01-17,0.8550004157009246,0.14499958429907583,0.0
2002-01-18,0.935240859173114,0.06475914082688576,0.0
2002-01-22,0.9131346699435965,0.0868653300564038,0.0
2002-01-23,0.8828687000551905,0.11713129994480935,0.0
2002-01-24,0.9061164877885826,0.0938835122114178,0.0
2002-01-25,0.6818616807053257,0.3181383192946736,0.0
2002-01-28,0.9430113890214689,0.056988610978531404,0.0
2002-01-29,0.1393904054367195,0.8606095945632809,0.0
2002-01-30,0.9468655779057062,0.05313442209429333,0.0
2002-01-31,0.6768340845191504,0.3231659154808496,0.0
2002-02-01,0.8867250003855067,0.11327499961449372,0.0
2002-02-04,0.15836059594265744,0.8416394040573426,0.0
2002-02-05,0.4315794958822904,0.5684205041177096,0.0
2002-02-06,0.7165911961381708,0.28340880386182893,0.0
2002-02-07,0.7783723258266388,0.2216276741733611,0.0
2002-02-08,0.8958256150846795,0.10417438491532108,0.0
2002-02-11,0.07552987774815978,0.9244701222518398,0.0
2002-02-12,0.868075374997165,0.13192462500283506,0.0
2002-02-13,0.8876406348576278,0.11235936514237214,0.0
2002-02-14,0.9133713555012928,0.08662864449870762,0.0
2002-02-15,0.8008208302681314,0.19917916973186894,0.0
2002-02-19,0.30533238310991434,0.6946676168900858,0.0
2002-02-20,0.9107971578477816,0.08920284215221883,0.0
2002-02-21,0.8071332391093516,0.1928667608906481,0.0
2002-02-22,0.9235391422127945,0.07646085778720543,0.0
2002-02-25,0.6234947990667021,0.3765052009332982,0.0
2002-02-26,0.6665721623111391,0.33342783768886075,0.0
2002-02-27,0.801300527391224,0.19869947260877557,0.0
2002-02-28,0.9407275696439534,0.059272430356046936,0.0
2002-03-01,0.336084833091842,0.663915166908158,0.0
2002-03-04,0.15101635445449701,0.8489836455455031,0.0
2002-03-05,0.9280612891712581,0.0719387108287424,0.0
2002-03-06,0.8712226293387143,0.12877737066128617,0.0
2002-03-07,0.07946444047462449,0.9205355595253766,0.0
2002-03-08,0.7784223893260519,0.2215776106739488,0.0
2002-03-11,0.9378692700320267,0.06213072996797331,0.0
2002-03-12,0.7184797329472727,0.2815202670527275,0.0
2002-03-13,0.8737931566051109,0.1262068433948888,0.0
2002-03-14,0.9142832121272674,0.08571678787273292,0.0
2002-03-15,0.7934655417691442,0.20653445823085576,0.0
2002-03-18,0.6313416646826415,0.36865833531735737,0.0
2002-03-19,0.9294460226328847,0.07055397736711531,0.0
2002-03-20,0.45955992879741664,0.5404400712025833,0.0
2002-03-21,0.9509279916325231,0.049072008367476924,0.0
2002-03-22,0.6125004524785819,0.38749954752141835,0.0
2002-03-25,0.38418681038427677,0.6158131896157235,0.0
2002-03-26,0.8040931810610384,0.195906818938961,0.0
2002-03-27,0.5220979255996477,0.47790207440035193,0.0
2002-03-28,0.8510871191181917,0.148912880881809,0.0
2002-04-01,0.9521508388408837,0.04784916115911658,0.0
2002-04-02,0.9088263228748066,0.09117367712519318,0.0
2002-04-03,0.8550117262515678,0.14498827374843276,0.0
2002-04-04,0.9118601732804388,0.08813982671956062,0.0
2002-04-05,0.9360490575474676,0.06395094245253216,0.0
2002-04-08,0.9367045569615604,0.06329544303843944,0.0
2002-04-09,0.9203959214772371,0.07960407852276274,0.0
2002-04-10,0.720925923611691,0.2790740763883086,0.0
2002-04-11,0.27026739969510255,0.7297326003048971,0.0
2002-04-12,0.9307964057265801,0.06920359427341907,0.0
2002-04-15,0.9421675634283624,0.05783243657163737,0.0
2002-04-16,0.25976216451674106,0.7402378354832582,0.0
2002-04-17,0.8485705657923948,0.1514294342076045,0.0
2002-04-18,0.8890824758431612,0.11091752415683924,0.0
2002-04-19,0.9104696554230667,0.08953034457693335,0.0
2002-04-22,0.7416105133436762,0.2583894866563236,0.0
2002-04-23,0.8915177177962101,0.10848228220378883,0.0
2002-04-24,0.8880665985814673,0.11193340141853299,0.0
2002-04-25,0.8920331049630104,0.10796689503698946,0.0
2002-04-26,0.31506742885562866,0.6849325711443722,0.0
2002-04-29,0.9081622273366473,0.0918377726633519,0.0
2002-04-30,0.38174853340044357,0.618251466599557,0.0
2002-05-01,0.8282488036209088,0.17175119637909142,0.0
2002-05-02,0.9354656803300448,0.06453431966995497,0.0
2002-05-03,0.6578115999803124,0.34218840001968726,0.0
2002-05-06,0.45079651093992856,0.5492034890600715,0.0
2002-05-07,0.8645563590217623,0.13544364097823805,0.0
2002-05-08,0.025631024185751795,0.9743689758142485,0.0
2002-05-09,0.6268164093533256,0.37318359064667495,0.0
2002-05-10,0.5177439907151775,0.4822560092848227,0.0
2002-05-13,0.7450290106932215,0.25497098930677825,0.0
2002-05-14,0.0774153228601073,0.9225846771398931,0.0
2002-05-15,0.9281105987184547,0.07188940128154504,0.0
2002-05-16,0.9260354324114545,0.0739645675885451,0.0
2002-05-17,0.7172574357367442,0.28274256426325584,0.0
2002-05-20,0.4437194280252488,0.5562805719747513,0.0
2002-05-21,0.5462604328350128,0.45373956716498726,0.0
2002-05-22,0.9380034331707803,0.061996566829219564,0.0
2002-05-23,0.8707743222816363,0.129225677718364,0.0
2002-05-24,0.8969977443945819,0.10300225560541831,0.0
2002-05-28,0.555773356622114,0.444226643377887,0.0
2002-05-29,0.7478996845826528,0.2521003154173473,0.0
2002-05-30,0.8121335210699815,0.1878664789300182,0.0
2002-05-31,0.9419071189361956,0.05809288106380522,0.0
2002-06-03,0.24570568233412846,0.7542943176658721,0.0
2002-06-04,0.9015199915678931,0.09848000843210669,0.0
2002-06-05,0.8787443800397218,0.121255619960278,0.0
2002-06-06,0.534656838347728,0.4653431616522716,0.0
2002-06-07,0.3502374664414469,0.6497625335585527,0.0
2002-06-10,0.6267827847634614,0.3732172152365383,0.0
2002-06-11,0.4151028508187564,0.5848971491812426,0.0
2002-06-12,0.8238024441749158,0.1761975558250842,0.0
2002-06-13,0.7025498451857709,0.2974501548142295,0.0
2002-06-14,0.31583226043770457,0.6841677395622957,0.0
2002-06-17,0.05753007813414283,0.9424699218658579,0.0
2002-06-18,0.7453710806925523,0.2546289193074472,0.0
2002-06-19,0.3178847130504099,0.6821152869495902,0.0
2002-06-20,0.20130604903427118,0.7986939509657288,0.0
2002-06-21,0.48893632068754317,0.5110636793124562,0.0
2002-06-24,0.9144923965975321,0.0855076034024672,0.0
2002-06-25,0.9320703136826028,0.06792968631739692,0.0
2002-06-26,0.05211780829772255,0.9478821917022774,0.0
2002-06-27,0.200082417656648,0.799917582343352,0.0
2002-06-28,0.31762348006495333,0.682376519935047,0.0
2002-07-01,0.2015103359079368,0.7984896640920635,0.0
2002-07-02,0.040085591551617436,0.9599144084483818,0.0
2002-07-03,0.9161329280608809,0.08386707193911906,0.0
2002-07-08,0.2979086020989211,0.7020913979010786,0.0
2002-07-09,0.08686318907924627,0.9131368109207546,0.0
2002-07-10,0.025574469400434018,0.9744255305995662,0.0
2002-07-11,0.5111225803160354,0.4888774196839653,0.0
2002-07-12,0.9313803955405563,0.0686196044594439,0.0
2002-07-15,0.05430340682571863,0.9456965931742817,0.0
2002-07-16,0.8273590000649317,0.17264099993506812,0.0
2002-07-17,0.379435823483487,0.6205641765165132,0.0
2002-07-18,0.7623948522732872,0.2376051477267127,0.0
2002-07-19,0.0008949442609407018,0.999105055739059,0.0
2002-07-22,0.0005264995282304871,0.9994735004717697,0.0
2002-07-23,0.00040377374430565586,0.9995962262556942,0.0
2002-07-24,0.06947512865053003,0.930524871349469,0.0
2002-07-25,0.22490653821322018,0.7750934617867795,0.0
2002-07-26,0.14795105111091703,0.8520489488890827,0.0
2002-07-29,1.551166094894857e-08,0.9999999844883388,0.0
2002-07-30,0.9082408122182094,0.09175918778179058,0.0
2002-07-31,0.8421700114839785,0.15782998851602184,0.0
2002-08-01,0.01298772363370668,0.9870122763662925,0.0
2002-08-02,0.3115818899281108,0.6884181100718887,0.0
2002-08-05,0.0008010181446517462,0.9991989818553486,0.0
2002-08-06,0.0006280979953216953,0.9993719020046787,0.0
2002-08-07,0.8426281662688746,0.15737183373112607,0.0
2002-08-08,0.018866640294663208,0.9811333597053361,0.0
2002-08-09,0.3401270577821647,0.6598729422178353,0.0
2002-08-12,0.6644680256259416,0.33553197437405824,0.0
2002-08-13,0.7416137577467738,0.25838624225322593,0.0
2002-08-14,0.13138461989259329,0.868615380107407,0.0
2002-08-15,0.11402807920535192,0.8859719207946479,0.0
2002-08-16,0.8757163910485247,0.12428360895147535,0.0
2002-08-19,0.08344057034056877,0.9165594296594308,0.0
2002-08-20,0.3524836213994683,0.6475163786005321,0.0
2002-08-21,0.47992302728788017,0.5200769727121201,0.0
2002-08-22,0.36555565111406285,0.6344443488859373,0.0
2002-08-23,0.30317346825377184,0.6968265317462288,0.0
2002-08-26,0.5923573103365707,0.40764268966342915,0.0
2002-08-27,0.6890759025367157,0.31092409746328503,0.0
2002-08-28,0.12806238756140093,0.8719376124385988,0.0
2002-08-29,0.31140024134633354,0.6885997586536663,0.0
2002-08-30,0.9434586839579017,0.056541316042098444,0.0
2002-09-03,0.00013287865395698512,0.9998671213460428,0.0
2002-09-04,0.5162897501796687,0.48371024982033156,0.0
2002-09-05,0.3219989323049988,0.678001067695001,0.0
2002-09-06,0.35554270509224745,0.644457294907753,0.0
2002-09-09,0.8244563154750143,0.17554368452498556,0.0
2002-09-10,0.1316888742022471,0.8683111257977527,0.0
2002-09-11,0.8816732370471637,0.11832676295283624,0.0
2002-09-12,0.031109720554772874,0.968890279445227,0.0
2002-09-13,0.9093742514040191,0.09062574859598131,0.0
2002-09-16,0.9219494845134203,0.07805051548657958,0.0
2002-09-17,0.658577332648023,0.34142266735197774,0.0
2002-09-18,0.5874801943403893,0.4125198056596104,0.0
2002-09-19,0.11337309662888344,0.8866269033711162,0.0
2002-09-20,0.9283259539120758,0.07167404608792413,0.0
2002-09-23,0.31331194120822375,0.6866880587917759,0.0
2002-09-24,0.17433376699907277,0.8256662330009273,0.0
2002-09-25,0.12583899594678102,0.8741610040532192,0.0
2002-09-26,0.02944327066627741,0.9705567293337226,0.0
2002-09-27,0.39463687574203477,0.6053631242579655,0.0
2002-09-30,0.07570890193023054,0.9242910980697694,0.0
2002-10-01,0.054065773701225686,0.9459342262987741,0.0
2002-10-02,0.914557189154397,0.08544281084560347,0.0
2002-10-03,0.6099158449726767,0.3900841550273238,0.0
2002-10-04,0.2101104437060199,0.78988955629398,0.0
2002-10-07,0.29769514852213597,0.7023048514778643,0.0
2002-10-08,0.5599379191957087,0.44006208080429143,0.0
2002-10-09,0.2099043641621531,0.7900956358378474,0.0
2002-10-10,0.06304752404714899,0.9369524759528508,0.0
2002-10-11,0.0005984596426194739,0.9994015403573803,0.0
2002-10-14,0.9470565871981417,0.052943412801858776,0.0
2002-10-15,4.0098320213517794e-07,0.9999995990167985,0.0
2002-10-16,0.28408226925463737,0.7159177307453625,0.0
2002-10-17,0.14470513463730075,0.8552948653626993,0.0
2002-10-18,0.9252933242126661,0.07470667578733443,0.0
2002-10-21,0.8473232959785673,0.1526767040214332,0.0
2002-10-22,0.13041579199647182,0.8695842080035278,0.0
2002-10-23,0.789029527111489,0.21097047288851017,0.0
2002-10-24,0.9199288960736185,0.08007110392638127,0.0
2002-10-25,0.8871589814374689,0.11284101856253106,0.0
2002-10-28,0.7816583568715961,0.2183416431284044,0.0
2002-10-29,0.1402970643567374,0.8597029356432626,0.0
2002-10-30,0.6849670914602449,0.315032908539755,0.0
2002-10-31,0.5809977213779548,0.41900227862204487,0.0
2002-11-01,0.6652707744287165,0.3347292255712831,0.0
2002-11-04,0.5743735533754616,0.4256264466245387,0.0
2002-11-05,0.8952837814549099,0.10471621854509035,0.0
2002-11-06,0.8658124299877955,0.13418757001220527,0.0
2002-11-07,0.12228412193589394,0.8777158780641057,0.0
2002-11-08,0.5626951549213436,0.4373048450786564,0.0
2002-11-11,0.2988194166671613,0.7011805833328391,0.0
2002-11-12,0.8868753660783062,0.11312463392169392,0.0
2002-11-13,0.8465138281655772,0.15348617183442245,0.0
2002-11-14,0.22692926140749356,0.773070738592506,0.0
2002-11-15,0.8182217121291895,0.18177828787081016,0.0
2002-11-18,0.8625561873558454,0.13744381264415462,0.0
2002-11-19,0.8317775333144578,0.16822246668554208,0.0
2002-11-20,0.5230851310888888,0.4769148689111107,0.0
2002-11-21,0.08413912947194678,0.9158608705280531,0.0
2002-11-22,0.9424912471776128,0.05750875282238699,0.0
2002-11-25,0.9368484364489764,0.06315156355102353,0.0
2002-11-26,0.1724330792020899,0.8275669207979097,0.0
2002-11-27,0.08082506012770442,0.919174939872295,0.0
2002-12-02,0.9336873693971247,0.06631263060287476,0.0
2002-12-03,0.08276540829534287,0.9172345917046575,0.0
2002-12-04,0.8249497598260378,0.17505024017396298,0.0
2002-12-05,0.5689870024481999,0.43101299755180034,0.0
2002-12-06,0.8144954922428045,0.1855045077571951,0.0
2002-12-09,0.17312919508499594,0.826870804915004,0.0
2002-12-10,0.28344869807407885,0.716551301925921,0.0
2002-12-11,0.896657857704521,0.10334214229547924,0.0
2002-12-12,0.20912714267020982,0.7908728573297902,0.0
2002-12-13,0.31672803707692343,0.6832719629230768,0.0
2002-12-16,0.19852860270895345,0.8014713972910472,0.0
2002-12-17,0.3790709265632817,0.6209290734367179,0.0
2002-12-18,0.17114769914729308,0.8288523008527071,0.0
2002-12-19,0.7737737032077231,0.22622629679227696,0.0
2002-12-20,0.8532714578397229,0.14672854216027711,0.0
2002-12-23,0.8746238210930521,0.12537617890694813,0.0
2002-12-24,0.8871451002789634,0.11285489972103646,0.0
2002-12-26,0.5559185811565495,0.4440814188434505,0.0
2002-12-27,0.2024046711944969,0.7975953288055032,0.0
2002-12-30,0.8139271181752188,0.18607288182478135,0.0
2002-12-31,0.9389918196836059,0.06100818031639413,0.0
2003-01-02,0.0018544781552820883,0.998145521844718,0.0
2003-01-03,0.9370085876802675,0.0629914123197328,0.0
2003-01-06,0.2552904446157617,0.7447095553842384,0.0
2003-01-07,0.8235123843472527,0.1764876156527473,0.0
2003-01-08,0.1876455270470095,0.8123544729529909,0.0
2003-01-09,0.17516851077721607,0.8248314892227843,0.0
2003-01-10,0.8661764704565877,0.13382352954341242,0.0
2003-01-13,0.8992049506234066,0.10079504937659325,0.0
2003-01-14,0.356354328766874,0.6436456712331253,0.0
2003-01-15,0.6928888771441545,0.30711112285584596,0.0
2003-01-16,0.5657000577601788,0.43429994223982143,0.0
2003-01-17,0.38584526663444385,0.6141547333655566,0.0
2003-01-21,0.6751268136507433,0.324873186349257,0.0
2003-01-22,0.3661020067430976,0.6338979932569014,0.0
2003-01-23,0.8490707936248284,0.15092920637517138,0.0
2003-01-24,0.13483316679925855,0.8651668332007414,0.0
2003-01-27,0.18150488106127238,0.8184951189387278,0.0
2003-01-28,0.8993796025688194,0.10062039743118051,0.0
2003-01-29,0.6436316517834868,0.3563683482165132,0.0
2003-01-30,0.8066144638833085,0.19338553611669151,0.0
2003-01-31,0.830200158264459,0.1697998417355409,0.0
2003-02-03,0.7660972739699426,0.23390272603005727,0.0
2003-02-04,0.11167633607000584,0.8883236639299943,0.0
2003-02-05,0.5227852863945226,0.47721471360547785,0.0
2003-02-06,0.7631239901344732,0.23687600986552665,0.0
2003-02-07,0.8459056750477252,0.15409432495227454,0.0
2003-02-10,0.7987942472529779,0.201205752747022,0.0
2003-02-11,0.8142744885522442,0.1857255114477553,0.0
2003-02-12,0.47706657445240785,0.5229334255475926,0.0
2003-02-13,0.471514382492342,0.528485617507658,0.0
2003-02-14,0.11738083729181185,0.8826191627081883,0.0
2003-02-18,0.7620516618495301,0.23794833815047026,0.0
2003-02-19,0.5475669091372692,0.45243309086273037,0.0
2003-02-20,0.7949717867781732,0.20502821322182652,0.0
2003-02-21,0.3738095422570647,0.6261904577429355,0.0
2003-02-24,0.5078433088685612,0.49215669113143906,0.0
2003-02-25,0.7805643793859139,0.2194356206140856,0.0
2003-02-26,0.8147905900988737,0.18520940990112658,0.0
2003-02-27,0.8363831822173835,0.16361681778261683,0.0
2003-02-28,0.9105643351117746,0.08943566488822526,0.0
2003-03-03,0.799842224248589,0.2001577757514106,0.0
2003-03-04,0.4105977393555826,0.5894022606444174,0.0
2003-03-05,0.9300694329462347,0.06993056705376566,0.0
2003-03-06,0.8641470119790358,0.1358529880209639,0.0
2003-03-07,0.5466626656518547,0.4533373343481457,0.0
2003-03-10,0.09917421887441881,0.9008257811255813,0.0
2003-03-11,0.8688934470785676,0.13110655292143258,0.0
2003-03-12,0.8624150293886644,0.13758497061133496,0.0
2003-03-13,9.813159890718398e-05,0.9999018684010925,0.0
2003-03-14,0.5870917538372955,0.4129082461627043,0.0
2003-03-17,0.019765741737737114,0.9802342582622635,0.0
2003-03-18,0.7295800409318064,0.27041995906819394,0.0
2003-03-19,0.7486295700541121,0.2513704299458875,0.0
2003-03-20,0.9044162682282438,0.09558373177175622,0.0
2003-03-21,0.0684598435186454,0.9315401564813546,0.0
2003-03-24,0.005505374049240269,0.9944946259507592,0.0
2003-03-25,0.9122021756625995,0.08779782433740041,0.0
2003-03-26,0.9358235379443227,0.06417646205567724,0.0
2003-03-27,0.7538083185412865,0.246191681458714,0.0
2003-03-28,0.09505756795379633,0.9049424320462034,0.0
2003-03-31,0.028874618622802994,0.9711253813771974,0.0
2003-04-01,0.6351971541417185,0.3648028458582812,0.0
2003-04-02,0.04745132082528378,0.9525486791747162,0.0
2003-04-03,0.9439122202245209,0.05608777977547877,0.0
2003-04-04,0.9261628784743873,0.07383712152561234,0.0
2003-04-07,0.47280006109715345,0.5271999389028461,0.0
2003-04-08,0.8238869586116624,0.17611304138833747,0.0
2003-04-09,0.4917672292606022,0.5082327707393971,0.0
2003-04-10,0.8535610353788186,0.14643896462118178,0.0
2003-04-11,0.931340825893274,0.06865917410672549,0.0
2003-04-14,0.6416605577545613,0.3583394422454387,0.0
2003-04-15,0.8978147612749959,0.10218523872500432,0.0
2003-04-16,0.7248118718293104,0.27518812817068905,0.0
2003-04-17,0.6881401385440361,0.31185986145596445,0.0
2003-04-21,0.8094969995409087,0.1905030004590912,0.0
2003-04-22,0.6279973373275121,0.3720026626724876,0.0
2003-04-23,0.8690244734543777,0.13097552654562186,0.0
2003-04-24,0.4438403407132798,0.5561596592867208,0.0
2003-04-25,0.6308983685803458,0.369101631419654,0.0
2003-04-28,0.5809880225334901,0.41901197746651037,0.0
2003-04-29,0.9048845239472991,0.09511547605270126,0.0
2003-04-30,0.9076418002526485,0.09235819974735177,0.0
2003-05-01,0.7831154654599297,0.2168845345400708,0.0
2003-05-02,0.7623393292512041,0.23766067074879604,0.0
2003-05-05,0.8877765239981162,0.11222347600188398,0.0
2003-05-06,0.8024030957872684,0.19759690421273154,0.0
2003-05-07,0.7308953088602059,0.2691046911397937,0.0
2003-05-08,0.39502872062694083,0.6049712793730593,0.0
2003-05-09,0.7282156834472409,0.2717843165527591,0.0
2003-05-12,0.8571636186356679,0.14283638136433258,0.0
2003-05-13,0.8456666600245433,0.1543333399754569,0.0
2003-05-14,0.8763619879857787,0.1236380120142212,0.0
2003-05-15,0.8673182331990048,0.13268176680099492,0.0
2003-05-16,0.8616294625848614,0.13837053741513863,0.0
2003-05-19,0.15388366810679766,0.8461163318932019,0.0
2003-05-20,0.8839332302814615,0.11606676971853805,0.0
2003-05-21,0.8777891349011891,0.12221086509881066,0.0
2003-05-22,0.6465399657000899,0.3534600342999094,0.0
2003-05-23,0.8723436978714496,0.12765630212855075,0.0
2003-05-27,0.751499931418132,0.24850006858186754,0.0
2003-05-28,0.4646679710714376,0.5353320289285619,0.0
2003-05-29,0.8701005387738553,0.1298994612261442,0.0
2003-05-30,0.8307340746316166,0.16926592536838334,0.0
2003-06-02,0.8045925062277938,0.19540749377220623,0.0
2003-06-03,0.8728552827563236,0.1271447172436768,0.0
2003-06-04,0.7656877488576231,0.23431225114237667,0.0
2003-06-05,0.8330021399611052,0.16699786003889414,0.0
2003-06-06,0.8208788321820701,0.17912116781792978,0.0
2003-06-09,0.5221545520084663,0.4778454479915338,0.0
2003-06-10,0.8524579816949751,0.1475420183050249,0.0
2003-06-11,0.746160141281329,0.2538398587186712,0.0
2003-06-12,0.8807327096922011,0.11926729030779933,0.0
2003-06-13,0.41448162442083064,0.5855183755791696,0.0
2003-06-16,0.49256401866821486,0.5074359813317851,0.0
2003-06-17,0.6902114720754771,0.3097885279245234,0.0
2003-06-18,0.8394195862659897,0.1605804137340106,0.0
2003-06-19,0.5795151383768258,0.42048486162317406,0.0
2003-06-20,0.8536894580356293,0.14631054196437066,0.0
2003-06-23,0.5231233651926168,0.4768766348073827,0.0
2003-06-24,0.8346476045330092,0.16535239546699132,0.0
2003-06-25,0.8703851967110751,0.12961480328892494,0.0
2003-06-26,0.5959091579852368,0.40409084201476303,0.0
2003-06-27,0.8704564352197623,0.12954356478023824,0.0
2003-06-30,0.8458814687700311,0.15411853122996882,0.0
2003-07-01,0.8494896926835945,0.15051030731640558,0.0
2003-07-02,0.5233343367753404,0.47666566322465986,0.0
2003-07-03,0.8692334063501154,0.13076659364988466,0.0
2003-07-07,0.22344323379918524,0.7765567662008149,0.0
2003-07-08,0.8492000793641562,0.1507999206358431,0.0
2003-07-09,0.8507783786633432,0.14922162133665678,0.0
2003-07-10,0.5265446913893347,0.4734553086106653,0.0
2003-07-11,0.8767266906240515,0.12327330937594805,0.0
2003-07-14,0.8206372499572193,0.17936275004278107,0.0
2003-07-15,0.6126694504862887,0.38733054951371126,0.0
2003-07-16,0.8446824501469898,0.15531754985301,0.0
2003-07-17,0.4879157691494651,0.5120842308505349,0.0
2003-07-18,0.8600234563112628,0.13997654368873708,0.0
2003-07-21,0.45929747337458016,0.5407025266254196,0.0
2003-07-22,0.8610586220963665,0.1389413779036329,0.0
2003-07-23,0.6149128318427662,0.38508716815723326,0.0
2003-07-24,0.8771083358212234,0.1228916641787765,0.0
2003-07-25,0.85417840388797,0.14582159611203038,0.0
2003-07-28,0.8240576150244223,0.17594238497557776,0.0
2003-07-29,0.8224349872752412,0.17756501272475883,0.0
2003-07-30,0.8613723036273182,0.13862769637268135,0.0
2003-07-31,0.7409102923140822,0.25908970768591816,0.0
2003-08-01,0.7952862547171339,0.2047137452828659,0.0
2003-08-04,0.8462038749243362,0.15379612507566376,0.0
2003-08-05,0.7725768152309439,0.22742318476905615,0.0
2003-08-06,0.7833628492583006,0.21663715074170006,0.0
2003-08-07,0.8753511201004748,0.12464887989952506,0.0
2003-08-08,0.5897574244281022,0.4102425755718974,0.0
2003-08-11,0.8664344532775669,0.1335655467224328,0.0
2003-08-12,0.767453170503655,0.23254682949634456,0.0
2003-08-13,0.8252656089713841,0.17473439102861643,0.0
2003-08-14,0.8187611196862896,0.1812388803137098,0.0
2003-08-15,0.8828820684345939,0.11711793156540583,0.0
2003-08-18,0.7512504972789305,0.24874950272106996,0.0
2003-08-19,0.7372034859253833,0.2627965140746166,0.0
2003-08-20,0.881228503915527,0.11877149608447322,0.0
2003-08-21,0.6042762809629736,0.3957237190370272,0.0
2003-08-22,0.8388813035297512,0.1611186964702491,0.0
2003-08-25,0.8622449245423297,0.13775507545767077,0.0
2003-08-26,0.8565636755339553,0.14343632446604476,0.0
2003-08-27,0.6178398109009792,0.3821601890990207,0.0
2003-08-28,0.8777005424208139,0.12229945757918624,0.0
2003-09-02,0.637430385430697,0.3625696145693029,0.0
2003-09-03,0.8560163097883379,0.14398369021166163,0.0
2003-09-04,0.8594286465131146,0.14057135348688526,0.0
2003-09-05,0.7225349057767282,0.27746509422327154,0.0
2003-09-08,0.8386862145759811,0.16131378542401872,0.0
2003-09-09,0.8465189363724224,0.15348106362757763,0.0
2003-09-10,0.6672324447177228,0.33276755528227714,0.0
2003-09-11,0.8815163327536498,0.11848366724635023,0.0
2003-09-12,0.7724299461367798,0.22757005386321935,0.0
2003-09-15,0.8802831416996835,0.11971685830031677,0.0
2003-09-16,0.7334507877258101,0.26654921227418976,0.0
2003-09-17,0.8795685954475201,0.12043140455247957,0.0
2003-09-18,0.7644960308737688,0.2355039691262311,0.0
2003-09-19,0.7081294962962921,0.2918705037037071,0.0
2003-09-22,0.186025908304687,0.813974091695313,0.0
2003-09-23,0.8877011977854892,0.11229880221451051,0.0
2003-09-24,0.7377134449661775,0.26228655503382237,0.0
2003-09-25,0.5415228247211705,0.4584771752788296,0.0
2003-09-26,0.6753371633487171,0.3246628366512829,0.0
2003-09-29,0.8902028270179291,0.10979717298207103,0.0
2003-09-30,0.5838845814577073,0.41611541854229317,0.0
2003-10-01,0.3711870817162849,0.6288129182837151,0.0
2003-10-02,0.8370054083410587,0.16299459165894156,0.0
2003-10-03,0.15434895186397665,0.8456510481360234,0.0
2003-10-06,0.8905284734714272,0.10947152652857307,0.0
2003-10-07,0.874021516507711,0.12597848349228943,0.0
2003-10-08,0.8421405393515141,0.15785946064848605,0.0
2003-10-09,0.781426093984681,0.21857390601531915,0.0
2003-10-13,0.7548496890102847,0.245150310989715,0.0
2003-10-14,0.8730002785102994,0.12699972148970054,0.0
2003-10-15,0.879608513739666,0.12039148626033383,0.0
2003-10-16,0.8663377375406811,0.1336622624593184,0.0
2003-10-17,0.8122641783835686,0.18773582161643132,0.0
2003-10-20,0.8815215081497662,0.11847849185023387,0.0
2003-10-21,0.5861381719838918,0.41386182801610827,0.0
2003-10-22,0.3317748332828201,0.66822516671718,0.0
2003-10-23,0.8472154736302212,0.15278452636977888,0.0
2003-10-24,0.8450871318406086,0.15491286815939162,0.0
2003-10-27,0.8764828544908795,0.12351714550912062,0.0
2003-10-28,0.6942525629507432,0.30574743704925667,0.0
2003-10-29,0.8743932922125467,0.12560670778745273,0.0
2003-10-30,0.8550928190989189,0.14490718090108115,0.0
2003-10-31,0.8890964067965884,0.11090359320341124,0.0
2003-11-03,0.640492556847961,0.35950744315203886,0.0
2003-11-04,0.8756154142240037,0.12438458577599652,0.0
2003-11-05,0.8914359326072093,0.10856406739279038,0.0
2003-11-06,0.8579047859187147,0.14209521408128573,0.0
2003-11-07,0.8783876564812094,0.12161234351879097,0.0
2003-11-10,0.7837555884551927,0.21624441154480667,0.0
2003-11-11,0.8748592890111708,0.1251407109888292,0.0
2003-11-12,0.6227480659122492,0.3772519340877505,0.0
2003-11-13,0.8624067937935523,0.13759320620644735,0.0
2003-11-14,0.8718607415908671,0.1281392584091328,0.0
2003-11-17,0.5376161627753709,0.4623838372246289,0.0
2003-11-18,0.6098391085568424,0.39016089144315796,0.0
2003-11-19,0.8827741445805798,0.11722585541941971,0.0
2003-11-20,0.8705627596632849,0.1294372403367148,0.0
2003-11-21,0.8964295726154444,0.10357042738455575,0.0
2003-11-24,0.4394062933180745,0.560593706681925,0.0
2003-11-25,0.8907551820591603,0.10924481794083973,0.0
2003-11-26,0.8768658283019534,0.12313417169804643,0.0
2003-12-01,0.6253779571222006,0.3746220428777989,0.0
2003-12-02,0.8928869639580089,0.10711303604199086,0.0
2003-12-03,0.8927645243169565,0.10723547568304372,0.0
2003-12-04,0.8170104176845866,0.18298958231541348,0.0
2003-12-05,0.5387794609412779,0.461220539058722,0.0
2003-12-08,0.8495456835420012,0.15045431645799853,0.0
2003-12-09,0.8233785240516788,0.1766214759483213,0.0
2003-12-10,0.5771536376093035,0.4228463623906969,0.0
2003-12-11,0.788485761041037,0.21151423895896262,0.0
2003-12-12,0.894674090511467,0.1053259094885333,0.0
2003-12-15,0.8950417726033647,0.10495822739663507,0.0
2003-12-16,0.772421750300091,0.22757824969990903,0.0
2003-12-17,0.8956559092302244,0.1043440907697754,0.0
2003-12-18,0.804893834498234,0.19510616550176607,0.0
2003-12-19,0.8252370197957699,0.17476298020423062,0.0
2003-12-22,0.8579605952625119,0.14203940473748763,0.0
2003-12-23,0.8888097657852304,0.11119023421476977,0.0
2003-12-24,0.8985745494133731,0.10142545058662672,0.0
2003-12-29,0.7997850928513593,0.20021490714864051,0.0
2003-12-30,0.890746685899907,0.10925331410009315,0.0
2003-12-31,0.8801981976364783,0.11980180236352132,0.0
2004-01-05,0.7190249309357344,0.2809750690642659,0.0
2004-01-06,0.8140290230566113,0.18597097694338927,0.0
2004-01-07,0.8616260581520563,0.13837394184794385,0.0
2004-01-08,0.8930476664823465,0.1069523335176536,0.0
2004-01-09,0.7662077901818517,0.23379220981814822,0.0
2004-01-12,0.873380922934954,0.12661907706504608,0.0
2004-01-13,0.8209714566419302,0.17902854335806992,0.0
2004-01-14,0.4783031419715768,0.5216968580284235,0.0
2004-01-15,0.7467144485580784,0.25328555144192183,0.0
2004-01-16,0.7588362237452415,0.24116377625475838,0.0
2004-01-20,0.8924579031013256,0.10754209689867465,0.0
2004-01-21,0.8836144343314339,0.11638556566856595,0.0
2004-01-22,0.8224199129602959,0.17758008703970404,0.0
2004-01-23,0.8689800431418263,0.13101995685817378,0.0
2004-01-26,0.8559047081612645,0.14409529183873587,0.0
2004-01-27,0.7663723631001277,0.23362763689987232,0.0
2004-01-28,0.8075558876073501,0.19244411239265,0.0
2004-01-29,0.8357260920953391,0.16427390790466073,0.0
2004-01-30,0.872530897523273,0.127469102476727,0.0
2004-02-02,0.8990409079666183,0.10095909203338173,0.0
2004-02-03,0.8823489219405136,0.11765107805948614,0.0
2004-02-04,0.8143094258186351,0.18569057418136528,0.0
2004-02-05,0.8952676250231875,0.10473237497681254,0.0
2004-02-06,0.695119464580303,0.3048805354196974,0.0
2004-02-09,0.9074449627157828,0.09255503728421771,0.0
2004-02-10,0.8961543639558553,0.10384563604414479,0.0
2004-02-11,0.8760203595285595,0.12397964047144046,0.0
2004-02-12,0.8358683719332297,0.16413162806676995,0.0
2004-02-13,0.8946201287778361,0.10537987122216409,0.0
2004-02-17,0.8533633506258183,0.14663664937418147,0.0
2004-02-18,0.6479372862065578,0.35206271379344245,0.0
2004-02-19,0.8787740895393742,0.12122591046062606,0.0
2004-02-20,0.8513748197399592,0.14862518026004043,0.0
2004-02-23,0.8944536288611844,0.1055463711388158,0.0
2004-02-24,0.7844089094974925,0.21559109050250758,0.0
2004-02-25,0.8939993432015384,0.1060006567984618,0.0
2004-02-26,0.8803813592246801,0.11961864077531985,0.0
2004-02-27,0.9085591918915885,0.09144080810841171,0.0
2004-03-01,0.8295882200611355,0.17041177993886472,0.0
2004-03-02,0.8311237999823716,0.16887620001762857,0.0
2004-03-03,0.8591041909573073,0.140895809042693,0.0
2004-03-04,0.9058800016507786,0.09411999834922141,0.0
2004-03-05,0.7786975051326969,0.22130249486730325,0.0
2004-03-08,0.8623747211976984,0.1376252788023011,0.0
2004-03-09,0.8463370619827741,0.15366293801722566,0.0
2004-03-10,0.7162143941012852,0.28378560589871504,0.0
2004-03-11,0.3237935391181225,0.6762064608818772,0.0
2004-03-12,0.8842776137038927,0.11572238629610779,0.0
2004-03-15,0.600910352172746,0.39908964782725437,0.0
2004-03-16,0.8853315109708816,0.11466848902911855,0.0
2004-03-17,0.8191286438877571,0.18087135611224275,0.0
2004-03-18,0.8326332431346953,0.1673667568653052,0.0
2004-03-19,0.8737804320486663,0.12621956795133377,0.0
2004-03-22,0.5375505317351732,0.46244946826482713,0.0
2004-03-23,0.9006999615929351,0.09930003840706483,0.0
2004-03-24,0.8615444425452197,0.13845555745477986,0.0
2004-03-25,0.628563562659721,0.37143643734027976,0.0
2004-03-26,0.8864728308328699,0.11352716916713054,0.0
2004-03-29,0.7891758721361478,0.21082412786385266,0.0
2004-03-30,0.9136092835145322,0.0863907164854679,0.0
2004-03-31,0.8693511476253527,0.1306488523746473,0.0
2004-04-01,0.8733616479500038,0.12663835204999613,0.0
2004-04-02,0.2494060148944334,0.7505939851055664,0.0
2004-04-05,0.7388517981814247,0.26114820181857556,0.0
2004-04-06,0.9041301069396982,0.0958698930603019,0.0
2004-04-07,0.8651436765558234,0.1348563234441772,0.0
2004-04-08,0.8940978325560607,0.10590216744393947,0.0
2004-04-12,0.899602696556816,0.10039730344318444,0.0
2004-04-13,0.4997469709600643,0.5002530290399358,0.0
2004-04-14,0.8643532766731318,0.13564672332686784,0.0
2004-04-15,0.8852086228480144,0.11479137715198548,0.0
2004-04-16,0.8847196689329709,0.11528033106702917,0.0
2004-04-19,0.8997709953100028,0.10022900468999746,0.0
2004-04-20,0.5126394785971263,0.48736052140287356,0.0
2004-04-21,0.8742608246740388,0.12573917532596132,0.0
2004-04-22,0.8670647222256408,0.13293527777435968,0.0
2004-04-23,0.8695399812232599,0.13046001877674013,0.0
2004-04-26,0.9039541599446312,0.09604584005536823,0.0
2004-04-27,0.8961393985992322,0.10386060140076797,0.0
2004-04-28,0.1909837240678238,0.8090162759321765,0.0
2004-04-29,0.8639051164912028,0.13609488350879723,0.0
2004-04-30,0.8486364150824632,0.1513635849175369,0.0
2004-05-03,0.8905558486987732,0.10944415130122699,0.0
2004-05-04,0.740808086370689,0.2591919136293109,0.0
2004-05-05,0.7895832920809457,0.21041670791905476,0.0
2004-05-06,0.7991642288384146,0.20083577116158516,0.0
2004-05-07,0.32394788723606366,0.6760521127639364,0.0
2004-05-10,0.09181696000122384,0.9081830399987764,0.0
2004-05-11,0.8775876718548944,0.12241232814510561,0.0
2004-05-12,0.8898087137691976,0.11019128623080232,0.0
2004-05-13,0.8995060444302816,0.10049395556971773,0.0
2004-05-14,0.8812175402048543,0.11878245979514569,0.0
2004-05-17,0.45737146382817173,0.5426285361718282,0.0
2004-05-18,0.8528775457221409,0.14712245427785903,0.0
2004-05-19,0.8627924482887928,0.1372075517112073,0.0
2004-05-20,0.8873656437619462,0.11263435623805407,0.0
2004-05-21,0.8922915022297119,0.10770849777028826,0.0
2004-05-24,0.9029748234765947,0.09702517652340552,0.0
2004-05-25,0.8865211073282635,0.11347889267173673,0.0
2004-05-26,0.9090560426506755,0.09094395734932444,0.0
2004-05-27,0.835776621094153,0.16422337890584715,0.0
2004-05-28,0.903841544698386,0.09615845530161435,0.0
2004-06-01,0.6891031131679696,0.3108968868320306,0.0
2004-06-02,0.8676282803686544,0.13237171963134547,0.0
2004-06-03,0.8644432474520555,0.13555675254794494,0.0
2004-06-04,0.8761268578809781,0.12387314211902192,0.0
2004-06-07,0.7249584719408858,0.2750415280591142,0.0
2004-06-08,0.8888187119911471,0.11118128800885284,0.0
2004-06-09,0.639162725168697,0.3608372748313033,0.0
2004-06-10,0.9096736782239647,0.09032632177603525,0.0
2004-06-14,0.7720137301694718,0.2279862698305283,0.0
2004-06-15,0.8669903033998987,0.13300969660010148,0.0
2004-06-16,0.897830806671135,0.10216919332886529,0.0
2004-06-17,0.9178172177604027,0.08218278223959745,0.0
2004-06-18,0.8973586001475681,0.10264139985243169,0.0
2004-06-21,0.9001000367302192,0.09989996326978078,0.0
2004-06-22,0.9008997129246152,0.09910028707538447,0.0
2004-06-23,0.9061129584450285,0.09388704155497182,0.0
2004-06-24,0.8946862575040849,0.10531374249591487,0.0
2004-06-25,0.8975967863766383,0.10240321362336167,0.0
2004-06-28,0.8078089727410225,0.19219102725897788,0.0
2004-06-29,0.8955605234181899,0.10443947658181028,0.0
2004-06-30,0.9039836118662643,0.096016388133736,0.0
2004-07-01,0.8606934080432405,0.13930659195675912,0.0
2004-07-02,0.7577390549271948,0.24226094507280588,0.0
2004-07-06,0.8762776946498587,0.12372230535014177,0.0
2004-07-07,0.8170185172064904,0.18298148279350904,0.0
2004-07-08,0.8832161792999162,0.1167838207000842,0.0
2004-07-09,0.9105172638263272,0.08948273617367228,0.0
2004-07-12,0.8942074202871888,0.10579257971281106,0.0
2004-07-13,0.8962852351376257,0.10371476486237444,0.0
2004-07-14,0.905043351759453,0.09495664824054693,0.0
2004-07-15,0.8786141460655449,0.12138585393445485,0.0
2004-07-16,0.8551207839001033,0.14487921609989712,0.0
2004-07-19,0.8906326219007364,0.10936737809926336,0.0
2004-07-20,0.8949358941644301,0.10506410583556994,0.0
2004-07-21,0.83855041063425,0.16144958936575035,0.0
2004-07-22,0.8886385932552817,0.1113614067447185,0.0
2004-07-23,0.8323016193781979,0.16769838062180203,0.0
2004-07-26,0.875138952283674,0.12486104771632577,0.0
2004-07-27,0.8430838155864292,0.1569161844135711,0.0
2004-07-28,0.9087077112813436,0.09129228871865654,0.0
2004-07-29,0.9029337110817055,0.09706628891829447,0.0
2004-07-30,0.9103479146927179,0.08965208530728187,0.0
2004-08-02,0.9106813681712288,0.08931863182877109,0.0
2004-08-03,0.9021651886857349,0.09783481131426493,0.0
2004-08-04,0.872428121306727,0.12757187869327363,0.0
2004-08-05,0.7920726192942137,0.2079273807057862,0.0
2004-08-06,0.12156338352725003,0.8784366164727502,0.0
2004-08-09,0.9105323775624015,0.08946762243759851,0.0
2004-08-10,0.8657882730466546,0.1342117269533454,0.0
2004-08-11,0.8957436709560566,0.10425632904394315,0.0
2004-08-12,0.8389883678448933,0.16101163215510658,0.0
2004-08-13,0.8927744633706041,0.10722553662939592,0.0
2004-08-16,0.8571209559052714,0.1428790440947285,0.0
2004-08-17,0.9202569154401912,0.07974308455980908,0.0
2004-08-18,0.8960267333680854,0.10397326663191477,0.0
2004-08-19,0.8622355270654986,0.1377644729345013,0.0
2004-08-20,0.9025579449918961,0.0974420550081038,0.0
2004-08-23,0.8785069430237711,0.12149305697622861,0.0
2004-08-24,0.8886009175847603,0.11139908241523956,0.0
2004-08-25,0.8272426820680258,0.17275731793197396,0.0
2004-08-26,0.9045059425058954,0.09549405749410438,0.0
2004-08-27,0.9117447398038162,0.08825526019618377,0.0
2004-08-30,0.8852420587688613,0.11475794123113879,0.0
2004-08-31,0.9000972759106954,0.09990272408930423,0.0
2004-09-01,0.9199422559479422,0.08005774405205841,0.0
2004-09-02,0.868296190570974,0.131703809429026,0.0
2004-09-03,0.8818420660156521,0.11815793398434779,0.0
2004-09-07,0.9000900505423881,0.09990994945761213,0.0
2004-09-08,0.8953855002704831,0.10461449972951721,0.0
2004-09-09,0.9171048470482532,0.0828951529517467,0.0
2004-09-10,0.8926871115599863,0.10731288844001381,0.0
2004-09-13,0.9112267568103203,0.0887732431896794,0.0
2004-09-14,0.9134417122687405,0.08655828773125955,0.0
2004-09-15,0.8685281532379089,0.1314718467620912,0.0
2004-09-16,0.9129716408463295,0.0870283591536707,0.0
2004-09-17,0.9007345460171714,0.09926545398282878,0.0
2004-09-20,0.8978727044045394,0.1021272955954605,0.0
2004-09-21,0.8934137991468055,0.10658620085319437,0.0
2004-09-22,0.8219982789577568,0.17800172104224324,0.0
2004-09-23,0.8972123560120889,0.10278764398791103,0.0
2004-09-24,0.9148799404990137,0.08512005950098642,0.0
2004-09-27,0.8845441265376816,0.11545587346231853,0.0
2004-09-28,0.8767232227121518,0.12327677728784825,0.0
2004-09-29,0.8976435786137213,0.10235642138627894,0.0
2004-09-30,0.9002556628763198,0.09974433712368007,0.0
2004-10-01,0.5427297203130885,0.45727027968691114,0.0
2004-10-04,0.8730826943013742,0.12691730569862575,0.0
2004-10-05,0.9103594645041699,0.08964053549583023,0.0
2004-10-06,0.912842557448701,0.08715744255129908,0.0
2004-10-07,0.8879182195389006,0.1120817804610996,0.0
2004-10-08,0.7837297345282451,0.21627026547175535,0.0
2004-10-11,0.9118716903795263,0.08812830962047355,0.0
2004-10-12,0.8366741331668572,0.16332586683314312,0.0
2004-10-13,0.8624845400549439,0.13751545994505607,0.0
2004-10-14,0.8267879859942179,0.17321201400578215,0.0
2004-10-15,0.9133017594185631,0.08669824058143664,0.0
2004-10-18,0.8950460247529078,0.10495397524709185,0.0
2004-10-19,0.9170870928387751,0.08291290716122514,0.0
2004-10-20,0.8550426196021306,0.14495738039786915,0.0
2004-10-21,0.9183986377169605,0.08160136228303953,0.0
2004-10-22,0.900643612533164,0.0993563874668357,0.0
2004-10-25,0.5301657769107239,0.46983422308927614,0.0
2004-10-26,0.8522892461816567,0.14771075381834387,0.0
2004-10-27,0.6155869942363977,0.3844130057636024,0.0
2004-10-28,0.8835377191721854,0.11646228082781455,0.0
2004-10-29,0.9144170854824734,0.0855829145175265,0.0
2004-11-01,0.8926148860400883,0.10738511395991171,0.0
2004-11-02,0.8596536908269563,0.14034630917304375,0.0
2004-11-03,0.8929069362042202,0.10709306379577975,0.0
2004-11-04,0.8492142299617674,0.15078577003823235,0.0
2004-11-05,0.8835026060541713,0.11649739394582842,0.0
2004-11-08,0.9134591140273588,0.0865408859726412,0.0
2004-11-09,0.9150835487698759,0.08491645123012433,0.0
2004-11-10,0.9168088196527676,0.08319118034723219,0.0
2004-11-11,0.9069200723798195,0.09307992762018033,0.0
2004-11-12,0.9001951157810674,0.09980488421893269,0.0
2004-11-15,0.907629768307592,0.0923702316924078,0.0
2004-11-16,0.828220271586461,0.1717797284135391,0.0
2004-11-17,0.9218917252743549,0.0781082747256456,0.0
2004-11-18,0.9036066721115019,0.09639332788849843,0.0
2004-11-19,0.8375457055516085,0.1624542944483917,0.0
2004-11-22,0.9180363587308696,0.0819636412691299,0.0
2004-11-23,0.871448202682025,0.12855179731797467,0.0
2004-11-24,0.8870958625909697,0.11290413740903023,0.0
2004-11-29,0.9177621341011319,0.08223786589886807,0.0
2004-11-30,0.8543754767435947,0.14562452325640537,0.0
2004-12-01,0.805423359675637,0.19457664032436306,0.0
2004-12-02,0.7749086885968774,0.2250913114031229,0.0
2004-12-03,0.8968671226749838,0.10313287732501605,0.0
2004-12-06,0.8936643535546511,0.10633564644534878,0.0
2004-12-07,0.845885730488717,0.1541142695112828,0.0
2004-12-08,0.8915543938889116,0.10844560611108876,0.0
2004-12-09,0.9209106165971249,0.0790893834028752,0.0
2004-12-10,0.9144147465902127,0.08558525340978712,0.0
2004-12-13,0.9057110777033053,0.09428892229669494,0.0
2004-12-14,0.9164037251650881,0.08359627483491192,0.0
2004-12-15,0.8918277857729175,0.10817221422708245,0.0
2004-12-16,0.893805637485833,0.10619436251416683,0.0
2004-12-17,0.882716162928517,0.1172838370714833,0.0
2004-12-20,0.9035231244083535,0.0964768755916462,0.0
2004-12-21,0.9074168461693872,0.09258315383061279,0.0
2004-12-22,0.9017158509203737,0.09828414907962635,0.0
2004-12-23,0.915047491303861,0.0849525086961387,0.0
2004-12-27,0.8729885157808388,0.12701148421916167,0.0
2004-12-28,0.9106635615405406,0.08933643845945934,0.0
2004-12-29,0.9128154215129775,0.08718457848702275,0.0
2004-12-30,0.9099400972714423,0.09005990272855774,0.0
2005-01-03,0.8484667246044245,0.15153327539557565,0.0
2005-01-04,0.8567965187845853,0.1432034812154148,0.0
2005-01-05,0.8919236518437282,0.10807634815627139,0.0
2005-01-06,0.909631906034093,0.09036809396590643,0.0
2005-01-07,0.9168779433924059,0.08312205660759414,0.0
2005-01-10,0.9227529731458601,0.07724702685413962,0.0
2005-01-11,0.9005408393549554,0.09945916064504522,0.0
2005-01-12,0.8889236101068428,0.11107638989315674,0.0
2005-01-13,0.8913567228619318,0.10864327713806796,0.0
2005-01-14,0.9022782377355969,0.09772176226440311,0.0
2005-01-18,0.9168996796565928,0.08310032034340743,0.0
2005-01-19,0.9014037556461134,0.09859624435388648,0.0
2005-01-20,0.8784115117145759,0.12158848828542416,0.0
2005-01-21,0.8954301768935627,0.10456982310643748,0.0
2005-01-24,0.9070384083533378,0.09296159164666218,0.0
2005-01-25,0.8417932244663708,0.15820677553362877,0.0
2005-01-26,0.9058523901054988,0.09414760989450079,0.0
2005-01-27,0.9187896351063074,0.08121036489369263,0.0
2005-01-28,0.9036395008057013,0.09636049919429866,0.0
2005-01-31,0.9003438194966121,0.09965618050338765,0.0
2005-02-01,0.9093223283047024,0.0906776716952975,0.0
2005-02-02,0.9191152906227378,0.08088470937726198,0.0
2005-02-03,0.906791691039935,0.0932083089600649,0.0
2005-02-04,0.8927000672723564,0.10729993272764365,0.0
2005-02-07,0.8813277140091914,0.11867228599080862,0.0
2005-02-08,0.9171856816180703,0.08281431838192951,0.0
2005-02-09,0.898420216554789,0.10157978344521071,0.0
2005-02-10,0.8844726731387201,0.11552732686127973,0.0
2005-02-11,0.9038744887295358,0.09612551127046419,0.0
2005-02-14,0.9268047749899935,0.07319522501000635,0.0
2005-02-15,0.921843523288642,0.07815647671135813,0.0
2005-02-16,0.9235007814333245,0.07649921856667546,0.0
2005-02-17,0.9102314229270158,0.08976857707298443,0.0
2005-02-18,0.9216677420516769,0.07833225794832319,0.0
2005-02-22,0.6115881121548719,0.38841188784512787,0.0
2005-02-23,0.9268300110735916,0.07316998892640852,0.0
2005-02-24,0.9084948644531612,0.09150513554683883,0.0
2005-02-25,0.882465043881548,0.117534956118452,0.0
2005-02-28,0.9152576385345638,0.08474236146543601,0.0
2005-03-01,0.880881085585888,0.11911891441411179,0.0
2005-03-02,0.9144539807165616,0.08554601928343782,0.0
2005-03-03,0.9201862049260556,0.07981379507394418,0.0
2005-03-04,0.8909473799238515,0.10905262007614827,0.0
2005-03-07,0.9224321659943187,0.07756783400568129,0.0
2005-03-08,0.8770513088648298,0.12294869113516971,0.0
2005-03-09,0.8878962086825638,0.11210379131743642,0.0
2005-03-10,0.9135429843934778,0.08645701560652186,0.0
2005-03-11,0.9224550841205148,0.07754491587948485,0.0
2005-03-14,0.9168075277263892,0.08319247227361058,0.0
2005-03-15,0.9186115184997171,0.08138848150028291,0.0
2005-03-16,0.8723468151296054,0.1276531848703944,0.0
2005-03-17,0.924465778075975,0.07553422192402519,0.0
2005-03-18,0.9167511889478895,0.0832488110521105,0.0
2005-03-21,0.8857124998181015,0.11428750018189866,0.0
2005-03-22,0.8823504645698518,0.11764953543014815,0.0
2005-03-23,0.8684898803135049,0.13151011968649523,0.0
2005-03-24,0.9220578996332603,0.07794210036673943,0.0
2005-03-28,0.9208135380128563,0.07918646198714378,0.0
2005-03-29,0.9040392153931085,0.09596078460689185,0.0
2005-03-30,0.9225384979667963,0.0774615020332041,0.0
2005-03-31,0.925639856998786,0.07436014300121399,0.0
2005-04-01,0.9233023939778703,0.0766976060221295,0.0
2005-04-04,0.9086208686108964,0.09137913138910367,0.0
2005-04-05,0.9158776717707656,0.0841223282292341,0.0
2005-04-06,0.9274657597119929,0.07253424028800695,0.0
2005-04-07,0.9067851138886568,0.09321488611134347,0.0
2005-04-08,0.9123474295932571,0.08765257040674333,0.0
2005-04-11,0.9012877613677551,0.09871223863224513,0.0
2005-04-12,0.9210791014036773,0.07892089859632268,0.0
2005-04-13,0.8604171394640638,0.13958286053593624,0.0
2005-04-14,0.842224499227718,0.1577755007722822,0.0
2005-04-15,0.5307979231320816,0.46920207686791815,0.0
2005-04-18,0.7477654474985469,0.2522345525014529,0.0
2005-04-19,0.9045318671093596,0.09546813289064053,0.0
2005-04-20,0.8774480436319818,0.1225519563680178,0.0
2005-04-21,0.8207993007885286,0.17920069921147147,0.0
2005-04-22,0.918643312170994,0.08135668782900611,0.0
2005-04-25,0.9216366333907862,0.0783633666092137,0.0
2005-04-26,0.8939902370233959,0.10600976297660408,0.0
2005-04-27,0.7684949340161782,0.23150506598382162,0.0
2005-04-28,0.8798829001973889,0.12011709980261166,0.0
2005-04-29,0.8982049130652022,0.10179508693479805,0.0
2005-05-02,0.9235182409423439,0.07648175905765618,0.0
2005-05-03,0.908502662176421,0.09149733782357926,0.0
2005-05-04,0.8960805428046413,0.10391945719535811,0.0
2005-05-05,0.9255187016169929,0.07448129838300711,0.0
2005-05-06,0.8928441522413096,0.1071558477586903,0.0
2005-05-09,0.9275027936874634,0.0724972063125365,0.0
2005-05-10,0.8236326425908187,0.17636735740918133,0.0
2005-05-11,0.9234180179242409,0.07658198207575904,0.0
2005-05-12,0.8627365624872615,0.13726343751273823,0.0
2005-05-13,0.9080134076680905,0.09198659233190959,0.0
2005-05-16,0.926542420270024,0.07345757972997603,0.0
2005-05-17,0.9216369068437257,0.07836309315627431,0.0
2005-05-18,0.9029382653225912,0.0970617346774088,0.0
2005-05-19,0.9101360406222931,0.08986395937770697,0.0
2005-05-20,0.921326656486299,0.07867334351370071,0.0
2005-05-23,0.9322134812808339,0.06778651871916636,0.0
2005-05-24,0.9131129618889791,0.08688703811102086,0.0
2005-05-25,0.9257385722736046,0.07426142772639532,0.0
2005-05-26,0.9101684398981776,0.0898315601018226,0.0
2005-05-27,0.8639394266913113,0.13606057330868881,0.0
2005-05-31,0.8989951356408571,0.10100486435914321,0.0
2005-06-01,0.9075770620110006,0.09242293798899952,0.0
2005-06-02,0.924653616795397,0.07534638320460292,0.0
2005-06-03,0.9143988973602304,0.08560110263976924,0.0
2005-06-06,0.9146884829007802,0.08531151709921947,0.0
2005-06-07,0.8970477012985341,0.1029522987014658,0.0
2005-06-08,0.9211779075797428,0.07882209242025688,0.0
2005-06-09,0.9114249974019941,0.08857500259800592,0.0
2005-06-10,0.6460039612573573,0.3539960387426427,0.0
2005-06-13,0.9054797971523979,0.09452020284760285,0.0
2005-06-14,0.9119033742707638,0.08809662572923568,0.0
2005-06-15,0.9332041202926832,0.06679587970731703,0.0
2005-06-16,0.8954524542478881,0.10454754575211202,0.0
2005-06-17,0.920903411756265,0.07909658824373493,0.0
2005-06-20,0.9138250708376857,0.08617492916231427,0.0
2005-06-21,0.9133868306051439,0.08661316939485593,0.0
2005-06-22,0.9218169084331548,0.07818309156684491,0.0
2005-06-23,0.9032634880895416,0.09673651191045812,0.0
2005-06-24,0.8853012222623807,0.11469877773761919,0.0
2005-06-27,0.8942550631449786,0.10574493685502154,0.0
2005-06-28,0.8484593469016878,0.1515406530983123,0.0
2005-06-29,0.8014024138690492,0.19859758613095074,0.0
2005-06-30,0.8959624040518198,0.10403759594818045,0.0
2005-07-01,0.876372203004427,0.12362779699557332,0.0
2005-07-05,0.4554762138095303,0.5445237861904698,0.0
2005-07-06,0.9300361864959269,0.06996381350407244,0.0
2005-07-07,0.9047156035606498,0.09528439643934991,0.0
2005-07-08,0.8592146457356484,0.14078535426435165,0.0
2005-07-11,0.9080235557984534,0.09197644420154649,0.0
2005-07-12,0.9178833869271522,0.08211661307284782,0.0
2005-07-13,0.9144258649999565,0.08557413500004368,0.0
2005-07-14,0.8743312721852109,0.1256687278147891,0.0
2005-07-15,0.9227981578846648,0.07720184211533504,0.0
2005-07-18,0.9117945176912277,0.08820548230877209,0.0
2005-07-19,0.9134383491049142,0.08656165089508583,0.0
2005-07-20,0.9295625171916713,0.07043748280832875,0.0
2005-07-21,0.6167579868839392,0.3832420131160608,0.0
2005-07-22,0.9349269480290283,0.06507305197097177,0.0
2005-07-25,0.9227934830522057,0.07720651694779412,0.0
2005-07-26,0.9204547237705909,0.079545276229409,0.0
2005-07-27,0.9286741596126432,0.07132584038735608,0.0
2005-07-28,0.9271513940170375,0.07284860598296208,0.0
2005-07-29,0.9209321256317214,0.07906787436827858,0.0
2005-08-01,0.9336732464301054,0.06632675356989495,0.0
2005-08-02,0.9186344208042547,0.08136557919574522,0.0
2005-08-03,0.7666590838568976,0.23334091614310226,0.0
2005-08-04,0.9062748603757507,0.09372513962424907,0.0
2005-08-05,0.8972113796285649,0.10278862037143516,0.0
2005-08-08,0.9231642094217557,0.07683579057824462,0.0
2005-08-09,0.9189119447608287,0.0810880552391713,0.0
2005-08-10,0.9344012321982182,0.06559876780178224,0.0
2005-08-11,0.8914099698157015,0.10859003018429861,0.0
2005-08-12,0.91060718202162,0.08939281797838045,0.0
2005-08-15,0.9270950106925288,0.0729049893074715,0.0
2005-08-16,0.8928208646582572,0.10717913534174323,0.0
2005-08-17,0.8915206495273574,0.10847935047264173,0.0
2005-08-18,0.9109912667132446,0.08900873328675515,0.0
2005-08-19,0.9364331934426589,0.06356680655734104,0.0
2005-08-22,0.9269206676626023,0.07307933233739777,0.0
2005-08-23,0.9221210614500034,0.07787893854999665,0.0
2005-08-24,0.8906528022752808,0.10934719772471942,0.0
2005-08-25,0.9279360197156745,0.07206398028432531,0.0
2005-08-26,0.9155166283721952,0.08448337162780484,0.0
2005-08-29,0.9140891173531894,0.08591088264681022,0.0
2005-08-30,0.8998416864552056,0.10015831354479382,0.0
2005-08-31,0.8776040353625475,0.1223959646374528,0.0
2005-09-01,0.895104152283017,0.10489584771698286,0.0
2005-09-02,0.9183842814614368,0.08161571853856317,0.0
2005-09-06,0.885332557776175,0.11466744222382518,0.0
2005-09-07,0.9218398785512577,0.07816012144874214,0.0
2005-09-08,0.9090866876581337,0.09091331234186628,0.0
2005-09-09,0.9112780397545343,0.08872196024546541,0.0
2005-09-12,0.907932426644046,0.09206757335595372,0.0
2005-09-13,0.8990709995582308,0.10092900044176893,0.0
2005-09-14,0.8673551359279864,0.1326448640720133,0.0
2005-09-15,0.8999633483971712,0.10003665160282871,0.0
2005-09-16,0.7259810876196866,0.27401891238031356,0.0
2005-09-19,0.3161937877814052,0.6838062122185948,0.0
2005-09-20,0.9062139591612762,0.09378604083872401,0.0
2005-09-21,0.7106480277335704,0.28935197226642956,0.0
2005-09-22,0.9273811851484158,0.0726188148515841,0.0
2005-09-23,0.9160073313115632,0.0839926686884368,0.0
2005-09-26,0.8931611608189761,0.10683883918102369,0.0
2005-09-27,0.921895636950962,0.07810436304903792,0.0
2005-09-28,0.9204646648672976,0.07953533513270235,0.0
2005-09-29,0.9172304373971129,0.08276956260288729,0.0
2005-09-30,0.9196192401972302,0.08038075980277022,0.0
2005-10-03,0.9085860459962712,0.0914139540037284,0.0
2005-10-04,0.9051890821371801,0.09481091786281946,0.0
2005-10-05,0.694297113827847,0.3057028861721532,0.0
2005-10-06,0.31959259986626376,0.6804074001337364,0.0
2005-10-07,0.9026979530934552,0.09730204690654438,0.0
2005-10-10,0.923206120400872,0.0767938795991282,0.0
2005-10-11,0.9275662286502611,0.07243377134973905,0.0
2005-10-12,0.8725335170251967,0.12746648297480354,0.0
2005-10-13,0.9070837466086917,0.0929162533913079,0.0
2005-10-14,0.8834354733046252,0.11656452669537513,0.0
2005-10-17,0.9135484222128344,0.086451577787166,0.0
2005-10-18,0.8793916221212666,0.12060837787873328,0.0
2005-10-19,0.8934033574522027,0.10659664254779705,0.0
2005-10-20,0.8711430305565253,0.1288569694434746,0.0
2005-10-21,0.8862712541364536,0.11372874586354643,0.0
2005-10-24,0.8667952228885305,0.13320477711146933,0.0
2005-10-25,0.8675946002917883,0.13240539970821147,0.0
2005-10-26,0.8969958644870547,0.10300413551294549,0.0
2005-10-27,0.8642207835310745,0.13577921646892524,0.0
2005-10-28,0.9083836174601989,0.09161638253980132,0.0
2005-10-31,0.8018016189763202,0.1981983810236797,0.0
2005-11-01,0.9315889814956965,0.0684110185043035,0.0
2005-11-02,0.9048903694154639,0.09510963058453592,0.0
2005-11-03,0.8230235126632044,0.17697648733679525,0.0
2005-11-04,0.889397267945848,0.11060273205415223,0.0
2005-11-07,0.9364067199105396,0.06359328008946034,0.0
2005-11-08,0.929702480092573,0.07029751990742739,0.0
2005-11-09,0.8452957018688624,0.15470429813113779,0.0
2005-11-10,0.9236869442749587,0.07631305572504123,0.0
2005-11-11,0.9111165929817281,0.08888340701827181,0.0
2005-11-14,0.9288785510098103,0.07112144899018953,0.0
2005-11-15,0.9104322575952857,0.0895677424047142,0.0
2005-11-16,0.611859836704969,0.3881401632950311,0.0
2005-11-17,0.9010005359103292,0.09899946408967052,0.0
2005-11-18,0.905983793824595,0.09401620617540507,0.0
2005-11-21,0.9233687480818304,0.07663125191816951,0.0
2005-11-22,0.9376878373829751,0.062312162617025026,0.0
2005-11-23,0.8380658818488325,0.1619341181511672,0.0
2005-11-28,0.9095515237768259,0.09044847622317433,0.0
2005-11-29,0.9309918880928381,0.06900811190716222,0.0
2005-11-30,0.8216715303947557,0.1783284696052447,0.0
2005-12-01,0.8126621667496673,0.18733783325033257,0.0
2005-12-02,0.8705473284383063,0.12945267156169352,0.0
2005-12-05,0.9381431109289036,0.061856889071096564,0.0
2005-12-06,0.9000811194086639,0.09991888059133634,0.0
2005-12-07,0.9100786237374386,0.08992137626256126,0.0
2005-12-08,0.9037939606239543,0.09620603937604526,0.0
2005-12-09,0.920510382779792,0.07948961722020795,0.0
2005-12-12,0.9255879369695814,0.07441206303041886,0.0
2005-12-13,0.9381030901646741,0.061896909835325906,0.0
2005-12-14,0.5095924770021191,0.49040752299788065,0.0
2005-12-15,0.8872270324471654,0.11277296755283464,0.0
2005-12-16,0.9315709137888625,0.06842908621113722,0.0
2005-12-19,0.9278385546701692,0.0721614453298306,0.0
2005-12-20,0.9247751870080767,0.07522481299192327,0.0
2005-12-21,0.8871126433413746,0.1128873566586257,0.0
2005-12-22,0.8997155208919414,0.10028447910805842,0.0
2005-12-23,0.9333193541304133,0.06668064586958686,0.0
2005-12-27,0.8981893173132495,0.10181068268675064,0.0
2005-12-28,0.9329299088647078,0.06707009113529218,0.0
2005-12-29,0.9170797064613405,0.0829202935386595,0.0
2005-12-30,0.9089524320653508,0.09104756793464909,0.0
2006-01-03,0.47832119444834575,0.5216788055516542,0.0
2006-01-04,0.9114120856384555,0.0885879143615447,0.0
2006-01-05,0.9010295184329135,0.09897048156708615,0.0
2006-01-06,0.9056259425277371,0.09437405747226274,0.0
2006-01-09,0.9335700808277206,0.06642991917227949,0.0
2006-01-10,0.9279663125083639,0.07203368749163622,0.0
2006-01-11,0.9275570995326357,0.07244290046736425,0.0
2006-01-12,0.923360667962706,0.07663933203729426,0.0
2006-01-13,0.8860059297581063,0.1139940702418939,0.0
2006-01-18,0.8258532259844085,0.1741467740155911,0.0
2006-01-19,0.8803017601583465,0.11969823984165384,0.0
2006-01-20,0.8476641387963433,0.1523358612036566,0.0
2006-01-23,0.9131560130309031,0.08684398696909676,0.0
2006-01-24,0.9360610221794333,0.06393897782056693,0.0
2006-01-25,0.9078007165839697,0.09219928341603013,0.0
2006-01-26,0.8923839286771829,0.10761607132281739,0.0
2006-01-27,0.8523944670320379,0.14760553296796183,0.0
2006-01-30,0.9233764547279083,0.07662354527209163,0.0
2006-01-31,0.8830673018497049,0.11693269815029514,0.0
2006-02-01,0.9265925832636508,0.07340741673634865,0.0
2006-02-02,0.9049658290241103,0.09503417097588948,0.0
2006-02-03,0.8651172150114588,0.13488278498854112,0.0
2006-02-06,0.8714253850244466,0.12857461497555334,0.0
2006-02-07,0.2813698802770994,0.7186301197229007,0.0
2006-02-08,0.9331407980541556,0.0668592019458445,0.0
2006-02-09,0.9337512161962452,0.06624878380375514,0.0
2006-02-10,0.8635065659958739,0.13649343400412595,0.0
2006-02-13,0.9048885705220882,0.09511142947791201,0.0
2006-02-14,0.9187511406432082,0.08124885935679207,0.0
2006-02-15,0.8962530933702191,0.10374690662978103,0.0
2006-02-16,0.9201531143952553,0.079846885604745,0.0
2006-02-17,0.9349558689685089,0.06504413103149129,0.0
2006-02-21,0.9336406209965613,0.06635937900343829,0.0
2006-02-22,0.9257793251594123,0.07422067484058788,0.0
2006-02-23,0.8043994372358261,0.19560056276417373,0.0
2006-02-24,0.9184553132131932,0.08154468678680694,0.0
2006-02-27,0.7851638784107596,0.21483612158924031,0.0
2006-02-28,0.8203322518778988,0.17966774812210132,0.0
2006-03-01,0.9257265876281664,0.07427341237183357,0.0
2006-03-02,0.9102622684529589,0.08973773154704096,0.0
2006-03-03,0.9255347892983983,0.07446521070160193,0.0
2006-03-06,0.8806902765340464,0.1193097234659535,0.0
2006-03-07,0.9054401014498131,0.09455989855018675,0.0
2006-03-08,0.9113231813785992,0.08867681862140059,0.0
2006-03-09,0.9087885248351311,0.0912114751648693,0.0
2006-03-10,0.8868901215909621,0.11310987840903777,0.0
2006-03-13,0.9313582627333371,0.06864173726666238,0.0
2006-03-14,0.9184281053757463,0.08157189462425371,0.0
2006-03-15,0.9271116686480433,0.07288833135195702,0.0
2006-03-16,0.9135743931632445,0.08642560683675506,0.0
2006-03-17,0.9341870374659672,0.06581296253403257,0.0
2006-03-20,0.9279601294653401,0.07203987053465993,0.0
2006-03-21,0.9098753642963227,0.09012463570367728,0.0
2006-03-22,0.9339243482879926,0.06607565171200772,0.0
2006-03-23,0.894550799751889,0.10544920024811137,0.0
2006-03-24,0.925151604534993,0.07484839546500767,0.0
2006-03-27,0.8798062384117395,0.12019376158826105,0.0
2006-03-28,0.9027013183697064,0.09729868163029375,0.0
2006-03-29,0.7686774097697104,0.23132259023028973,0.0
2006-03-30,0.9200529058569961,0.0799470941430041,0.0
2006-03-31,0.9178588459509598,0.08214115404904038,0.0
2006-04-03,0.92802029812645,0.0719797018735502,0.0
2006-04-04,0.9184774667747359,0.08152253322526448,0.0
2006-04-05,0.9341331132739825,0.06586688672601716,0.0
2006-04-06,0.9305215081898559,0.06947849181014377,0.0
2006-04-07,0.8944381351905639,0.1055618648094363,0.0
2006-04-10,0.9392859158374586,0.06071408416254169,0.0
2006-04-11,0.8619022559158495,0.1380977440841504,0.0
2006-04-12,0.899025152042889,0.10097484795711112,0.0
2006-04-13,0.9327064000172249,0.06729359998277504,0.0
2006-04-17,0.8439213892053876,0.15607861079461222,0.0
2006-04-18,0.9013736246526248,0.09862637534737517,0.0
2006-04-19,0.908468655994471,0.0915313440055288,0.0
2006-04-20,0.35919786334436987,0.6408021366556305,0.0
2006-04-21,0.9189187741887597,0.08108122581124012,0.0
2006-04-24,0.8504058797019084,0.14959412029809144,0.0
2006-04-25,0.9356445603307225,0.06435543966927725,0.0
2006-04-26,0.930386572902885,0.06961342709711502,0.0
2006-04-27,0.6776681595266747,0.3223318404733253,0.0
2006-04-28,0.8428587519991272,0.15714124800087276,0.0
2006-05-01,0.9351580615112467,0.06484193848875319,0.0
2006-05-02,0.9273937179842828,0.07260628201571677,0.0
2006-05-03,0.9185070388290427,0.08149296117095724,0.0
2006-05-04,0.9301174917772679,0.06988250822273194,0.0
2006-05-05,0.8836640642404591,0.11633593575954056,0.0
2006-05-08,0.929016822508282,0.07098317749171812,0.0
2006-05-09,0.8725014700627257,0.12749852993727404,0.0
2006-05-10,0.9307491899750711,0.0692508100249286,0.0
2006-05-11,0.8557861229412811,0.14421387705871885,0.0
2006-05-12,0.6871436275132327,0.3128563724867672,0.0
2006-05-15,0.5329521708759292,0.4670478291240707,0.0
2006-05-16,0.9204989712305457,0.07950102876945424,0.0
2006-05-17,0.6740899861723288,0.3259100138276712,0.0
2006-05-18,0.8751199711240748,0.12488002887592506,0.0
2006-05-19,0.9079332324091632,0.09206676759083629,0.0
2006-05-22,0.7468160030396077,0.25318399696039184,0.0
2006-05-23,0.9157189740663794,0.08428102593362043,0.0
2006-05-24,0.8104835671745022,0.18951643282549746,0.0
2006-05-25,0.8385847272343314,0.16141527276566836,0.0
2006-05-26,0.8649260162148904,0.13507398378510949,0.0
2006-05-30,0.7299680807111415,0.2700319192888586,0.0
2006-05-31,0.9162923859340324,0.08370761406596783,0.0
2006-06-01,0.9002732267557286,0.09972677324427129,0.0
2006-06-02,0.9030076763424578,0.09699232365754219,0.0
2006-06-05,0.8206501623675704,0.17934983763242987,0.0
2006-06-06,0.7932399607921892,0.20676003920781075,0.0
2006-06-07,0.8990748198508903,0.10092518014910994,0.0
2006-06-08,0.6890385188984456,0.31096148110155475,0.0
2006-06-09,0.9264044942195448,0.07359550578045533,0.0
2006-06-12,0.8589543118884013,0.1410456881115987,0.0
2006-06-13,0.39755494932185903,0.602445050678141,0.0
2006-06-14,0.9263984673941115,0.07360153260588799,0.0
2006-06-15,0.4584937469210786,0.5415062530789214,0.0
2006-06-16,0.9362785853906577,0.0637214146093425,0.0
2006-06-19,0.897636390117165,0.10236360988283522,0.0
2006-06-20,0.9259468128506017,0.07405318714939826,0.0
2006-06-21,0.8859641837734827,0.11403581622651722,0.0
2006-06-22,0.9297534245387176,0.0702465754612826,0.0
2006-06-23,0.9209982293295068,0.07900177067049266,0.0
2006-06-26,0.9418722584941449,0.05812774150585496,0.0
2006-06-27,0.8801338854334038,0.11986611456659624,0.0
2006-06-28,0.9375262202443221,0.06247377975567823,0.0
2006-06-29,0.45668684673951165,0.5433131532604886,0.0
2006-06-30,0.6468008675486667,0.35319913245133366,0.0
2006-07-03,0.8661639450016667,0.13383605499833312,0.0
2006-07-05,0.8578500697308377,0.14214993026916178,0.0
2006-07-06,0.9445315721982219,0.05546842780177844,0.0
2006-07-07,0.8655990404675492,0.1344009595324508,0.0
2006-07-10,0.9379500137512563,0.06204998624874375,0.0
2006-07-11,0.9255159054410328,0.07448409455896712,0.0
2006-07-12,0.9095902069184832,0.09040979308151671,0.0
2006-07-13,0.7069401155799521,0.29305988442004804,0.0
2006-07-14,0.7494343831210382,0.25056561687896195,0.0
2006-07-17,0.866534994326876,0.13346500567312386,0.0
2006-07-18,0.9208187428895036,0.07918125711049655,0.0
2006-07-19,0.7520717656116915,0.24792823438830863,0.0
2006-07-20,0.6349474958692461,0.3650525041307541,0.0
2006-07-21,0.8346583800967888,0.16534161990321106,0.0
2006-07-24,0.8156776899757714,0.1843223100242283,0.0
2006-07-25,0.908522855450032,0.0914771445499676,0.0
2006-07-26,0.9370650861990921,0.06293491380090813,0.0
2006-07-27,0.555785425036126,0.44421457496387384,0.0
2006-07-28,0.9040861157368522,0.09591388426314751,0.0
2006-07-31,0.9331913350622698,0.06680866493773055,0.0
2006-08-01,0.8133994087069333,0.18660059129306647,0.0
2006-08-02,0.9289185314384726,0.07108146856152764,0.0
2006-08-03,0.9166769065141445,0.08332309348585541,0.0
2006-08-04,0.908499051030255,0.09150094896974503,0.0
2006-08-07,0.8680578575099096,0.13194214249009062,0.0
2006-08-08,0.9322839830970411,0.0677160169029588,0.0
2006-08-09,0.9350575025671019,0.06494249743289793,0.0
2006-08-10,0.9227023936229628,0.07729760637703652,0.0
2006-08-11,0.9113410479599766,0.08865895204002329,0.0
2006-08-14,0.9145768106756613,0.08542318932433877,0.0
2006-08-15,0.9133135200879945,0.08668647991200577,0.0
2006-08-16,0.9259222850919094,0.07407771490809019,0.0
2006-08-17,0.904721993834842,0.09527800616515839,0.0
2006-08-18,0.9429857207443618,0.0570142792556382,0.0
2006-08-21,0.7316530139176443,0.2683469860823556,0.0
2006-08-22,0.9418681064279981,0.0581318935720017,0.0
2006-08-23,0.9317577777398174,0.0682422222601826,0.0
2006-08-24,0.9248175809705679,0.07518241902943204,0.0
2006-08-25,0.937247876070052,0.06275212392994817,0.0
2006-08-28,0.9060271903801118,0.09397280961988859,0.0
2006-08-29,0.9384994703895151,0.061500529610484814,0.0
2006-08-30,0.939999908737217,0.06000009126278351,0.0
2006-08-31,0.9423822416815991,0.057617758318400956,0.0
2006-09-01,0.9368381081863927,0.06316189181360711,0.0
2006-09-05,0.8924553324337262,0.10754466756627372,0.0
2006-09-06,0.8884544759778308,0.11154552402216904,0.0
2006-09-07,0.8503869101387531,0.1496130898612474,0.0
2006-09-08,0.8972768388667693,0.10272316113323081,0.0
2006-09-11,0.30356315986522403,0.6964368401347758,0.0
2006-09-12,0.9044730186000054,0.09552698139999496,0.0
2006-09-13,0.9411422981557369,0.05885770184426318,0.0
2006-09-14,0.7627740599615646,0.2372259400384354,0.0
2006-09-15,0.9361801687648823,0.06381983123511778,0.0
2006-09-18,0.9183536136460729,0.08164638635392718,0.0
2006-09-19,0.7437274926149263,0.2562725073850738,0.0
2006-09-20,0.9350158130871599,0.06498418691284027,0.0
2006-09-21,0.9429523464278755,0.05704765357212421,0.0
2006-09-22,0.8565175841946235,0.14348241580537652,0.0
2006-09-25,0.9368194116038229,0.06318058839617735,0.0
2006-09-26,0.8885333808977679,0.11146661910223196,0.0
2006-09-27,0.9307215154938797,0.06927848450611966,0.0
2006-09-28,0.9370493080964108,0.06295069190358893,0.0
2006-09-29,0.9351145231437474,0.06488547685625251,0.0
2006-10-02,0.9358387371953667,0.06416126280463322,0.0
2006-10-03,0.3100250995916452,0.6899749004083551,0.0
2006-10-04,0.9362512739579902,0.06374872604200972,0.0
2006-10-05,0.9235563455519795,0.07644365444802027,0.0
2006-10-06,0.9218947396999029,0.07810526030009739,0.0
2006-10-09,0.9407773303821456,0.05922266961785454,0.0
2006-10-10,0.9222829605843981,0.07771703941560178,0.0
2006-10-11,0.9160001971608018,0.08399980283919833,0.0
2006-10-12,0.9212560320628842,0.07874396793711635,0.0
2006-10-13,0.9144652306815546,0.08553476931844523,0.0
2006-10-16,0.9423154116120923,0.057684588387907576,0.0
2006-10-17,0.9069483847490263,0.09305161525097375,0.0
2006-10-18,0.9193025032733664,0.0806974967266336,0.0
2006-10-19,0.9147170132273764,0.08528298677262397,0.0
2006-10-20,0.9163752542300146,0.08362474576998483,0.0
2006-10-23,0.9265047053182288,0.07349529468177125,0.0
2006-10-24,0.9428083550352765,0.0571916449647238,0.0
2006-10-25,0.9332383677863849,0.0667616322136152,0.0
2006-10-26,0.923069817046058,0.07693018295394208,0.0
2006-10-27,0.8963474919281745,0.10365250807182527,0.0
2006-10-30,0.9185311551721839,0.08146884482781618,0.0
2006-10-31,0.9137290575095399,0.08627094249045986,0.0
2006-11-01,0.9350244812237098,0.06497551877628996,0.0
2006-11-02,0.9416391600387596,0.058360839961240134,0.0
2006-11-03,0.9266743953659973,0.0733256046340027,0.0
2006-11-06,0.8692934852341302,0.13070651476587,0.0
2006-11-07,0.9323653156101125,0.06763468438988766,0.0
2006-11-08,0.9368512254568748,0.06314877454312537,0.0
2006-11-09,0.7794876056447355,0.22051239435526482,0.0
2006-11-10,0.8022215566616773,0.19777844333832287,0.0
2006-11-13,0.9422491354100085,0.05775086458999159,0.0
2006-11-14,0.9355822727171477,0.06441772728285226,0.0
2006-11-15,0.9426464860670137,0.057353513932986544,0.0
2006-11-16,0.8415830312492375,0.15841696875076267,0.0
2006-11-17,0.93996735525417,0.060032644745830546,0.0
2006-11-20,0.9399057560175861,0.06009424398241402,0.0
2006-11-21,0.9129488872545026,0.08705111274549725,0.0
2006-11-22,0.929299295526351,0.07070070447364904,0.0
2006-11-27,0.8212442948382581,0.17875570516174202,0.0
2006-11-28,0.9442181664195504,0.05578183358044949,0.0
2006-11-29,0.8835756529013317,0.11642434709866852,0.0
2006-11-30,0.9123574243657411,0.08764257563425887,0.0
2006-12-01,0.9147872114233218,0.08521278857667797,0.0
2006-12-04,0.9102099320598246,0.08979006794017551,0.0
2006-12-05,0.9309616626555878,0.06903833734441232,0.0
2006-12-06,0.9225988073485697,0.0774011926514305,0.0
2006-12-07,0.9441091791663133,0.05589082083368667,0.0
2006-12-08,0.9309912278262802,0.06900877217372003,0.0
2006-12-11,0.9363152742826892,0.06368472571731085,0.0
2006-12-12,0.9369997084771468,0.06300029152285327,0.0
2006-12-13,0.9405015704184855,0.059498429581514224,0.0
2006-12-14,0.9275091514708708,0.07249084852912943,0.0
2006-12-15,0.9365441596619544,0.0634558403380457,0.0
2006-12-18,0.9332283641558451,0.06677163584415538,0.0
2006-12-19,0.9311967499211116,0.06880325007888823,0.0
2006-12-20,0.9183178095454215,0.08168219045457828,0.0
2006-12-21,0.9299476814766778,0.07005231852332235,0.0
2006-12-22,0.9366072571861535,0.06339274281384696,0.0
2006-12-26,0.9451670706463264,0.05483292935367332,0.0
2006-12-27,0.9171024180095916,0.0828975819904082,0.0
2006-12-28,0.9457492745684342,0.054250725431566095,0.0
2006-12-29,0.9373293419975264,0.06267065800247366,0.0
2007-01-03,0.7937805347399803,0.2062194652600197,0.0
2007-01-04,0.9302157193132705,0.06978428068672957,0.0
2007-01-05,0.9045820402506504,0.09541795974934962,0.0
2007-01-08,0.9428558977968035,0.05714410220319681,0.0
2007-01-09,0.9418952539269121,0.05810474607308804,0.0
2007-01-10,0.9318647860177851,0.06813521398221473,0.0
2007-01-11,0.9243972959383419,0.07560270406165821,0.0
2007-01-12,0.9275651475375565,0.07243485246244377,0.0
2007-01-17,0.9445830643283311,0.05541693567166854,0.0
2007-01-18,0.9307849361169247,0.06921506388307568,0.0
2007-01-19,0.9441962594902307,0.05580374050976957,0.0
2007-01-22,0.9373983100063267,0.06260168999367352,0.0
2007-01-23,0.8908054524243534,0.1091945475756468,0.0
2007-01-24,0.9225902926894461,0.07740970731055362,0.0
2007-01-25,0.9173146076828329,0.08268539231716662,0.0
2007-01-26,0.9352628102699692,0.06473718973003087,0.0
2007-01-29,0.9205966669876526,0.0794033330123477,0.0
2007-01-30,0.9362331425279763,0.06376685747202397,0.0
2007-01-31,0.9462722031634112,0.053727796836589646,0.0
2007-02-01,0.9258651081590781,0.07413489184092201,0.0
2007-02-02,0.9388493206388889,0.06115067936111145,0.0
2007-02-05,0.9425767312876694,0.057423268712330625,0.0
2007-02-06,0.9474721595334751,0.052527840466524665,0.0
2007-02-07,0.94093592069449,0.05906407930551034,0.0
2007-02-08,0.9326049949993581,0.0673950050006422,0.0
2007-02-09,0.9426753764339479,0.0573246235660518,0.0
2007-02-12,0.9151531774794028,0.08484682252059744,0.0
2007-02-13,0.9421224183365617,0.05787758166343809,0.0
2007-02-14,0.9102173274885906,0.08978267251140973,0.0
2007-02-15,0.947282780816586,0.05271721918341365,0.0
2007-02-16,0.942825251120699,0.05717474887930085,0.0
2007-02-20,0.9355481325975428,0.06445186740245742,0.0
2007-02-21,0.8575612263948033,0.14243877360519694,0.0
2007-02-22,0.9480128438029324,0.05198715619706786,0.0
2007-02-23,0.9467204778779779,0.05327952212202227,0.0
2007-02-26,0.9486102495726426,0.0513897504273574,0.0
2007-02-27,0.011826784134463928,0.9881732158655364,0.0
2007-02-28,0.8685329163870668,0.13146708361293308,0.0
2007-03-01,0.9171358411675861,0.08286415883241366,0.0
2007-03-02,0.8741606877244059,0.12583931227559425,0.0
2007-03-05,0.757412304673211,0.24258769532678892,0.0
2007-03-06,0.8795033577201036,0.12049664227989658,0.0
2007-03-07,0.9504946235383486,0.04950537646165138,0.0
2007-03-08,0.9255582077590814,0.07444179224091872,0.0
2007-03-09,0.9409023193416681,0.05909768065833167,0.0
2007-03-12,0.9466291107314779,0.05337088926852166,0.0
2007-03-13,0.7268711799983938,0.2731288200016064,0.0
2007-03-14,0.8703323685105756,0.12966763148942467,0.0
2007-03-15,0.9146729460255247,0.08532705397447508,0.0
2007-03-16,0.9452075136835868,0.054792486316413445,0.0
2007-03-19,0.9052952421806161,0.09470475781938367,0.0
2007-03-20,0.9452825370680703,0.054717462931929764,0.0
2007-03-21,0.926417649076525,0.07358235092347538,0.0
2007-03-22,0.8992986007606396,0.1007013992393602,0.0
2007-03-23,0.9461806047692557,0.053819395230744325,0.0
2007-03-26,0.9480062185829773,0.05199378141702284,0.0
2007-03-27,0.9385060379157029,0.06149396208429699,0.0
2007-03-28,0.9268236708042599,0.0731763291957397,0.0
2007-03-29,0.9439385623591192,0.056061437640880486,0.0
2007-03-30,0.9476326460413753,0.05236735395862473,0.0
2007-04-02,0.9470256342310932,0.0529743657689065,0.0
2007-04-03,0.9182894052364355,0.08171059476356443,0.0
2007-04-04,0.9511498951224209,0.04885010487757878,0.0
2007-04-05,0.9482612839832643,0.05173871601673567,0.0
2007-04-09,0.9444465656346519,0.05555343436534797,0.0
2007-04-10,0.9509902417530502,0.049009758246949676,0.0
2007-04-11,0.9422601515659246,0.057739848434075425,0.0
2007-04-12,0.9491290097401258,0.05087099025987427,0.0
2007-04-13,0.9397743898194004,0.06022561018059982,0.0
2007-04-16,0.9089058961055703,0.09109410389442921,0.0
2007-04-17,0.941171407854808,0.058828592145192114,0.0
2007-04-18,0.9406610918004847,0.05933890819951536,0.0
2007-04-19,0.9162264421571449,0.08377355784285485,0.0
2007-04-20,0.9347395453998375,0.06526045460016243,0.0
2007-04-23,0.9437899640600964,0.05621003593990333,0.0
2007-04-24,0.9284283648961328,0.0715716351038671,0.0
2007-04-25,0.9455458123034806,0.05445418769651911,0.0
2007-04-26,0.9215345154533446,0.07846548454665533,0.0
2007-04-27,0.9484165321260354,0.05158346787396449,0.0
2007-04-30,0.9206074438856252,0.07939255611437517,0.0
2007-05-01,0.9461894789555089,0.05381052104449104,0.0
2007-05-02,0.9172093939375502,0.08279060606244978,0.0
2007-05-03,0.9474469208003582,0.05255307919964165,0.0
2007-05-04,0.9498939387803721,0.05010606121962789,0.0
2007-05-07,0.9459880869937433,0.05401191300625642,0.0
2007-05-08,0.9384322936975271,0.06156770630247297,0.0
2007-05-09,0.9479802315440284,0.05201976845597223,0.0
2007-05-10,0.8996020204035745,0.10039797959642582,0.0
2007-05-11,0.9478228763202089,0.05217712367979076,0.0
2007-05-14,0.9387243061220137,0.06127569387798601,0.0
2007-05-15,0.9504604201747118,0.04953957982528835,0.0
2007-05-16,0.9452705304809804,0.05472946951901969,0.0
2007-05-17,0.9443748283703712,0.055625171629628614,0.0
2007-05-18,0.9470771880420943,0.0529228119579058,0.0
2007-05-21,0.9523322115317505,0.04766778846824947,0.0
2007-05-22,0.9234217484463549,0.07657825155364492,0.0
2007-05-23,0.9502438324696859,0.04975616753031413,0.0
2007-05-24,0.9135973869574571,0.08640261304254335,0.0
2007-05-25,0.9533637237053922,0.04663627629460773,0.0
2007-05-29,0.9435577962325816,0.056442203767418396,0.0
2007-05-30,0.9527848950235074,0.047215104976492554,0.0
2007-05-31,0.9437424946960185,0.05625750530398186,0.0
2007-06-01,0.9397560493192216,0.06024395068077833,0.0
2007-06-04,0.951554681113701,0.04844531888629867,0.0
2007-06-05,0.9429995199991739,0.057000480000826234,0.0
2007-06-06,0.8986560696913312,0.10134393030866917,0.0
2007-06-07,0.8378721626964557,0.16212783730354408,0.0
2007-06-08,0.9032762339788647,0.09672376602113557,0.0
2007-06-11,0.9535068313990017,0.04649316860099839,0.0
2007-06-12,0.9287247982357135,0.07127520176428673,0.0
2007-06-13,0.9442631196734761,0.05573688032652396,0.0
2007-06-14,0.9404539160572831,0.0595460839427165,0.0
2007-06-15,0.94384711012842,0.056152889871579716,0.0
2007-06-18,0.9488645414195324,0.051135458580467655,0.0
2007-06-19,0.9351888682778368,0.06481113172216306,0.0
2007-06-20,0.9324665078857393,0.06753349211426034,0.0
2007-06-21,0.949234386681551,0.05076561331844911,0.0
2007-06-22,0.9224624252291049,0.07753757477089473,0.0
2007-06-25,0.9237125834101372,0.07628741658986278,0.0
2007-06-26,0.9158287832049092,0.0841712167950906,0.0
2007-06-27,0.9511615174829033,0.04883848251709662,0.0
2007-06-28,0.9486140566910803,0.051385943308919615,0.0
2007-06-29,0.9537156283152892,0.04628437168471073,0.0
2007-07-02,0.9375489883085806,0.06245101169141941,0.0
2007-07-03,0.9459002429390339,0.05409975706096587,0.0
2007-07-05,0.9462911560596087,0.05370884394039098,0.0
2007-07-06,0.9319693671075105,0.06803063289248958,0.0
2007-07-09,0.9530417954127234,0.0469582045872766,0.0
2007-07-10,0.81394661786213,0.18605338213787007,0.0
2007-07-11,0.9486100479168161,0.05138995208318341,0.0
2007-07-12,0.8688136212452029,0.13118637875479716,0.0
2007-07-13,0.9528472345180299,0.04715276548196997,0.0
2007-07-16,0.9181594871797859,0.0818405128202144,0.0
2007-07-17,0.9476219842774588,0.0523780157225416,0.0
2007-07-18,0.8366429559527896,0.16335704404721046,0.0
2007-07-19,0.944193653403947,0.05580634659605286,0.0
2007-07-20,0.8816056200777409,0.11839437992225903,0.0
2007-07-23,0.9299934807160553,0.07000651928394457,0.0
2007-07-24,0.824442222308266,0.1755577776917338,0.0
2007-07-25,0.9402193647575319,0.05978063524246864,0.0
2007-07-26,0.5245040622490942,0.4754959377509057,0.0
2007-07-27,0.7640555217986481,0.235944478201352,0.0
2007-07-30,0.9281199581148227,0.07188004188517744,0.0
2007-07-31,0.9514244534793684,0.048575546520631396,0.0
2007-08-01,0.9195291913578293,0.08047080864217077,0.0
2007-08-02,0.9485746093950997,0.05142539060490024,0.0
2007-08-03,0.7751484639999611,0.22485153600003874,0.0
2007-08-06,0.9063363150404594,0.0936636849595405,0.0
2007-08-07,0.9480510466783866,0.05194895332161372,0.0
2007-08-08,0.8307051048619557,0.16929489513804472,0.0
2007-08-09,0.7089752397722083,0.291024760227792,0.0
2007-08-10,0.7701276786412435,0.2298723213587566,0.0
2007-08-13,0.9479608892641438,0.05203911073585581,0.0
2007-08-14,0.8408408461449839,0.15915915385501628,0.0
2007-08-15,0.7593621405983072,0.24063785940169255,0.0
2007-08-16,0.15188516985010092,0.8481148301498992,0.0
2007-08-17,0.9033227852213404,0.09667721477865954,0.0
2007-08-20,0.9000777527719956,0.09992224722800448,0.0
2007-08-21,0.9531177195832636,0.04688228041673624,0.0
2007-08-22,0.8967061280738353,0.1032938719261646,0.0
2007-08-23,0.9500555840625772,0.04994441593742218,0.0
2007-08-24,0.9483184260463441,0.05168157395365588,0.0
2007-08-27,0.9383034058915494,0.061696594108450485,0.0
2007-08-28,0.7697952438012265,0.23020475619877337,0.0
2007-08-29,0.9258601750467378,0.0741398249532623,0.0
2007-08-30,0.9556126622051858,0.04438733779481452,0.0
2007-08-31,0.9013498708639671,0.0986501291360331,0.0
2007-09-04,0.9390736492619766,0.0609263507380234,0.0
2007-09-05,0.8418883345708881,0.1581116654291117,0.0
2007-09-06,0.6467570880479794,0.3532429119520209,0.0
2007-09-07,0.7361951871817649,0.2638048128182351,0.0
2007-09-10,0.929647149735942,0.07035285026405816,0.0
2007-09-11,0.9039851419548564,0.0960148580451434,0.0
2007-09-12,0.9562008612159841,0.04379913878401555,0.0
2007-09-13,0.9390930582992748,0.0609069417007254,0.0
2007-09-14,0.953030943869636,0.04696905613036363,0.0
2007-09-17,0.9275938278626124,0.07240617213738773,0.0
2007-09-18,0.8236857371035493,0.17631426289645047,0.0
2007-09-19,0.8302422688398909,0.16975773116010912,0.0
2007-09-20,0.9073357188398917,0.09266428116010801,0.0
2007-09-21,0.9505721834128549,0.04942781658714538,0.0
2007-09-24,0.950938572908894,0.04906142709110604,0.0
2007-09-25,0.9383493833815514,0.06165061661844855,0.0
2007-09-26,0.9423966334772764,0.05760336652272382,0.0
2007-09-27,0.9532398108220164,0.04676018917798354,0.0
2007-09-28,0.9416009000102161,0.05839909998978419,0.0
2007-10-01,0.9380572692001552,0.06194273079984449,0.0
2007-10-02,0.9149375476588976,0.08506245234110238,0.0
2007-10-03,0.9498233106990168,0.05017668930098311,0.0
2007-10-04,0.9546760062400503,0.04532399375994978,0.0
2007-10-05,0.9218096198935438,0.07819038010645582,0.0
2007-10-08,0.9276422700755983,0.07235772992440216,0.0
2007-10-09,0.9467352749125613,0.05326472508743859,0.0
2007-10-10,0.9550790700673545,0.044920929932645196,0.0
2007-10-11,0.9581329000067921,0.041867099993207715,0.0
2007-10-12,0.9527890472625133,0.04721095273748664,0.0
2007-10-15,0.9350965091902742,0.06490349080972578,0.0
2007-10-16,0.9141860935595639,0.08581390644043602,0.0
2007-10-17,0.9330347920822899,0.06696520791770992,0.0
2007-10-18,0.943378523666758,0.056621476333241993,0.0
2007-10-19,0.7631833893446924,0.23681661065530757,0.0
2007-10-22,0.9085361184093941,0.09146388159060564,0.0
2007-10-23,0.9097664667636904,0.09023353323630964,0.0
2007-10-24,0.9469362358088718,0.053063764191128106,0.0
2007-10-25,0.9586855767868313,0.04131442321316897,0.0
2007-10-26,0.9206762312600191,0.07932376873998107,0.0
2007-10-29,0.952116807411536,0.04788319258846396,0.0
2007-10-30,0.9240199623211653,0.07598003767883502,0.0
2007-10-31,0.8928642278331942,0.10713577216680556,0.0
2007-11-01,0.8145069351897787,0.18549306481022146,0.0
2007-11-02,0.9113460853003656,0.08865391469963436,0.0
2007-11-05,0.9379282652243135,0.06207173477568604,0.0
2007-11-06,0.9381074377860698,0.06189256221393037,0.0
2007-11-07,0.8205224764513711,0.17947752354862878,0.0
2007-11-08,0.9488434405248117,0.05115655947518847,0.0
2007-11-09,0.8011252192106056,0.19887478078939447,0.0
2007-11-12,0.07212589295095038,0.9278741070490494,0.0
2007-11-13,0.8389845796353306,0.16101542036466907,0.0
2007-11-14,0.959368348071312,0.04063165192868786,0.0
2007-11-15,0.83031692453686,0.16968307546313985,0.0
2007-11-16,0.9575383820060417,0.04246161799395865,0.0
2007-11-19,0.7458011367392731,0.2541988632607269,0.0
2007-11-20,0.9231465842248486,0.07685341577515142,0.0
2007-11-21,0.7414908351736733,0.2585091648263266,0.0
2007-11-23,0.9147731706775051,0.08522682932249481,0.0
2007-11-26,0.8307680287508384,0.16923197124916134,0.0
2007-11-27,0.9305790174962538,0.0694209825037461,0.0
2007-11-28,0.24388303480824933,0.7561169651917506,0.0
2007-11-29,0.9549815516315819,0.04501844836841777,0.0
2007-11-30,0.9200862882619825,0.07991371173801756,0.0
2007-12-03,0.9513054840098851,0.048694515990115,0.0
2007-12-04,0.9246930373752595,0.07530696262474033,0.0
2007-12-05,0.9005543504934364,0.09944564950656305,0.0
2007-12-06,0.9329526341446286,0.0670473658553714,0.0
2007-12-07,0.9542895046433649,0.04571049535663525,0.0
2007-12-10,0.9557528225160645,0.044247177483935245,0.0
2007-12-11,0.7032986848869888,0.2967013151130113,0.0
2007-12-12,0.9378112750501074,0.062188724949893026,0.0
2007-12-13,0.8924497978822792,0.1075502021177207,0.0
2007-12-14,0.895413899910998,0.10458610008900251,0.0
2007-12-17,0.7942641062029571,0.2057358937970426,0.0
2007-12-18,0.9586111774480877,0.04138882255191212,0.0
2007-12-19,0.9545650463745977,0.04543495362540237,0.0
2007-12-20,0.9576323654666696,0.042367634533330714,0.0
2007-12-21,0.847454826139967,0.15254517386003313,0.0
2007-12-24,0.9569709769197108,0.04302902308028971,0.0
2007-12-26,0.9568434594528415,0.04315654054715814,0.0
2007-12-27,0.944928270908229,0.05507172909177145,0.0
2007-12-28,0.8666946059781863,0.13330539402181357,0.0
2007-12-31,0.9441490156014579,0.055850984398541616,0.0
2008-01-02,0.09882218966084781,0.9011778103391521,0.0
2008-01-03,0.9487527575472166,0.0512472424527836,0.0
2008-01-04,0.6200100236346489,0.3799899763653511,0.0
2008-01-07,0.9436488702635699,0.05635112973642979,0.0
2008-01-08,0.8834875842358365,0.11651241576416368,0.0
2008-01-09,0.9569445264705237,0.04305547352947592,0.0
2008-01-10,0.9537907095261968,0.04620929047380305,0.0
2008-01-11,0.9246704471064765,0.07532955289352364,0.0
2008-01-14,0.9533144921674207,0.04668550783257961,0.0
2008-01-15,0.5665245655128912,0.4334754344871087,0.0
2008-01-16,0.7916954533057674,0.20830454669423237,0.0
2008-01-17,0.8718803312072844,0.12811966879271558,0.0
2008-01-18,0.9475163318202332,0.052483668179766685,0.0
2008-01-22,0.8950235364291267,0.10497646357087317,0.0
2008-01-23,0.8200242193587377,0.17997578064126202,0.0
2008-01-24,0.20959778909223448,0.7904022109077655,0.0
2008-01-25,0.9537915912013221,0.0462084087986777,0.0
2008-01-28,0.9577989874452711,0.04220101255472925,0.0
2008-01-29,0.9346242860686989,0.06537571393130145,0.0
2008-01-30,0.9546247857507943,0.045375214249205674,0.0
2008-01-31,0.8777490793649335,0.12225092063506653,0.0
2008-02-01,0.8633835612194491,0.13661643878055088,0.0
2008-02-04,0.9377419496989811,0.062258050301019205,0.0
2008-02-05,0.17784356641655127,0.8221564335834487,0.0
2008-02-06,0.9509090670151886,0.04909093298481169,0.0
2008-02-07,0.910447876007479,0.08955212399252113,0.0
2008-02-08,0.9128604484717457,0.08713955152825452,0.0
2008-02-11,0.9580366245030486,0.041963375496951574,0.0
2008-02-12,0.4801341282581287,0.5198658717418713,0.0
2008-02-13,0.9537239284810741,0.04627607151892582,0.0
2008-02-14,0.9204762749012863,0.07952372509871408,0.0
2008-02-15,0.9520950888505334,0.047904911149466656,0.0
2008-02-19,0.8015790352130165,0.19842096478698346,0.0
2008-02-20,0.9344476959444469,0.06555230405555292,0.0
2008-02-21,0.9533411523673896,0.04665884763261038,0.0
2008-02-22,0.9588585938229075,0.04114140617709243,0.0
2008-02-25,0.8962125983550981,0.10378740164490216,0.0
2008-02-26,0.9592884075844565,0.04071159241554304,0.0
2008-02-27,0.9360794860470143,0.06392051395298536,0.0
2008-02-28,0.795085230691446,0.2049147693085538,0.0
2008-02-29,0.45742627651187107,0.5425737234881286,0.0
2008-03-03,0.8378322791523385,0.1621677208476618,0.0
2008-03-04,0.8958822777731144,0.10411772222688571,0.0
2008-03-05,0.8412243809539708,0.158775619046029,0.0
2008-03-06,0.897608364825482,0.1023916351745175,0.0
2008-03-07,0.9079924368742633,0.09200756312573669,0.0
2008-03-10,0.7727530869108852,0.22724691308911513,0.0
2008-03-11,0.09633502762611465,0.9036649723738854,0.0
2008-03-12,0.9519898190696603,0.048010180930339645,0.0
2008-03-13,0.760065690600398,0.2399343093996023,0.0
2008-03-14,0.8309834201579006,0.16901657984209933,0.0
2008-03-17,0.04703407565491016,0.9529659243450894,0.0
2008-03-18,0.05000855369252116,0.9499914463074791,0.0
2008-03-19,0.08472300195776918,0.915276998042231,0.0
2008-03-20,0.8473454378604016,0.15265456213959844,0.0
2008-03-24,0.9215202883144906,0.07847971168550966,0.0
2008-03-25,0.8103214477900542,0.18967855220994562,0.0
2008-03-26,0.9509427512826167,0.04905724871738331,0.0
2008-03-27,0.9554433126209784,0.044556687379021916,0.0
2008-03-28,0.949042373552732,0.05095762644726838,0.0
2008-03-31,0.926282437281043,0.07371756271895719,0.0
2008-04-01,0.05083604794964889,0.949163952050351,0.0
2008-04-02,0.9235627274405871,0.07643727255941288,0.0
2008-04-03,0.9590608655142081,0.04093913448579178,0.0
2008-04-04,0.9512890948917274,0.048710905108272654,0.0
2008-04-07,0.9592398743396874,0.04076012566031266,0.0
2008-04-08,0.946899934774969,0.05310006522503089,0.0
2008-04-09,0.8724976395875927,0.1275023604124074,0.0
2008-04-10,0.9493570582282089,0.05064294177179106,0.0
2008-04-11,0.9115305499424426,0.08846945005755713,0.0
2008-04-14,0.9499648037813408,0.05003519621865932,0.0
2008-04-15,0.9529269533585307,0.04707304664146909,0.0
2008-04-16,0.6256420521748127,0.37435794782518717,0.0
2008-04-17,0.9497004587696101,0.050299541230389974,0.0
2008-04-18,0.4547406576562311,0.5452593423437693,0.0
2008-04-21,0.8900670848537426,0.10993291514625736,0.0
2008-04-22,0.9463971182741572,0.05360288172584278,0.0
2008-04-23,0.9225006179056485,0.07749938209435127,0.0
2008-04-24,0.8356911674768004,0.16430883252319953,0.0
2008-04-25,0.9500184723797526,0.049981527620247206,0.0
2008-04-28,0.9581002887339014,0.04189971126609859,0.0
2008-04-29,0.8349158815822777,0.16508411841772191,0.0
2008-04-30,0.9223767730888686,0.07762322691113148,0.0
2008-05-01,0.8760357014742377,0.12396429852576238,0.0
2008-05-02,0.8871231955430388,0.11287680445696142,0.0
2008-05-05,0.9775965203729495,0.022403479627050617,0.0
2008-05-06,0.9891656016122609,0.010834398387739202,0.0
2008-05-07,0.963344094091232,0.03665590590876784,0.0
2008-05-08,0.8930809573560017,0.10691904264399824,0.0
2008-05-09,0.9538420177023349,0.04615798229766523,0.0
2008-05-12,0.9836317349766365,0.016368265023363776,0.0
2008-05-13,0.976176056764035,0.023823943235965057,0.0
2008-05-14,0.9725793366218206,0.02742066337817912,0.0
2008-05-15,0.9464553566014714,0.05354464339852844,0.0
2008-05-16,0.9833368269291836,0.016663173070816734,0.0
2008-05-19,0.9887857805548583,0.011214219445141635,0.0
2008-05-20,0.8827741413315634,0.11722585866843675,0.0
2008-05-21,0.9063363713508075,0.09366362864919228,0.0
2008-05-22,0.9731867703607857,0.02681322963921425,0.0
2008-05-23,0.9540251415786773,0.04597485842132271,0.0
2008-05-27,0.9603693865235815,0.03963061347641832,0.0
2008-05-28,0.98870138886336,0.011298611136640066,0.0
2008-05-29,0.5170380017596734,0.4829619982403264,0.0
2008-05-30,0.9879375408334662,0.012062459166533878,0.0
2008-06-02,0.9822899927849529,0.017710007215047518,0.0
2008-06-03,0.988745224654231,0.011254775345769167,0.0
2008-06-04,0.9880516146698433,0.011948385330156554,0.0
2008-06-05,0.9548227532707727,0.04517724672922711,0.0
2008-06-06,0.1925438257042102,0.8074561742957898,0.0
2008-06-09,0.968240155721943,0.03175984427805676,0.0
2008-06-10,0.4557545092981569,0.544245490701843,0.0
2008-06-11,0.7172635816487826,0.2827364183512174,0.0
2008-06-12,0.9023732189620872,0.09762678103791281,0.0
2008-06-13,0.9766601459008492,0.023339854099150917,0.0
2008-06-16,0.9912392859535304,0.008760714046469279,0.0
2008-06-17,0.992859335988691,0.007140664011308924,0.0
2008-06-18,0.9666491013808857,0.03335089861911435,0.0
2008-06-19,0.9773303391542456,0.022669660845754662,0.0
2008-06-20,0.8279519658794248,0.17204803412057548,0.0
2008-06-23,0.9841201481591246,0.015879851840875384,0.0
2008-06-24,0.9870355469598652,0.012964453040134752,0.0
2008-06-25,0.9909606080768925,0.009039391923107813,0.0
2008-06-26,0.005776874551116498,0.9942231254488834,0.0
2008-06-27,0.9129983529624903,0.08700164703750975,0.0
2008-06-30,0.9915699260450388,0.00843007395496124,0.0
2008-07-01,0.9816825359759948,0.0183174640240056,0.0
2008-07-02,0.703409466981548,0.2965905330184522,0.0
2008-07-03,0.9920965813967569,0.007903418603242817,0.0
2008-07-07,0.933440435885353,0.06655956411464677,0.0
2008-07-08,0.8304882960262423,0.1695117039737574,0.0
2008-07-09,0.9900189665882981,0.009981033411702226,0.0
2008-07-10,0.9700281724537623,0.02997182754623768,0.0
2008-07-11,0.43783717057965943,0.5621628294203407,0.0
2008-07-14,0.9151608677952915,0.08483913220470848,0.0
2008-07-15,0.5510518535450878,0.4489481464549122,0.0
2008-07-16,0.6222107754222949,0.37778922457770536,0.0
2008-07-17,0.18859114283013145,0.8114088571698683,0.0
2008-07-18,0.9515419230487453,0.04845807695125494,0.0
2008-07-21,0.9886195720232234,0.011380427976776466,0.0
2008-07-22,0.8701070300675688,0.12989296993243143,0.0
2008-07-23,0.3693660159364175,0.6306339840635826,0.0
2008-07-24,0.9156298272104705,0.08437017278952974,0.0
2008-07-25,0.9890114305538151,0.0109885694461847,0.0
2008-07-28,0.935389202761953,0.06461079723804719,0.0
2008-07-29,0.9580448327047236,0.04195516729527663,0.0
2008-07-30,0.9497481608595137,0.05025183914048627,0.0
2008-07-31,0.9821353844623033,0.01786461553769618,0.0
2008-08-01,0.9488253848101567,0.05117461518984336,0.0
2008-08-04,0.6738579378903726,0.3261420621096275,0.0
2008-08-05,0.021599556356354365,0.9784004436436455,0.0
2008-08-06,0.9141316167109007,0.08586838328909954,0.0
2008-08-07,0.9745380416646291,0.025461958335370672,0.0
2008-08-08,0.15265640064450348,0.8473435993554963,0.0
2008-08-11,0.13109851480332918,0.8689014851966708,0.0
2008-08-12,0.838076519885643,0.16192348011435698,0.0
2008-08-13,0.033160111082910414,0.9668398889170893,0.0
2008-08-14,0.8657576531338812,0.1342423468661193,0.0
2008-08-15,0.9427242174207281,0.05727578257927198,0.0
2008-08-18,0.9912238567462486,0.008776143253751522,0.0
2008-08-19,0.6956976019021435,0.3043023980978563,0.0
2008-08-20,0.9957516886684837,0.004248311331515937,0.0
2008-08-21,0.5022649692720698,0.4977350307279297,0.0
2008-08-22,0.4510504775663652,0.5489495224336348,0.0
2008-08-25,0.9929824864632459,0.007017513536753959,0.0
2008-08-26,0.9957660424529475,0.00423395754705235,0.0
2008-08-27,0.9938809929660779,0.006119007033922176,0.0
2008-08-28,0.7702250335002676,0.22977496649973245,0.0
2008-08-29,0.9943222626586758,0.005677737341324164,0.0
2008-09-02,0.35736363501788027,0.6426363649821194,0.0
2008-09-03,0.9856874227962434,0.01431257720375669,0.0
2008-09-04,0.42513128479766127,0.5748687152023386,0.0
2008-09-05,0.6797343057266508,0.32026569427334933,0.0
2008-09-08,0.0032309925033333583,0.9967690074966665,0.0
2008-09-09,0.002456920093986643,0.9975430799060131,0.0
2008-09-10,0.26449820610664543,0.7355017938933547,0.0
2008-09-11,0.9817051756205849,0.018294824379414907,0.0
2008-09-12,0.012446947229497211,0.9875530527705028,0.0
2008-09-15,8.28900341242991e-06,0.9999917109965875,0.0
2008-09-16,0.00016467694503007432,0.9998353230549698,0.0
2008-09-17,1.887770548101981e-12,0.9999999999981124,0.0
2008-09-18,0.10397288070120672,0.8960271192987932,0.0
2008-09-19,2.463772715211669e-07,0.9999997536227285,0.0
2008-09-22,2.421394105878746e-05,0.999975786058941,0.0
2008-09-23,0.9312240105978468,0.06877598940215326,0.0
2008-09-24,0.9946734725563273,0.005326527443672816,0.0
2008-09-25,0.1459939617471579,0.854006038252842,0.0
2008-09-26,0.603999348368695,0.39600065163130493,0.0
2008-09-29,2.239744671609522e-12,0.9999999999977603,0.0
2008-09-30,1.6144377889178845e-08,0.999999983855622,0.0
2008-10-01,0.9897493145726411,0.01025068542735896,0.0
2008-10-02,2.760710352169648e-10,0.9999999997239293,0.0
2008-10-03,0.9938279397449385,0.0061720602550615995,0.0
2008-10-06,5.727834651242541e-11,0.9999999999427217,0.0
2008-10-07,0.04318021252712296,0.9568197874728769,0.0
2008-10-08,4.3795871256722827e-32,1.0,0.0
2008-10-09,3.064172351746358e-06,0.9999969358276483,0.0
2008-10-10,7.015439809800268e-10,0.9999999992984563,0.0
2008-10-13,5.964845513553097e-18,1.0,0.0
2008-10-14,0.10870163367251513,0.8912983663274847,0.0
2008-10-15,1.996949378491283e-12,0.9999999999980032,0.0
2008-10-16,0.23533592402401346,0.7646640759759864,0.0
2008-10-17,0.10825890118930599,0.8917410988106941,0.0
2008-10-20,1.360448375161789e-06,0.9999986395516249,0.0
2008-10-21,0.0010760949451228917,0.9989239050548775,0.0
2008-10-22,7.156770465808928e-16,0.9999999999999993,0.0
2008-10-23,0.6000800185992591,0.399919981400741,0.0
2008-10-24,6.224403790311928e-16,0.9999999999999993,0.0
2008-10-27,1.3361387023555834e-09,0.9999999986638611,0.0
2008-10-28,1.2695326016489888e-15,0.9999999999999986,0.0
2008-10-29,5.2544260488456614e-05,0.9999474557395116,0.0
2008-10-30,3.978765546236473e-06,0.9999960212344539,0.0
2008-10-31,0.010372973763086418,0.9896270262369133,0.0
2008-11-03,0.9945038996252097,0.00549610037479029,0.0
2008-11-04,5.53703753004662e-08,0.9999999446296247,0.0
2008-11-05,0.06617881073500566,0.9338211892649939,0.0
2008-11-06,3.840587233007623e-07,0.9999996159412768,0.0
2008-11-07,0.7929273890808689,0.20707261091913148,0.0
2008-11-10,0.796713562722967,0.20328643727703288,0.0
2008-11-11,0.010630001063458919,0.9893699989365409,0.0
2008-11-12,1.4104750126777936e-05,0.9999858952498731,0.0
2008-11-13,5.32557215828338e-07,0.9999994674427841,0.0
2008-11-14,0.399835284875016,0.6001647151249841,0.0
2008-11-17,0.7013248118044458,0.298675188195554,0.0
2008-11-18,0.9942630391331398,0.0057369608668600995,0.0
2008-11-19,4.0164672766561404e-05,0.9999598353272333,0.0
2008-11-20,2.3220422466062577e-10,0.9999999997677959,0.0
2008-11-21,3.231813813828742e-32,1.0,0.0
2008-11-24,5.854278762168265e-08,0.9999999414572123,0.0
2008-11-25,0.05632223099495633,0.9436777690050432,0.0
2008-11-26,0.8597270677399278,0.14027293226007215,0.0
2008-11-28,0.9670941209688362,0.032905879031163904,0.0
2008-12-01,8.006212323575686e-13,0.9999999999991995,0.0
2008-12-02,0.0029008220404259347,0.9970991779595744,0.0
2008-12-03,0.052540512887993704,0.9474594871120061,0.0
2008-12-04,0.3957028831023174,0.6042971168976823,0.0
2008-12-05,0.04206104580927521,0.9579389541907247,0.0
2008-12-08,4.935102508955959e-05,0.9999506489749104,0.0
2008-12-09,0.9846338137429905,0.015366186257009487,0.0
2008-12-10,0.00670325116281148,0.9932967488371884,0.0
2008-12-11,0.23897980050349715,0.7610201994965025,0.0
2008-12-12,0.6829509157935024,0.31704908420649774,0.0
2008-12-15,0.21734304607540875,0.7826569539245914,0.0
2008-12-16,0.06972379892304088,0.9302762010769587,0.0
2008-12-17,5.06315661617206e-08,0.9999999493684338,0.0
2008-12-18,0.0377211409636697,0.9622788590363303,0.0
2008-12-19,0.00278897942291299,0.9972110205770865,0.0
2008-12-22,0.9755253229284019,0.02447467707159809,0.0
2008-12-23,0.9765837811115897,0.023416218888410122,0.0
2008-12-26,0.9641106211026795,0.03588937889732066,0.0
2008-12-29,0.9737249477441745,0.02627505225582564,0.0
2008-12-30,0.9368699956707847,0.06313000432921531,0.0
2008-12-31,0.25005288544554366,0.7499471145544564,0.0
2009-01-02,0.10790360294929284,0.8920963970507074,0.0
2009-01-05,0.049556552726427026,0.950443447273573,0.0
2009-01-06,0.05654189591543059,0.9434581040845694,0.0
2009-01-07,6.914034775587018e-06,0.9999930859652245,0.0
2009-01-08,0.0075461772493662675,0.9924538227506338,0.0
2009-01-09,0.768486320254143,0.23151367974585782,0.0
2009-01-12,0.13546577574915758,0.8645342242508421,0.0
2009-01-13,0.39009687442073415,0.609903125579266,0.0
2009-01-14,0.18041932597757726,0.8195806740224226,0.0
2009-01-15,0.2037650096272064,0.796234990372794,0.0
2009-01-16,0.9596865212205264,0.040313478779473486,0.0
2009-01-20,1.6239439094416e-05,0.9999837605609058,0.0
2009-01-21,0.06440386635867254,0.9355961336413277,0.0
2009-01-22,0.9907808956504874,0.00921910434951272,0.0
2009-01-23,2.2719778928627965e-05,0.9999772802210714,0.0
2009-01-26,0.40180850175588984,0.5981914982441106,0.0
2009-01-27,0.01267728536519005,0.9873227146348098,0.0
2009-01-28,0.09311181091019421,0.9068881890898055,0.0
2009-01-29,0.001527537818927778,0.9984724621810722,0.0
2009-01-30,0.5538194758262313,0.44618052417376874,0.0
2009-02-02,0.979632240663241,0.020367759336758866,0.0
2009-02-03,0.9071921560378335,0.09280784396216615,0.0
2009-02-04,0.9787125899315846,0.02128741006841564,0.0
2009-02-05,0.9908057249817234,0.009194275018276717,0.0
2009-02-06,0.9061902337624285,0.09380976623757158,0.0
2009-02-09,0.8543128008991205,0.1456871991008796,0.0
2009-02-10,0.02984582760283834,0.9701541723971617,0.0
2009-02-11,0.012691986803343144,0.9873080131966571,0.0
2009-02-12,0.9864211401672744,0.013578859832725075,0.0
2009-02-13,0.9935915972248128,0.006408402775187019,0.0
2009-02-17,1.9235896272596531e-07,0.9999998076410376,0.0
2009-02-18,0.7124272421858834,0.28757275781411645,0.0
2009-02-19,0.2082229532760736,0.791777046723926,0.0
2009-02-20,0.010263940942816838,0.9897360590571831,0.0
2009-02-23,0.8197509623204688,0.18024903767953113,0.0
2009-02-24,7.172579486088984e-06,0.9999928274205139,0.0
2009-02-25,0.8823775017618715,0.1176224982381284,0.0
2009-02-26,0.9815769082296304,0.018423091770369743,0.0
2009-02-27,0.9398181375855856,0.060181862414413964,0.0
2009-03-02,0.0001354707379289514,0.9998645292620715,0.0
2009-03-03,0.6709792898039105,0.3290207101960889,0.0
2009-03-04,0.009866897348972429,0.9901331026510274,0.0
2009-03-05,2.4916742905254536e-07,0.9999997508325709,0.0
2009-03-06,0.9522776202166489,0.04772237978335101,0.0
2009-03-09,0.7587300041745895,0.24126999582541,0.0
2009-03-10,1.281726478748572e-11,0.9999999999871829,0.0
2009-03-11,0.01597454797727512,0.9840254520227247,0.0
2009-03-12,0.77644616351048,0.22355383648952012,0.0
2009-03-13,0.9767828404764499,0.023217159523550017,0.0
2009-03-16,0.9493937211911907,0.050606278808809434,0.0
2009-03-17,0.6991902953599409,0.300809704640059,0.0
2009-03-18,3.9433119353074327e-07,0.9999996056688063,0.0
2009-03-19,6.238386030037764e-12,0.9999999999937618,0.0
2009-03-20,0.64092874160974,0.35907125839026016,0.0
2009-03-23,1.6034097992782565e-05,0.999983965902007,0.0
2009-03-24,0.9904493922000723,0.009550607799928109,0.0
2009-03-25,0.8967971245693072,0.10320287543069265,0.0
2009-03-26,0.9735071607651641,0.026492839234835863,0.0
2009-03-27,0.8105751241881116,0.18942487581188816,0.0
2009-03-30,0.003131131505953211,0.9968688684940469,0.0
2009-03-31,0.7017703238510271,0.298229676148973,0.0
2009-04-01,0.48056042472035576,0.5194395752796441,0.0
2009-04-02,2.467902407928621e-09,0.9999999975320977,0.0
2009-04-03,0.08463327595020675,0.9153667240497929,0.0
2009-04-06,0.9739224599235701,0.026077540076429893,0.0
2009-04-07,0.8116836848511548,0.1883163151488454,0.0
2009-04-08,0.9943484447872624,0.005651555212738178,0.0
2009-04-09,0.09788920815499305,0.9021107918450069,0.0
2009-04-13,0.9614374942332274,0.038562505766772816,0.0
2009-04-14,0.9899903695624076,0.010009630437592409,0.0
2009-04-15,0.9928851198534041,0.007114880146595963,0.0
2009-04-16,0.09321440944634,0.9067855905536604,0.0
2009-04-17,0.7899298883390903,0.21007011166090966,0.0
2009-04-20,7.924479863094646e-07,0.9999992075520137,0.0
2009-04-21,0.9793066907432151,0.02069330925678504,0.0
2009-04-22,0.9954376519212715,0.00456234807872865,0.0
2009-04-23,0.9791863803830132,0.020813619616986655,0.0
2009-04-24,0.7077764051685067,0.2922235948314934,0.0
2009-04-27,0.9683886513546287,0.03161134864537156,0.0
2009-04-28,0.9796814624791275,0.020318537520872784,0.0
2009-04-29,0.8282095208442799,0.17179047915572007,0.0
2009-04-30,0.6180912080455775,0.38190879195442234,0.0
2009-05-01,0.6809818435341246,0.3190181564658755,0.0
2009-05-04,0.4109377841893046,0.589062215810695,0.0
2009-05-05,0.9914724371651615,0.008527562834838753,0.0
2009-05-06,0.8414900820554772,0.15850991794452307,0.0
2009-05-07,0.9887392529466947,0.011260747053304952,0.0
2009-05-08,0.899024161299123,0.10097583870087765,0.0
2009-05-11,0.8279549524216104,0.17204504757838934,0.0
2009-05-12,0.9657447842478473,0.03425521575215238,0.0
2009-05-13,0.8509181249112954,0.14908187508870432,0.0
2009-05-14,0.994651625718652,0.005348374281348415,0.0
2009-05-15,0.961017050002824,0.03898294999717566,0.0
2009-05-18,0.8855001664803311,0.11449983351966891,0.0
2009-05-19,0.972333707329947,0.027666292670052783,0.0
2009-05-20,0.6779553031063479,0.32204469689365206,0.0
2009-05-21,0.5723794088505422,0.4276205911494578,0.0
2009-05-22,0.9904583541321003,0.00954164586789958,0.0
2009-05-26,0.9648794992780921,0.03512050072190832,0.0
2009-05-27,0.9872124887987107,0.01278751120128862,0.0
2009-05-28,0.8097436482884606,0.1902563517115396,0.0
2009-05-29,0.07803198154532723,0.9219680184546727,0.0
2009-06-01,0.0019216279298004534,0.9980783720701998,0.0
2009-06-02,0.803224986955614,0.19677501304438633,0.0
2009-06-03,0.5841865156764621,0.41581348432353804,0.0
2009-06-04,0.5925930645832049,0.4074069354167952,0.0
2009-06-05,0.2426880387745057,0.7573119612254939,0.0
2009-06-08,0.970040104753437,0.02995989524656309,0.0
2009-06-09,0.7845900963483333,0.21540990365166662,0.0
2009-06-10,0.9918192045820637,0.008180795417936162,0.0
2009-06-11,0.8925389918457185,0.10746100815428158,0.0
2009-06-12,0.9696688797871061,0.030331120212893702,0.0
2009-06-15,0.6190291657665696,0.3809708342334303,0.0
2009-06-16,0.9601555521444588,0.039844447855540956,0.0
2009-06-17,0.9789818812576618,0.021018118742337732,0.0
2009-06-18,0.9809511292657683,0.019048870734231723,0.0
2009-06-19,0.846838663694059,0.15316133630594042,0.0
2009-06-22,0.0829641378095944,0.9170358621904058,0.0
2009-06-23,0.9050264557662805,0.09497354423371926,0.0
2009-06-24,0.976554560935174,0.023445439064825664,0.0
2009-06-25,0.9361119647873581,0.06388803521264177,0.0
2009-06-26,0.8596619418925029,0.14033805810749725,0.0
2009-06-29,0.9924272450362939,0.007572754963705884,0.0
2009-06-30,0.9709509881085318,0.029049011891468253,0.0
2009-07-01,0.9789859707023025,0.021014029297697828,0.0
2009-07-02,0.6148376419813631,0.3851623580186369,0.0
2009-07-06,0.8418073746386169,0.15819262536138293,0.0
2009-07-07,0.9482265881795074,0.0517734118204928,0.0
2009-07-08,0.8837553139717222,0.11624468602827816,0.0
2009-07-09,0.9737169517494303,0.026283048250569697,0.0
2009-07-10,0.9887865503639389,0.01121344963606097,0.0
2009-07-13,0.976937326142149,0.023062673857851053,0.0
2009-07-14,0.9841510238390455,0.015848976160954313,0.0
2009-07-15,0.67963938230173,0.32036061769827023,0.0
2009-07-16,0.9919989166163194,0.00800108338368081,0.0
2009-07-17,0.9814355251274044,0.018564474872595837,0.0
2009-07-20,0.9338016220156913,0.06619837798430857,0.0
2009-07-21,0.9588761235278946,0.04112387647210573,0.0
2009-07-22,0.9937990538004081,0.006200946199591718,0.0
2009-07-23,0.8833236826820123,0.11667631731798837,0.0
2009-07-24,0.9948733431539359,0.00512665684606394,0.0
2009-07-27,0.9939137315942645,0.0060862684057354085,0.0
2009-07-28,0.9555784488811921,0.04442155111880764,0.0
2009-07-29,0.9101531567408772,0.08984684325912282,0.0
2009-07-30,0.4342820515263613,0.5657179484736388,0.0
2009-07-31,0.5569959463053741,0.44300405369462537,0.0
2009-08-03,0.5748242535191915,0.42517574648080875,0.0
2009-08-04,0.9946736717298845,0.0053263282701154335,0.0
2009-08-05,0.987505038302883,0.012494961697116794,0.0
2009-08-06,0.9510829279018588,0.04891707209814151,0.0
2009-08-07,0.5411483107090668,0.45885168929093334,0.0
2009-08-10,0.9896135559280897,0.01038644407191022,0.0
2009-08-11,0.9807804716300533,0.019219528369946736,0.0
2009-08-12,0.9909925670192709,0.00900743298072884,0.0
2009-08-13,0.9598657390499777,0.040134260950022475,0.0
2009-08-14,0.8329657610916934,0.16703423890830682,0.0
2009-08-17,0.5109699384288879,0.4890300615711123,0.0
2009-08-18,0.9908005580396269,0.009199441960373313,0.0
2009-08-19,0.9785248491967471,0.021475150803253053,0.0
2009-08-20,0.9408748229320946,0.0591251770679051,0.0
2009-08-21,0.964021647019198,0.03597835298080191,0.0
2009-08-24,0.981738840188739,0.018261159811260988,0.0
2009-08-25,0.9571685448061862,0.04283145519381343,0.0
2009-08-26,0.9913182112895319,0.008681788710468418,0.0
2009-08-27,0.9873706430907163,0.012629356909283528,0.0
2009-08-28,0.9844381994813839,0.015561800518616452,0.0
2009-08-31,0.969321400861638,0.03067859913836201,0.0
2009-09-01,0.8991329310338779,0.10086706896612188,0.0
2009-09-02,0.00033011405867731014,0.9996698859413226,0.0
2009-09-03,0.8813291220478078,0.11867087795219149,0.0
2009-09-04,0.9668905213395119,0.03310947866048785,0.0
2009-09-08,0.8352928942565487,0.16470710574345163,0.0
2009-09-09,0.9569515789407077,0.04304842105929207,0.0
2009-09-10,0.9652801122868455,0.03471988771315463,0.0
2009-09-11,0.7450428888616567,0.25495711113834313,0.0
2009-09-14,0.9922084749511448,0.0077915250488554775,0.0
2009-09-15,0.9344416734737735,0.06555832652622698,0.0
2009-09-16,0.9190340353356715,0.08096596466432879,0.0
2009-09-17,0.9846320168543612,0.015367983145638775,0.0
2009-09-18,0.9832555423597791,0.016744457640220707,0.0
2009-09-21,0.9511946719600717,0.04880532803992858,0.0
2009-09-22,0.9418856947627038,0.05811430523729598,0.0
2009-09-23,0.9829228534500283,0.017077146549971535,0.0
2009-09-24,0.9352206452962534,0.06477935470374654,0.0
2009-09-25,0.9815106084851883,0.018489391514811274,0.0
2009-09-28,0.9879681639002618,0.012031836099738362,0.0
2009-09-29,0.9702503456297592,0.029749654370240387,0.0
2009-09-30,0.7820278024282448,0.21797219757175518,0.0
2009-10-01,0.7625107242050678,0.23748927579493198,0.0
2009-10-02,0.9418827499747271,0.05811725002527266,0.0
2009-10-05,0.9823823673460288,0.017617632653971305,0.0
2009-10-06,0.7188952451044622,0.2811047548955376,0.0
2009-10-07,0.9874711676827383,0.012528832317262035,0.0
2009-10-08,0.8667724059056153,0.13322759409438445,0.0
2009-10-09,0.9533174859926732,0.0466825140073268,0.0
2009-10-12,0.9506219249708169,0.04937807502918308,0.0
2009-10-13,0.9760550165350113,0.023944983464988967,0.0
2009-10-14,0.9390137127154208,0.06098628728457918,0.0
2009-10-15,0.9699589218902748,0.030041078109724943,0.0
2009-10-16,0.9689697077416263,0.031030292258373726,0.0
2009-10-19,0.9695294357191001,0.030470564280900357,0.0
2009-10-20,0.9889101306225176,0.011089869377482348,0.0
2009-10-21,0.8800979149442594,0.11990208505574038,0.0
2009-10-22,0.9918199314642582,0.008180068535742246,0.0
2009-10-23,0.987976658086106,0.012023341913894129,0.0
2009-10-26,0.9497276321550097,0.05027236784498991,0.0
2009-10-27,0.9899247044300743,0.010075295569925934,0.0
2009-10-28,0.7089282783250627,0.2910717216749372,0.0
2009-10-29,0.875003360336974,0.1249966396630261,0.0
2009-10-30,0.7716681218030337,0.22833187819696654,0.0
2009-11-02,0.9914453426491612,0.008554657350838837,0.0
2009-11-03,0.08106071279343585,0.9189392872065647,0.0
2009-11-04,0.9894686692282998,0.010531330771700022,0.0
2009-11-05,0.9597532333900382,0.04024676660996164,0.0
2009-11-06,0.8278958175831965,0.17210418241680378,0.0
2009-11-09,0.8428421029953131,0.15715789700468696,0.0
2009-11-10,0.9914375923990594,0.008562407600940122,0.0
2009-11-11,0.9932888514716374,0.00671114852836262,0.0
2009-11-12,0.9745626658226216,0.025437334177378212,0.0
2009-11-13,0.9878137651923865,0.012186234807613232,0.0
2009-11-16,0.6909082156442728,0.3090917843557271,0.0
2009-11-17,0.9847569667409074,0.0152430332590928,0.0
2009-11-18,0.9871026978193033,0.012897302180696662,0.0
2009-11-19,0.7986272415455142,0.2013727584544859,0.0
2009-11-20,0.9876594760574722,0.012340523942527314,0.0
2009-11-23,0.9264459575474178,0.07355404245258264,0.0
2009-11-24,0.9828611881737294,0.017138811826270046,0.0
2009-11-25,0.8725145309234792,0.12748546907652092,0.0
2009-11-27,0.9399274625211298,0.06007253747887006,0.0
2009-11-30,0.9837523349866931,0.01624766501330696,0.0
2009-12-01,0.8050704133617967,0.19492958663820326,0.0
2009-12-02,0.9592923584061713,0.04070764159382868,0.0
2009-12-03,0.982096664821443,0.017903335178556815,0.0
2009-12-04,0.10074930471777525,0.8992506952822243,0.0
2009-12-07,0.9894598383295798,0.010540161670420234,0.0
2009-12-08,0.9219137092290811,0.07808629077091904,0.0
2009-12-09,0.7223871461035494,0.27761285389645074,0.0
2009-12-10,0.9861462391710731,0.013853760828926965,0.0
2009-12-11,0.9276740608205024,0.07232593917949776,0.0
2009-12-14,0.97869637015053,0.02130362984947003,0.0
2009-12-15,0.9429946783419476,0.057005321658052145,0.0
2009-12-16,0.9774159474756937,0.02258405252430585,0.0
2009-12-17,0.7283403138771564,0.27165968612284364,0.0
2009-12-18,0.9829910428844337,0.01700895711556575,0.0
2009-12-21,0.9645403021085912,0.03545969789140893,0.0
2009-12-22,0.9701586211629951,0.02984137883700484,0.0
2009-12-23,0.9495703210680599,0.050429678931940156,0.0
2009-12-24,0.9900993889449351,0.009900611055064776,0.0
2009-12-28,0.9726222762834379,0.027377723716562063,0.0
2009-12-29,0.9915186873909025,0.00848131260909689,0.0
2009-12-30,0.982931776571327,0.017068223428672785,0.0
2009-12-31,0.991487325672882,0.008512674327118002,0.0
2010-01-04,0.8565358262099471,0.14346417379005263,0.0
2010-01-05,0.9870634497742747,0.012936550225725032,0.0
2010-01-06,0.8507182311327017,0.1492817688672982,0.0
2010-01-07,0.9667459533330568,0.033254046666943135,0.0
2010-01-08,0.9867981865634666,0.013201813436533233,0.0
2010-01-11,0.8502170166397971,0.14978298336020296,0.0
2010-01-12,0.8494917599773133,0.15050824002268712,0.0
2010-01-13,0.9878343878396543,0.012165612160345805,0.0
2010-01-14,0.9886886978908839,0.01131130210911615,0.0
2010-01-15,0.97135495331279,0.028645046687209696,0.0
2010-01-19,0.9824912783033721,0.017508721696628017,0.0
2010-01-20,0.8804731840059457,0.1195268159940543,0.0
2010-01-21,0.8402771421947446,0.15972285780525525,0.0
2010-01-22,0.8724690960978343,0.12753090390216593,0.0
2010-01-25,0.9904822030003301,0.009517796999669901,0.0
2010-01-26,0.9737912510919159,0.026208748908084167,0.0
2010-01-27,0.9246216789950047,0.07537832100499557,0.0
2010-01-28,0.9643259183156113,0.035674081684388986,0.0
2010-01-29,0.9626911321791125,0.03730886782088767,0.0
2010-02-01,0.797209720034479,0.2027902799655208,0.0
2010-02-02,0.9213832563110451,0.07861674368895515,0.0
2010-02-03,0.9688219156194734,0.03117808438052607,0.0
2010-02-04,0.39509049755020315,0.6049095024497972,0.0
2010-02-05,0.00565756599236336,0.9943424340076369,0.0
2010-02-08,0.8350382688760153,0.16496173112398485,0.0
2010-02-09,0.9515284306218539,0.048471569378146374,0.0
2010-02-10,0.9885274970072035,0.011472502992796162,0.0
2010-02-11,0.9232905220753321,0.07670947792466794,0.0
2010-02-12,0.9907895662431869,0.00921043375681365,0.0
2010-02-16,0.8640620481823541,0.1359379518176458,0.0
2010-02-17,0.9783707624307023,0.021629237569297587,0.0
2010-02-18,0.9875673969882435,0.012432603011756388,0.0
2010-02-19,0.9441858280405014,0.055814171959498414,0.0
2010-02-22,0.963535232398147,0.03646476760185292,0.0
2010-02-23,0.8459902061775972,0.1540097938224029,0.0
2010-02-24,0.9819603412136988,0.018039658786301305,0.0
2010-02-25,0.5734130563192417,0.42658694368075833,0.0
2010-02-26,0.9309333491308784,0.06906665086912148,0.0
2010-03-01,0.8748177797334404,0.12518222026655992,0.0
2010-03-02,0.9723251304713456,0.027674869528653945,0.0
2010-03-03,0.9702343843151973,0.029765615684802998,0.0
2010-03-04,0.9657475567397709,0.0342524432602292,0.0
2010-03-05,0.9344859531903775,0.06551404680962217,0.0
2010-03-08,0.9888959249812826,0.011104075018717121,0.0
2010-03-09,0.9887885820830018,0.01121141791699823,0.0
2010-03-10,0.9841669763705742,0.0158330236294261,0.0
2010-03-11,0.9825647119505181,0.017435288049482155,0.0
2010-03-12,0.9863463676187729,0.013653632381227155,0.0
2010-03-15,0.9808225590944881,0.019177440905511735,0.0
2010-03-16,0.9504141686491714,0.04958583135082857,0.0
2010-03-17,0.981856579358624,0.018143420641376085,0.0
2010-03-18,0.9760622598861307,0.023937740113869354,0.0
2010-03-19,0.9770312508960759,0.022968749103924026,0.0
2010-03-22,0.9882853127176168,0.011714687282383673,0.0
2010-03-23,0.9877389699136506,0.012261030086349552,0.0
2010-03-24,0.47592355827667737,0.5240764417233226,0.0
2010-03-25,0.9809466747532994,0.019053325246700423,0.0
2010-03-26,0.9817089130727,0.018291086927300464,0.0
2010-03-29,0.9459164285842261,0.054083571415774065,0.0
2010-03-30,0.989358415532647,0.010641584467353098,0.0
2010-03-31,0.9775027715088311,0.022497228491168673,0.0
2010-04-01,0.9505724618926245,0.04942753810737553,0.0
2010-04-05,0.9773364881353729,0.02266351186462714,0.0
2010-04-06,0.9862894936537115,0.013710506346288445,0.0
2010-04-07,0.9708818758532647,0.02911812414673497,0.0
2010-04-08,0.9790105254782937,0.020989474521706276,0.0
2010-04-09,0.9831866844908943,0.016813315509105396,0.0
2010-04-12,0.9657592615338706,0.034240738466129274,0.0
2010-04-13,0.9866625629273178,0.013337437072681818,0.0
2010-04-14,0.977830443174545,0.02216955682545429,0.0
2010-04-15,0.9898818423541427,0.010118157645857172,0.0
2010-04-16,0.8667571982635295,0.13324280173647046,0.0
2010-04-19,0.9472578047756446,0.052742195224355456,0.0
2010-04-20,0.973596537791669,0.026403462208330446,0.0
2010-04-21,0.9882220755378865,0.011777924462113395,0.0
2010-04-22,0.9698111463988773,0.030188853601122854,0.0
2010-04-23,0.9861345597399159,0.013865440260084433,0.0
2010-04-26,0.9906420550258084,0.009357944974191592,0.0
2010-04-27,0.5431764222642668,0.45682357773573345,0.0
2010-04-28,0.6959753702208509,0.30402462977914946,0.0
2010-04-29,0.9559865355799178,0.04401346442008204,0.0
2010-04-30,0.928081111542442,0.07191888845755774,0.0
2010-05-03,0.9634296303885568,0.036570369611443505,0.0
2010-05-04,0.39450761011849195,0.6054923898815083,0.0
2010-05-05,0.9030785745188072,0.09692142548119231,0.0
2010-05-06,0.07454580116327988,0.9254541988367201,0.0
2010-05-07,0.0006437939037502991,0.9993562060962496,0.0
2010-05-10,0.0005513202436817334,0.9994486797563185,0.0
2010-05-11,0.39552237350145103,0.6044776264985494,0.0
2010-05-12,0.97368752448396,0.02631247551604013,0.0
2010-05-13,0.9824776089346557,0.017522391065344322,0.0
2010-05-14,0.08732567387127932,0.9126743261287205,0.0
2010-05-17,0.8354839514747355,0.1645160485252645,0.0
2010-05-18,0.9781342651774291,0.0218657348225705,0.0
2010-05-19,0.7829069349276202,0.21709306507238002,0.0
2010-05-20,0.07356496383799771,0.926435036162002,0.0
2010-05-21,0.9436307577255333,0.056369242274466935,0.0
2010-05-24,0.80783131866575,0.1921686813342503,0.0
2010-05-25,0.08448873337142827,0.9155112666285717,0.0
2010-05-26,0.9138411943978445,0.08615880560215508,0.0
2010-05-27,0.4263163788399823,0.5736836211600176,0.0
2010-05-28,0.967202487770044,0.03279751222995548,0.0
2010-06-01,0.9395022804182466,0.060497719581753776,0.0
2010-06-02,0.8632401013224614,0.13675989867753874,0.0
2010-06-03,0.9093403144436824,0.09065968555631766,0.0
2010-06-04,0.35226057474345424,0.6477394252565462,0.0
2010-06-07,0.5363797215148738,0.4636202784851261,0.0
2010-06-08,0.9817657598722761,0.018234240127723934,0.0
2010-06-09,0.9722054909481568,0.02779450905184313,0.0
2010-06-10,0.5096640651854701,0.4903359348145293,0.0
2010-06-11,0.9822334058685032,0.017766594131496515,0.0
2010-06-14,0.7808362577457937,0.21916374225420654,0.0
2010-06-15,0.8926621442222167,0.10733785577778301,0.0
2010-06-16,0.9873165251034172,0.012683474896582739,0.0
2010-06-17,0.967244621104763,0.03275537889523714,0.0
2010-06-18,0.9780141586323119,0.021985841367688084,0.0
2010-06-21,0.9748360275254511,0.025163972474548667,0.0
2010-06-22,0.908765245683921,0.09123475431607893,0.0
2010-06-23,0.9439985375908261,0.05600146240917407,0.0
2010-06-24,0.8249089219837182,0.1750910780162819,0.0
2010-06-25,0.876619283247386,0.12338071675261397,0.0
2010-06-28,0.9631254913122126,0.036874508687787896,0.0
2010-06-29,0.12654286231348003,0.8734571376865198,0.0
2010-06-30,0.9147985397878549,0.08520146021214495,0.0
2010-07-01,0.29520417115925557,0.7047958288407441,0.0
2010-07-02,0.9853440466426031,0.014655953357396879,0.0
2010-07-06,0.7755213775047617,0.22447862249523873,0.0
2010-07-07,0.8067886397623351,0.1932113602376648,0.0
2010-07-08,0.9292648772349651,0.0707351227650351,0.0
2010-07-09,0.9746729000927612,0.025327099907238453,0.0
2010-07-12,0.9807002432086305,0.019299756791368992,0.0
2010-07-13,0.8862433348703422,0.1137566651296574,0.0
2010-07-14,0.9843855691694682,0.015614430830532286,0.0
2010-07-15,0.7770155394607374,0.22298446053926252,0.0
2010-07-16,0.5987693975682771,0.40123060243172315,0.0
2010-07-19,0.9853469119343952,0.014653088065604742,0.0
2010-07-20,0.9774510001995294,0.022548999800470627,0.0
2010-07-21,0.9811699343652931,0.018830065634706954,0.0
2010-07-22,0.7964309188341414,0.2035690811658582,0.0
2010-07-23,0.9713963745059869,0.028603625494012963,0.0
2010-07-26,0.9482740105043345,0.051725989495665994,0.0
2010-07-27,0.9589614423648476,0.04103855763515272,0.0
2010-07-28,0.9757415697672458,0.02425843023275396,0.0
2010-07-29,0.9307086366119177,0.06929136338808185,0.0
2010-07-30,0.8511134836029332,0.14888651639706746,0.0
2010-08-02,0.5840200392766031,0.4159799607233972,0.0
2010-08-03,0.973889026852943,0.026110973147056977,0.0
2010-08-04,0.937397142732539,0.06260285726746094,0.0
2010-08-05,0.9868186472753033,0.013181352724696602,0.0
2010-08-06,0.8198721119535594,0.18012788804643995,0.0
2010-08-09,0.9832951459219226,0.016704854078077407,0.0
2010-08-10,0.8531354433549259,0.14686455664507397,0.0
2010-08-11,0.4380458670563005,0.5619541329436994,0.0
2010-08-12,0.9276312899000946,0.07236871009990567,0.0
2010-08-13,0.9853368757914276,0.014663124208572853,0.0
2010-08-16,0.8209890426717388,0.17901095732826122,0.0
2010-08-17,0.9592358503932878,0.040764149606712104,0.0
2010-08-18,0.9779670505349342,0.022032949465065944,0.0
2010-08-19,0.9231812847059218,0.07681871529407808,0.0
2010-08-20,0.8354502595582718,0.16454974044172826,0.0
2010-08-23,0.9849232928233909,0.015076707176609635,0.0
2010-08-24,0.7154169098681377,0.2845830901318622,0.0
2010-08-25,0.8971442276812566,0.10285577231874402,0.0
2010-08-26,0.9674789057680006,0.03252109423199986,0.0
2010-08-27,0.7996424217856027,0.20035757821439729,0.0
2010-08-30,0.9749983084468763,0.025001691553123383,0.0
2010-08-31,0.8993455444893164,0.10065445551068386,0.0
2010-09-01,0.18750212863114665,0.8124978713688538,0.0
2010-09-02,0.9780263831000008,0.02197361689999927,0.0
2010-09-03,0.9512962439383198,0.0487037560616801,0.0
2010-09-07,0.9227741959712459,0.07722580402875409,0.0
2010-09-08,0.9866641001973215,0.013335899802678474,0.0
2010-09-09,0.9497374420214681,0.050262557978531894,0.0
2010-09-10,0.9757219310566436,0.02427806894335633,0.0
2010-09-13,0.8600179686162223,0.13998203138377757,0.0
2010-09-14,0.8994131261233009,0.10058687387669873,0.0
2010-09-15,0.9650636665867026,0.034936333413297424,0.0
2010-09-16,0.9804339541913129,0.019566045808686962,0.0
2010-09-17,0.9800551985690931,0.019944801430906663,0.0
2010-09-20,0.9363457293933374,0.06365427060666229,0.0
2010-09-21,0.9542023449008354,0.04579765509916485,0.0
2010-09-22,0.6237551810760028,0.37624481892399747,0.0
2010-09-23,0.970804129915126,0.029195870084874165,0.0
2010-09-24,0.8453783643192352,0.15462163568076467,0.0
2010-09-27,0.9803017820145138,0.019698217985486148,0.0
2010-09-28,0.9691215960443467,0.0308784039556535,0.0
2010-09-29,0.9831641670135397,0.016835832986460277,0.0
2010-09-30,0.9829056753299928,0.017094324670007238,0.0
2010-10-01,0.9417475770852125,0.05825242291478747,0.0
2010-10-04,0.9726885046426735,0.027311495357326642,0.0
2010-10-05,0.742912966622037,0.2570870333779627,0.0
2010-10-06,0.9650492190704323,0.034950780929568125,0.0
2010-10-07,0.9540611282384137,0.045938871761586376,0.0
2010-10-08,0.5427580046748921,0.4572419953251078,0.0
2010-10-11,0.9858850787976122,0.01411492120238752,0.0
2010-10-12,0.9777020527201683,0.022297947279831542,0.0
2010-10-13,0.9486860413088547,0.05131395869114554,0.0
2010-10-14,0.9768729776450027,0.023127022354997535,0.0
2010-10-15,0.9521288559496357,0.04787114405036414,0.0
2010-10-18,0.9867143233848059,0.013285676615194076,0.0
2010-10-19,0.6128979073554552,0.387102092644545,0.0
2010-10-20,0.7821524175888179,0.2178475824111819,0.0
2010-10-21,0.9590977493369705,0.04090225066302906,0.0
2010-10-22,0.9814013616817215,0.01859863831827873,0.0
2010-10-25,0.9543989847509435,0.04560101524905637,0.0
2010-10-26,0.9159778805026104,0.08402211949738914,0.0
2010-10-27,0.8936957650987924,0.1063042349012083,0.0
2010-10-28,0.9217777295876782,0.07822227041232173,0.0
2010-10-29,0.9819741911210957,0.018025808878904117,0.0
2010-11-01,0.9885163552683774,0.011483644731622203,0.0
2010-11-02,0.9692213665506072,0.03077863344939305,0.0
2010-11-03,0.9865725958200101,0.013427404179990233,0.0
2010-11-04,0.3285497140152341,0.6714502859847657,0.0
2010-11-05,0.8850185755990789,0.11498142440092096,0.0
2010-11-08,0.9350432569785314,0.06495674302146937,0.0
2010-11-09,0.7287341896759002,0.2712658103240998,0.0
2010-11-10,0.09942431015486491,0.9005756898451349,0.0
2010-11-11,0.9802809697680547,0.019719030231944858,0.0
2010-11-12,0.14330253001733365,0.8566974699826666,0.0
2010-11-15,0.7870671006120622,0.2129328993879378,0.0
2010-11-16,0.1996777142264975,0.8003222857735026,0.0
2010-11-17,0.987379010635838,0.012620989364162064,0.0
2010-11-18,0.6726679466061858,0.3273320533938144,0.0
2010-11-19,0.9556605413029876,0.0443394586970127,0.0
2010-11-22,0.9793769118819681,0.020623088118032044,0.0
2010-11-23,0.7414728856666528,0.258527114333347,0.0
2010-11-24,0.7520774293823658,0.2479225706176343,0.0
2010-11-26,0.8921835366033569,0.10781646339664289,0.0
2010-11-29,0.9279281489582802,0.07207185104172018,0.0
2010-11-30,0.9612345025241839,0.03876549747581626,0.0
2010-12-01,0.4405040004660279,0.5594959995339719,0.0
2010-12-02,0.8689976440009675,0.13100235599903262,0.0
2010-12-03,0.7891633949137062,0.21083660508629348,0.0
2010-12-06,0.9792437904900586,0.02075620950994171,0.0
2010-12-07,0.9567655628009584,0.04323443719904169,0.0
2010-12-08,0.6665535639534746,0.3334464360465256,0.0
2010-12-09,0.9839250683553802,0.016074931644619588,0.0
2010-12-10,0.981067620576632,0.01893237942336767,0.0
2010-12-13,0.9033818170483766,0.09661818295162364,0.0
2010-12-14,0.9618156266474344,0.03818437335256552,0.0
2010-12-15,0.9635884984245233,0.03641150157547647,0.0
2010-12-16,0.9723344111364135,0.027665588863586565,0.0
2010-12-17,0.9542619536806901,0.04573804631930966,0.0
2010-12-20,0.9658522504350515,0.03414774956494847,0.0
2010-12-21,0.9768540384361442,0.02314596156385569,0.0
2010-12-22,0.9820108789649338,0.017989121035066113,0.0
2010-12-23,0.9827768169183567,0.017223183081643823,0.0
2010-12-27,0.9867225924324703,0.013277407567529884,0.0
2010-12-28,0.9396212314124298,0.06037876858757,0.0
2010-12-29,0.9791488033645575,0.0208511966354428,0.0
2010-12-30,0.95371951394628,0.04628048605372008,0.0
2010-12-31,0.7744380264918372,0.22556197350816265,0.0
2011-01-03,0.9744154620674678,0.025584537932532424,0.0
2011-01-04,0.9317357169365039,0.0682642830634959,0.0
2011-01-05,0.4904585284382884,0.5095414715617116,0.0
2011-01-06,0.9625462390703945,0.03745376092960554,0.0
2011-01-07,0.9782138356709525,0.021786164329047144,0.0
2011-01-10,0.9730023090155064,0.02699769098449315,0.0
2011-01-11,0.9630794958112509,0.036920504188749356,0.0
2011-01-12,0.8863866078019893,0.11361339219801106,0.0
2011-01-13,0.47408895748159036,0.5259110425184097,0.0
2011-01-14,0.9834439864953295,0.01655601350467037,0.0
2011-01-18,0.9825484842554134,0.017451515744586688,0.0
2011-01-19,0.9526387066459456,0.04736129335405438,0.0
2011-01-20,0.7971554626577685,0.2028445373422314,0.0
2011-01-21,0.9119558065455801,0.08804419345442022,0.0
2011-01-24,0.9564526587246179,0.04354734127538208,0.0
2011-01-25,0.9010293101690291,0.0989706898309707,0.0
2011-01-26,0.8749664942167948,0.12503350578320482,0.0
2011-01-27,0.9689441595387294,0.031055840461270367,0.0
2011-01-28,0.6711928950960632,0.32880710490393683,0.0
2011-01-31,0.9015031371292362,0.09849686287076391,0.0
2011-02-01,0.8164873458519954,0.18351265414800425,0.0
2011-02-02,0.9821489262073735,0.017851073792626543,0.0
2011-02-03,0.8533243685733849,0.14667563142661497,0.0
2011-02-04,0.9608587646353254,0.03914123536467441,0.0
2011-02-07,0.9694006601709194,0.030599339829080908,0.0
2011-02-08,0.9756811352281557,0.024318864771844587,0.0
2011-02-09,0.9593688877170866,0.040631112282913925,0.0
2011-02-10,0.9598793988259613,0.04012060117403856,0.0
2011-02-11,0.9842012689212316,0.015798731078768544,0.0
2011-02-14,0.9757315829693143,0.024268417030685285,0.0
2011-02-15,0.9691641716821107,0.03083582831788929,0.0
2011-02-16,0.9838439984659322,0.016156001534067536,0.0
2011-02-17,0.9474292033469898,0.05257079665300999,0.0
2011-02-18,0.9856297562097447,0.014370243790255473,0.0
2011-02-22,0.7895334318394569,0.21046656816054288,0.0
2011-02-23,0.8916210632494252,0.1083789367505753,0.0
2011-02-24,0.9531240524799299,0.04687594752006993,0.0
2011-02-25,0.8621249420537606,0.1378750579462396,0.0
2011-02-28,0.9713464621692898,0.02865353783071033,0.0
2011-03-01,0.9418048847443098,0.05819511525569036,0.0
2011-03-02,0.9734330064537489,0.026566993546251316,0.0
2011-03-03,0.9013853430550551,0.0986146569449452,0.0
2011-03-04,0.9690744261705297,0.030925573829470455,0.0
2011-03-07,0.9657651790591479,0.03423482094085225,0.0
2011-03-08,0.9382236538697072,0.06177634613029283,0.0
2011-03-09,0.9779960253440754,0.022003974655924696,0.0
2011-03-10,0.652564369900606,0.3474356300993947,0.0
2011-03-11,0.8128967854110485,0.18710321458895166,0.0
2011-03-14,0.830800396576708,0.1691996034232917,0.0
2011-03-15,0.03575713147901562,0.9642428685209845,0.0
2011-03-16,0.9112762580019534,0.08872374199804652,0.0
2011-03-17,0.3279360536941359,0.6720639463058636,0.0
2011-03-18,0.8890565272762254,0.11094347272377476,0.0
2011-03-21,0.8872321060321333,0.11276789396786646,0.0
2011-03-22,0.9810110307765119,0.018988969223488396,0.0
2011-03-23,0.9066748269509267,0.09332517304907366,0.0
2011-03-24,0.961899454463971,0.03810054553602896,0.0
2011-03-25,0.9776620557881683,0.022337944211831783,0.0
2011-03-28,0.9433976488767637,0.056602351123236104,0.0
2011-03-29,0.976886983004448,0.023113016995551898,0.0
2011-03-30,0.9621736400149578,0.037826359985042565,0.0
2011-03-31,0.8692640728536241,0.13073592714637572,0.0
2011-04-01,0.9532039071092878,0.046796092890712404,0.0
2011-04-04,0.9706033426531901,0.029396657346809886,0.0
2011-04-05,0.7588831106472078,0.2411168893527925,0.0
2011-04-06,0.984803194100911,0.015196805899089168,0.0
2011-04-07,0.9818704731184971,0.018129526881503107,0.0
2011-04-08,0.9441902342775407,0.05580976572245912,0.0
2011-04-11,0.9638882707777491,0.036111729222250935,0.0
2011-04-12,0.5972887518481119,0.4027112481518878,0.0
2011-04-13,0.9838594305110482,0.016140569488951657,0.0
2011-04-14,0.9738754672304507,0.02612453276954891,0.0
2011-04-15,0.9839960837254571,0.016003916274543062,0.0
2011-04-18,0.7882187480312253,0.21178125196877487,0.0
2011-04-19,0.9747282422493686,0.02527175775063123,0.0
2011-04-20,0.7297922911328788,0.270207708867121,0.0
2011-04-21,0.9486199612514138,0.05138003874858591,0.0
2011-04-25,0.9675448449333208,0.032455155066679044,0.0
2011-04-26,0.9579023801963267,0.042097619803673714,0.0
2011-04-27,0.9481492399481484,0.0518507600518517,0.0
2011-04-28,0.5735909541015608,0.4264090458984394,0.0
2011-04-29,0.9472837549824394,0.05271624501756024,0.0
2011-05-02,0.9454272894892947,0.054572710510705724,0.0
2011-05-03,0.9471273082745529,0.0528726917254471,0.0
2011-05-04,0.7721139188900146,0.22788608110998543,0.0
2011-05-05,0.011798239924577231,0.9882017600754226,0.0
2011-05-06,0.9545101121134506,0.04548988788654923,0.0
2011-05-09,0.615515247657387,0.38448475234261303,0.0
2011-05-10,0.9196473242657305,0.08035267573426991,0.0
2011-05-11,0.4454214459120111,0.5545785540879887,0.0
2011-05-12,0.9629267975282335,0.03707320247176602,0.0
2011-05-13,0.9756383534819362,0.02436164651806375,0.0
2011-05-16,0.9759828162754157,0.02401718372458456,0.0
2011-05-17,0.963656102344094,0.03634389765590597,0.0
2011-05-18,0.6663146005744887,0.3336853994255114,0.0
2011-05-19,0.9401901625852679,0.05980983741473204,0.0
2011-05-20,0.9304723985262191,0.06952760147378091,0.0
2011-05-23,0.6994362709836909,0.3005637290163093,0.0
2011-05-24,0.9685513049118558,0.031448695088144255,0.0
2011-05-25,0.9426928956112361,0.05730710438876405,0.0
2011-05-26,0.9606700583696931,0.03932994163030733,0.0
2011-05-27,0.9069166621904525,0.0930833378095477,0.0
2011-05-31,0.9449218480081258,0.055078151991874214,0.0
2011-06-01,0.7904094512175937,0.20959054878240618,0.0
2011-06-02,0.9276771870671512,0.07232281293284899,0.0
2011-06-03,0.9641279410625667,0.03587205893743299,0.0
2011-06-06,0.9498897258582305,0.05011027414176934,0.0
2011-06-07,0.9845940690634707,0.015405930936528775,0.0
2011-06-08,0.9183028675657811,0.08169713243421914,0.0
2011-06-09,0.9656772751631685,0.0343227248368317,0.0
2011-06-10,0.8177701010827976,0.18222989891720226,0.0
2011-06-13,0.9587735869355072,0.04122641306449276,0.0
2011-06-14,0.9272495318879018,0.07275046811209816,0.0
2011-06-15,0.5718022197555629,0.42819778024443667,0.0
2011-06-16,0.9316344062564964,0.06836559374350364,0.0
2011-06-17,0.9409795441269717,0.0590204558730286,0.0
2011-06-20,0.985229380039318,0.014770619960682064,0.0
2011-06-21,0.8397008478601592,0.16029915213984053,0.0
2011-06-22,0.9776328572912428,0.022367142708757597,0.0
2011-06-23,0.4851155163654443,0.5148844836345553,0.0
2011-06-24,0.9689989905323906,0.03100100946760957,0.0
2011-06-27,0.9734411095993437,0.02655889040065665,0.0
2011-06-28,0.8562324001549891,0.14376759984501097,0.0
2011-06-29,0.9041281011786474,0.0958718988213525,0.0
2011-06-30,0.8760399439999741,0.12396005600002631,0.0
2011-07-01,0.9319733369453445,0.06802666305465564,0.0
2011-07-05,0.8483250923466142,0.15167490765338595,0.0
2011-07-06,0.9675894099382181,0.03241059006178219,0.0
2011-07-07,0.93154856407828,0.06845143592171989,0.0
2011-07-08,0.9552211673483472,0.04477883265165327,0.0
2011-07-11,0.551493599734506,0.448506400265494,0.0
2011-07-12,0.7413959237091186,0.25860407629088145,0.0
2011-07-13,0.8019235841957577,0.19807641580424232,0.0
2011-07-14,0.9560006497714783,0.04399935022852158,0.0
2011-07-15,0.978795844813383,0.021204155186617252,0.0
2011-07-18,0.7915075681163483,0.20849243188365185,0.0
2011-07-19,0.7272286769638,0.27277132303620044,0.0
2011-07-20,0.9739494765401485,0.0260505234598513,0.0
2011-07-21,0.7285986417393628,0.27140135826063705,0.0
2011-07-22,0.9654027706135249,0.03459722938647529,0.0
2011-07-25,0.9736565934909631,0.026343406509036927,0.0
2011-07-26,0.9445106183986111,0.055489381601389,0.0
2011-07-27,0.7046436076268116,0.29535639237318845,0.0
2011-07-28,0.9756396871804057,0.024360312819594554,0.0
2011-07-29,0.8288844692982075,0.1711155307017924,0.0
2011-08-01,0.964053733859185,0.03594626614081501,0.0
2011-08-02,0.2948318273638787,0.7051681726361213,0.0
2011-08-03,0.9131213061738432,0.08687869382615643,0.0
2011-08-04,0.0008973348427171203,0.9991026651572826,0.0
2011-08-05,0.5695910133492808,0.4304089866507194,0.0
2011-08-08,2.9934734637755244e-07,0.9999997006526535,0.0
2011-08-09,0.11054143807669499,0.889458561923305,0.0
2011-08-10,0.0014332424650191872,0.998566757534981,0.0
2011-08-11,0.001209248602096566,0.9987907513979034,0.0
2011-08-12,0.9286890817381058,0.07131091826189423,0.0
2011-08-15,0.6357837565347983,0.36421624346520143,0.0
2011-08-16,0.9692011245194969,0.030798875480503096,0.0
2011-08-17,0.9461521849453809,0.05384781505461964,0.0
2011-08-18,0.001851402093645435,0.9981485979063542,0.0
2011-08-19,0.41439740152145177,0.5856025984785485,0.0
2011-08-22,0.900753434203226,0.09924656579677424,0.0
2011-08-23,0.052065752986067616,0.9479342470139323,0.0
2011-08-24,0.46792508148840506,0.5320749185115952,0.0
2011-08-25,0.6625901724718865,0.3374098275281133,0.0
2011-08-26,0.9361015125272175,0.06389848747278251,0.0
2011-08-29,0.4124300799053506,0.5875699200946497,0.0
2011-08-30,0.953963694930167,0.04603630506983301,0.0
2011-08-31,0.9237429696087185,0.07625703039128115,0.0
2011-09-01,0.9004291564777741,0.09957084352222577,0.0
2011-09-02,0.14946867798808933,0.8505313220119104,0.0
2011-09-06,0.8341400028056437,0.16585999719435635,0.0
2011-09-07,0.2756202818564498,0.72437971814355,0.0
2011-09-08,0.9730833535664123,0.026916646433587477,0.0
2011-09-09,0.15675028908763164,0.8432497109123684,0.0
2011-09-12,0.6941885537509691,0.30581144624903095,0.0
2011-09-13,0.9388541200784951,0.061145879921505,0.0
2011-09-14,0.9464103183038644,0.053589681696135524,0.0
2011-09-15,0.39104450417434394,0.6089554958256556,0.0
2011-09-16,0.9664159800576417,0.03358401994235828,0.0
2011-09-19,0.5966164684234287,0.4033835315765715,0.0
2011-09-20,0.9714649075662051,0.028535092433795078,0.0
2011-09-21,0.5300113540818531,0.46998864591814654,0.0
2011-09-22,0.00031931091646308197,0.9996806890835369,0.0
2011-09-23,0.0444611678307252,0.9555388321692744,0.0
2011-09-26,0.82350438260888,0.17649561739112,0.0
2011-09-27,0.1585153966206348,0.8414846033793651,0.0
2011-09-28,0.4719179609213877,0.5280820390786121,0.0
2011-09-29,0.9769997518499596,0.02300024815004035,0.0
2011-09-30,0.08263408694215962,0.9173659130578404,0.0
2011-10-03,0.2389771083064615,0.7610228916935384,0.0
2011-10-04,0.8321395100057518,0.1678604899942478,0.0
2011-10-05,0.4956067554118735,0.5043932445881266,0.0
2011-10-06,0.4957098009908192,0.5042901990091806,0.0
2011-10-07,0.9608854133015751,0.03911458669842481,0.0
2011-10-10,0.45502429561945174,0.5449757043805482,0.0
2011-10-11,0.9578579525186326,0.04214204748136778,0.0
2011-10-12,0.8859351676534362,0.11406483234656391,0.0
2011-10-13,0.9622698780052314,0.03773012199476831,0.0
2011-10-14,0.7443341118837978,0.25566588811620206,0.0
2011-10-17,0.850462444008549,0.14953755599145097,0.0
2011-10-18,0.9768427401279345,0.02315725987206551,0.0
2011-10-19,0.5098284937318189,0.49017150626818096,0.0
2011-10-20,0.9267248007144738,0.07327519928552582,0.0
2011-10-21,0.471344838694585,0.5286551613054151,0.0
2011-10-24,0.6635935311972744,0.33640646880272573,0.0
2011-10-25,0.542756429605108,0.457243570394892,0.0
2011-10-26,0.9122290818143435,0.08777091818565623,0.0
2011-10-27,0.021760559817798966,0.9782394401822014,0.0
2011-10-28,0.9351827169536395,0.0648172830463604,0.0
2011-10-31,0.02656790702197872,0.9734320929780214,0.0
2011-11-01,0.03113697612952209,0.9688630238704778,0.0
2011-11-02,0.8961765341157792,0.10382346588422038,0.0
2011-11-03,0.7609187756596502,0.23908122434034987,0.0
2011-11-04,0.9790836012623144,0.02091639873768567,0.0
2011-11-07,0.9504226812408642,0.04957731875913596,0.0
2011-11-08,0.9286618143904452,0.07133818560955552,0.0
2011-11-09,0.25742276745462883,0.7425772325453712,0.0
2011-11-10,0.9633765651019027,0.03662343489809753,0.0
2011-11-11,0.4558394764161223,0.5441605235838778,0.0
2011-11-14,0.9370949303051083,0.06290506969489182,0.0
2011-11-15,0.8940931083706818,0.10590689162931813,0.0
2011-11-16,0.8948664243734175,0.10513357562658254,0.0
2011-11-17,0.46902873913301696,0.530971260866983,0.0
2011-11-18,0.9599178820685952,0.04008211793140446,0.0
2011-11-21,0.42476460313004,0.5752353968699604,0.0
2011-11-22,0.9468214501441181,0.05317854985588223,0.0
2011-11-23,0.39454134594090656,0.6054586540590934,0.0
2011-11-25,0.8776292986904497,0.1223707013095503,0.0
2011-11-28,0.25043331607314345,0.7495666839268565,0.0
2011-11-29,0.9445711114531956,0.05542888854680457,0.0
2011-11-30,0.00762422240748664,0.9923757775925134,0.0
2011-12-01,0.9740020992010437,0.025997900798956343,0.0
2011-12-02,0.9262271084671297,0.07377289153287063,0.0
2011-12-05,0.862572160556087,0.1374278394439129,0.0
2011-12-06,0.9383669744251198,0.061633025574879985,0.0
2011-12-07,0.949496884265774,0.05050311573422574,0.0
2011-12-08,0.5647425235589596,0.4352574764410404,0.0
2011-12-09,0.8662759489525348,0.1337240510474654,0.0
2011-12-12,0.6396539436000459,0.3603460563999543,0.0
2011-12-13,0.8031237763384997,0.19687622366150057,0.0
2011-12-14,0.19130827177184767,0.8086917282281523,0.0
2011-12-15,0.9636953741879,0.03630462581210029,0.0
2011-12-16,0.9510117825698294,0.04898821743017061,0.0
2011-12-19,0.8977828886087572,0.10221711139124305,0.0
2011-12-20,0.40710607181954855,0.5928939281804512,0.0
2011-12-21,0.9663886451310546,0.033611354868945266,0.0
2011-12-22,0.9619633618107803,0.03803663818922,0.0
2011-12-23,0.9600321121765438,0.039967887823455985,0.0
2011-12-27,0.9618980132854293,0.038101986714570504,0.0
2011-12-28,0.779375207259877,0.22062479274012325,0.0
2011-12-29,0.9297630312106921,0.07023696878930763,0.0
2011-12-30,0.9445022200810123,0.055497779918987834,0.0
2012-01-03,0.48392556062828546,0.5160744393717143,0.0
2012-01-04,0.9589037776921577,0.041096222307842434,0.0
2012-01-05,0.8019975656397049,0.19800243436029522,0.0
2012-01-06,0.9694307360880547,0.03056926391194496,0.0
2012-01-09,0.9758142693699696,0.02418573063003066,0.0
2012-01-10,0.9085503129161718,0.09144968708382849,0.0
2012-01-11,0.9606066278326842,0.03939337216731571,0.0
2012-01-12,0.8675113812386309,0.1324886187613691,0.0
2012-01-13,0.958618384005862,0.04138161599413817,0.0
2012-01-17,0.9370035548595317,0.06299644514046837,0.0
2012-01-18,0.9564237898266548,0.04357621017334511,0.0
2012-01-19,0.9440192828111125,0.05598071718888804,0.0
2012-01-20,0.9801836645935067,0.019816335406493198,0.0
2012-01-23,0.8889303625327525,0.11106963746724738,0.0
2012-01-24,0.9339468435827187,0.06605315641728107,0.0
2012-01-25,0.47808378155656445,0.5219162184434357,0.0
2012-01-26,0.49905592673750643,0.5009440732624936,0.0
2012-01-27,0.9507903247839422,0.04920967521605775,0.0
2012-01-30,0.9303638420253681,0.06963615797463138,0.0
2012-01-31,0.9689967295806315,0.031003270419368407,0.0
2012-02-01,0.8674535815593654,0.13254641844063458,0.0
2012-02-02,0.979248638777358,0.02075136122264192,0.0
2012-02-03,0.8182780406775612,0.18172195932243904,0.0
2012-02-06,0.9768684629501808,0.02313153704981922,0.0
2012-02-07,0.9780055139736897,0.021994486026310454,0.0
2012-02-08,0.9805439752633204,0.019456024736679536,0.0
2012-02-09,0.9758866251245767,0.024113374875423393,0.0
2012-02-10,0.8380360726680682,0.16196392733193152,0.0
2012-02-13,0.9637044817901984,0.036295518209801474,0.0
2012-02-14,0.9475088527721593,0.052491147227840665,0.0
2012-02-15,0.9790220893084132,0.020977910691587325,0.0
2012-02-16,0.8835106176099884,0.1164893823900112,0.0
2012-02-17,0.952996119967303,0.04700388003269706,0.0
2012-02-21,0.8595531737502518,0.14044682624974814,0.0
2012-02-22,0.936190939922447,0.06380906007755342,0.0
2012-02-23,0.9693706033643185,0.03062939663568154,0.0
2012-02-24,0.9415501420129735,0.05844985798702671,0.0
2012-02-27,0.9755660540335601,0.02443394596644013,0.0
2012-02-28,0.9575826874253757,0.042417312574624354,0.0
2012-02-29,0.9427560190716857,0.05724398092831445,0.0
2012-03-01,0.9667478200279817,0.033252179972018216,0.0
2012-03-02,0.9510998250562824,0.04890017494371738,0.0
2012-03-05,0.9471670441628884,0.05283295583711171,0.0
2012-03-06,0.4176896552312864,0.5823103447687139,0.0
2012-03-07,0.9730285493059558,0.026971450694044198,0.0
2012-03-08,0.8143917036879307,0.1856082963120696,0.0
2012-03-09,0.8446141661137666,0.15538583388623353,0.0
2012-03-12,0.9736621446489833,0.026337855351016674,0.0
2012-03-13,0.7813095516971291,0.21869044830287104,0.0
2012-03-14,0.43614979074728294,0.5638502092527167,0.0
2012-03-15,0.9651608954443673,0.03483910455563292,0.0
2012-03-16,0.9695589414927921,0.030441058507208026,0.0
2012-03-19,0.9735805828241219,0.02641941717587797,0.0
2012-03-20,0.8006339359928377,0.19936606400716234,0.0
2012-03-21,0.9709475680604575,0.029052431939542184,0.0
2012-03-22,0.882846425336823,0.11715357466317677,0.0
2012-03-23,0.9539358083299655,0.04606419167003423,0.0
2012-03-26,0.9286519065170544,0.07134809348294587,0.0
2012-03-27,0.972589057568169,0.027410942431830964,0.0
2012-03-28,0.9105084424277617,0.08949155757223834,0.0
2012-03-29,0.7837631821003616,0.2162368178996384,0.0
2012-03-30,0.9133036587923655,0.08669634120763416,0.0
2012-04-02,0.906025011726652,0.09397498827334747,0.0
2012-04-03,0.9240793178670289,0.07592068213297079,0.0
2012-04-04,0.376178062317727,0.6238219376822728,0.0
2012-04-05,0.9663083535415694,0.033691646458430584,0.0
2012-04-09,0.8988895151263249,0.1011104848736751,0.0
2012-04-10,0.4634009123435091,0.5365990876564911,0.0
2012-04-11,0.9506966019268722,0.04930339807312747,0.0
2012-04-12,0.7589683075005488,0.2410316924994512,0.0
2012-04-13,0.7679960624484252,0.23200393755157483,0.0
2012-04-16,0.9568122212200955,0.043187778779904505,0.0
2012-04-17,0.81806136414999,0.18193863585001036,0.0
2012-04-18,0.9581389402218253,0.041861059778174156,0.0
2012-04-19,0.965507917632211,0.034492082367788994,0.0
2012-04-20,0.9705088149940769,0.02949118500592316,0.0
2012-04-23,0.7911556837777601,0.20884431622224006,0.0
2012-04-24,0.9705139191851732,0.02948608081482652,0.0
2012-04-25,0.9261302938138298,0.0738697061861702,0.0
2012-04-26,0.9380409055609213,0.06195909443907892,0.0
2012-04-27,0.9617692596037374,0.038230740396262675,0.0
2012-04-30,0.9560331731264057,0.04396682687359455,0.0
2012-05-01,0.9764791208829123,0.023520879117087626,0.0
2012-05-02,0.8676101758984908,0.13238982410150948,0.0
2012-05-03,0.9198265244607446,0.08017347553925547,0.0
2012-05-04,0.6436359034798899,0.35636409652011003,0.0
2012-05-07,0.9676775408581327,0.03232245914186732,0.0
2012-05-08,0.896866377993513,0.10313362200648649,0.0
2012-05-09,0.8678539679736672,0.13214603202633288,0.0
2012-05-10,0.9773010375628491,0.02269896243715073,0.0
2012-05-11,0.9584204781497495,0.041579521850250455,0.0
2012-05-14,0.6891411984583707,0.310858801541629,0.0
2012-05-15,0.6452757754332253,0.3547242245667748,0.0
2012-05-16,0.8959712301000535,0.10402876989994711,0.0
2012-05-17,0.42384808994648154,0.5761519100535185,0.0
2012-05-18,0.7247762796189372,0.27522372038106263,0.0
2012-05-21,0.8268227547842024,0.17317724521579758,0.0
2012-05-22,0.906310173530475,0.09368982646952521,0.0
2012-05-23,0.0788458984984596,0.9211541015015404,0.0
2012-05-24,0.9730076227494371,0.02699237725056298,0.0
2012-05-25,0.9660881858754854,0.033911814124514675,0.0
2012-05-29,0.8349001442007342,0.16509985579926595,0.0
2012-05-30,0.5205880568548975,0.4794119431451026,0.0
2012-05-31,0.9397489695024597,0.06025103049754014,0.0
2012-06-01,0.0003248026972932309,0.9996751973027068,0.0
2012-06-04,0.9621217347578128,0.03787826524218728,0.0
2012-06-05,0.95944216256987,0.040557837430130084,0.0
2012-06-06,0.38403907815286276,0.6159609218471374,0.0
2012-06-07,0.9151881107999538,0.08481188920004619,0.0
2012-06-08,0.9654545932905076,0.03454540670949204,0.0
2012-06-11,0.951820302544264,0.048179697455735644,0.0
2012-06-12,0.8812931909117891,0.11870680908821096,0.0
2012-06-13,0.9560516051200116,0.043948394879988154,0.0
2012-06-14,0.9447186827907614,0.055281317209238644,0.0
2012-06-15,0.8493210525932489,0.15067894740675125,0.0
2012-06-18,0.9474536018654824,0.05254639813451787,0.0
2012-06-19,0.8733516228622122,0.12664837713778826,0.0
2012-06-20,0.9650847946135933,0.03491520538640655,0.0
2012-06-21,0.3021176513821634,0.6978823486178368,0.0
2012-06-22,0.9496351478271337,0.05036485217286611,0.0
2012-06-25,0.24356185761128119,0.7564381423887189,0.0
2012-06-26,0.9653407703314636,0.034659229668536386,0.0
2012-06-27,0.9444630605256004,0.05553693947439984,0.0
2012-06-28,0.9380089941332237,0.06199100586677632,0.0
2012-06-29,0.11529239935134963,0.8847076006486503,0.0
2012-07-02,0.9716777051636024,0.028322294836397848,0.0
2012-07-03,0.4286817313672759,0.5713182686327236,0.0
2012-07-05,0.9230174743951063,0.07698252560489335,0.0
2012-07-06,0.5004240266274763,0.49957597337252385,0.0
2012-07-09,0.5646445966323024,0.4353554033676974,0.0
2012-07-10,0.8444759746527966,0.15552402534720328,0.0
2012-07-11,0.9522261372858246,0.04777386271417526,0.0
2012-07-12,0.9065957969219622,0.09340420307803736,0.0
2012-07-13,0.7853805876538824,0.21461941234611737,0.0
2012-07-16,0.9360081457564539,0.06399185424354556,0.0
2012-07-17,0.9745691648178199,0.02543083518217983,0.0
2012-07-18,0.7803739807272707,0.21962601927272907,0.0
2012-07-19,0.8501019250112487,0.14989807498875135,0.0
2012-07-20,0.7633485250699478,0.23665147493005242,0.0
2012-07-23,0.5152201983531676,0.48477980164683243,0.0
2012-07-24,0.9015446352782446,0.0984553647217555,0.0
2012-07-25,0.9382658946804966,0.06173410531950382,0.0
2012-07-26,0.27627282406619647,0.7237271759338035,0.0
2012-07-27,0.6644820217998862,0.33551797820011353,0.0
2012-07-30,0.9129773240792181,0.0870226759207822,0.0
2012-07-31,0.9255636031534487,0.07443639684655148,0.0
2012-08-01,0.9656461398575764,0.03435386014242363,0.0
2012-08-02,0.6455072879137866,0.35449271208621347,0.0
2012-08-03,0.465499659633756,0.5345003403662439,0.0
2012-08-06,0.9003815864850571,0.09961841351494326,0.0
2012-08-07,0.9341132348646263,0.0658867651353739,0.0
2012-08-08,0.9752337880442012,0.02476621195579869,0.0
2012-08-09,0.9648356820620996,0.03516431793790056,0.0
2012-08-10,0.9016085370926848,0.09839146290731529,0.0
2012-08-13,0.9492504320090791,0.050749567990921146,0.0
2012-08-14,0.9580759101423538,0.04192408985764615,0.0
2012-08-15,0.9478776024522757,0.05212239754772422,0.0
2012-08-16,0.9072375491154886,0.09276245088451109,0.0
2012-08-17,0.9759798545320238,0.02402014546797604,0.0
2012-08-20,0.9653757186225256,0.034624281377474496,0.0
2012-08-21,0.9180017265256465,0.08199827347435333,0.0
2012-08-22,0.9223166116511308,0.07768338834886936,0.0
2012-08-23,0.8670050294639781,0.13299497053602202,0.0
2012-08-24,0.9663704654422991,0.03362953455770119,0.0
2012-08-27,0.9726898932279907,0.027310106772008957,0.0
2012-08-28,0.9706549620890401,0.029345037910959736,0.0
2012-08-29,0.9580114468573775,0.041988553142622155,0.0
2012-08-30,0.933680214579147,0.0663197854208529,0.0
2012-08-31,0.8201613484443545,0.17983865155564535,0.0
2012-09-04,0.9600816843990782,0.03991831560092167,0.0
2012-09-05,0.9662632376458745,0.033736762354125475,0.0
2012-09-06,0.5142436328181036,0.48575636718189613,0.0
2012-09-07,0.5375102756974098,0.46248972430258994,0.0
2012-09-10,0.9496859091299861,0.05031409087001393,0.0
2012-09-11,0.9550056765227367,0.04499432347726305,0.0
2012-09-12,0.9706041714591892,0.029395828540810732,0.0
2012-09-13,0.7375729760324827,0.2624270239675175,0.0
2012-09-14,0.8042480000497108,0.19575199995028938,0.0
2012-09-17,0.5403917924410996,0.45960820755890036,0.0
2012-09-18,0.9349251448858557,0.06507485511414483,0.0
2012-09-19,0.9659784640983592,0.0340215359016407,0.0
2012-09-20,0.9585232636193053,0.04147673638069453,0.0
2012-09-21,0.9614066547888134,0.038593345211186576,0.0
2012-09-24,0.9242567966218924,0.07574320337810739,0.0
2012-09-25,0.9527881154875688,0.04721188451243105,0.0
2012-09-26,0.7386977059939258,0.261302294006074,0.0
2012-09-27,0.913403630356272,0.08659636964372817,0.0
2012-09-28,0.871117707266923,0.12888229273307678,0.0
2012-10-01,0.9698158453773976,0.030184154622602405,0.0
2012-10-02,0.9756355963171621,0.024364403682838112,0.0
2012-10-03,0.936931852784657,0.06306814721534289,0.0
2012-10-04,0.911531896780135,0.08846810321986472,0.0
2012-10-05,0.9618326245199968,0.038167375480003075,0.0
2012-10-08,0.9495426215101814,0.05045737848981839,0.0
2012-10-09,0.8348941328433057,0.16510586715669448,0.0
2012-10-10,0.9420654190714493,0.05793458092855126,0.0
2012-10-11,0.9483325527891655,0.05166744721083453,0.0
2012-10-12,0.909514462904491,0.09048553709550908,0.0
2012-10-15,0.9186947807178513,0.08130521928214864,0.0
2012-10-16,0.8897871296292721,0.11021287037072766,0.0
2012-10-17,0.9525995034209973,0.04740049657900267,0.0
2012-10-18,0.9195358166814438,0.08046418331855612,0.0
2012-10-19,0.7644817107337736,0.2355182892662268,0.0
2012-10-22,0.933334823259577,0.06666517674042317,0.0
2012-10-23,0.5967428410278253,0.4032571589721746,0.0
2012-10-24,0.9715732137021437,0.028426786297856194,0.0
2012-10-25,0.9243531743376758,0.07564682566232406,0.0
2012-10-26,0.9619032217882351,0.03809677821176462,0.0
2012-10-31,0.9277569690249352,0.07224303097506428,0.0
2012-11-01,0.9493192582350047,0.05068074176499534,0.0
2012-11-02,0.6363546377805637,0.3636453622194364,0.0
2012-11-05,0.9737554676258043,0.02624453237419582,0.0
2012-11-06,0.8582492161657876,0.14175078383421222,0.0
2012-11-07,0.3838099926475821,0.6161900073524179,0.0
2012-11-08,0.8773541946355732,0.1226458053644267,0.0
2012-11-09,0.961286513552348,0.038713486447651796,0.0
2012-11-12,0.9728226571066256,0.027177342893374503,0.0
2012-11-13,0.9669142966097798,0.033085703390220114,0.0
2012-11-14,0.4361765977977824,0.5638234022022173,0.0
2012-11-15,0.9563740256095365,0.04362597439046332,0.0
2012-11-16,0.9650949773703053,0.03490502262969491,0.0
2012-11-19,0.3702905314984472,0.6297094685015527,0.0
2012-11-20,0.9643170172357426,0.035682982764257846,0.0
2012-11-21,0.9655636675431187,0.03443633245688124,0.0
2012-11-23,0.9027841883261829,0.09721581167381704,0.0
2012-11-26,0.9650434634029731,0.03495653659702729,0.0
2012-11-27,0.9433747088670105,0.05662529113298972,0.0
2012-11-28,0.9460510530775966,0.05394894692240325,0.0
2012-11-29,0.9593420766721102,0.0406579233278894,0.0
2012-11-30,0.9727172204105816,0.02728277958941805,0.0
2012-12-03,0.9506291048213107,0.049370895178689235,0.0
2012-12-04,0.9431702542905477,0.05682974570945239,0.0
2012-12-05,0.74633871559772,0.25366128440228003,0.0
2012-12-06,0.9688072263869232,0.031192773613076874,0.0
2012-12-07,0.9437861781002084,0.056213821899791225,0.0
2012-12-10,0.9684295444553882,0.03157045554461156,0.0
2012-12-11,0.9616779608933236,0.03832203910667648,0.0
2012-12-12,0.951223251481205,0.04877674851879503,0.0
2012-12-13,0.9420440244176367,0.05795597558236356,0.0
2012-12-14,0.9642671993062912,0.03573280069370857,0.0
2012-12-17,0.9643481852278836,0.03565181477211631,0.0
2012-12-18,0.9301499482338305,0.06985005176616957,0.0
2012-12-19,0.9677514261225841,0.03224857387741581,0.0
2012-12-20,0.9732621850662471,0.02673781493375339,0.0
2012-12-21,0.929347814695886,0.07065218530411432,0.0
2012-12-24,0.966037892743187,0.03396210725681299,0.0
2012-12-26,0.9624878491907973,0.037512150809202886,0.0
2012-12-27,0.9738979959726457,0.02610200402735427,0.0
2012-12-28,0.949694607659748,0.050305392340252206,0.0
2012-12-31,0.877307110674866,0.12269288932513436,0.0
2013-01-02,0.4028207353975725,0.5971792646024274,0.0
2013-01-03,0.860443060624662,0.1395569393753379,0.0
2013-01-04,0.8469940315724344,0.15300596842756536,0.0
2013-01-07,0.9540023134128626,0.04599768658713735,0.0
2013-01-08,0.9644650743833367,0.03553492561666339,0.0
2013-01-09,0.9684207847695351,0.0315792152304653,0.0
2013-01-10,0.9282767319031583,0.07172326809684162,0.0
2013-01-11,0.973556805567771,0.02644319443222882,0.0
2013-01-14,0.959990010519111,0.04000998948088887,0.0
2013-01-15,0.9673468264481967,0.032653173551802986,0.0
2013-01-16,0.9688245447429411,0.031175455257059243,0.0
2013-01-17,0.9544048283787625,0.0455951716212379,0.0
2013-01-18,0.968089064500026,0.03191093549997401,0.0
2013-01-22,0.9463429432519032,0.053657056748097044,0.0
2013-01-23,0.9576463992827146,0.04235360071728583,0.0
2013-01-24,0.925915550309559,0.07408444969044113,0.0
2013-01-25,0.9179431879280125,0.08205681207198776,0.0
2013-01-28,0.9707346824469296,0.029265317553070148,0.0
2013-01-29,0.9629264443326578,0.03707355566734203,0.0
2013-01-30,0.8889337369555983,0.11106626304440174,0.0
2013-01-31,0.9690719041832694,0.030928095816730734,0.0
2013-02-01,0.9467695590546243,0.053230440945375525,0.0
2013-02-04,0.7860274876164348,0.21397251238356532,0.0
2013-02-05,0.9596551122750039,0.04034488772499622,0.0
2013-02-06,0.9698049503284999,0.030195049671500194,0.0
2013-02-07,0.9331791921377012,0.06682080786229876,0.0
2013-02-08,0.9623874589347937,0.03761254106520678,0.0
2013-02-11,0.952678824047308,0.04732117595269185,0.0
2013-02-12,0.9525123412241676,0.04748765877583218,0.0
2013-02-13,0.9628294424491138,0.03717055755088601,0.0
2013-02-14,0.9633399326106291,0.03666006738937076,0.0
2013-02-15,0.9310993935475697,0.06890060645243047,0.0
2013-02-19,0.9406279098339707,0.059372090166029394,0.0
2013-02-20,0.711201525866241,0.288798474133759,0.0
2013-02-21,0.4669145774966531,0.5330854225033465,0.0
2013-02-22,0.9617353026634239,0.03826469733657591,0.0
2013-02-25,0.90422255751321,0.09577744248679007,0.0
2013-02-26,0.9242915151395211,0.07570848486047854,0.0
2013-02-27,0.8931148761320712,0.106885123867929,0.0
2013-02-28,0.9581426265160152,0.04185737348398443,0.0
2013-03-01,0.9464340574755775,0.05356594252442246,0.0
2013-03-04,0.9161110169825802,0.08388898301741936,0.0
2013-03-05,0.9283685969947408,0.07163140300525918,0.0
2013-03-06,0.6150380793970229,0.384961920602977,0.0
2013-03-07,0.9263697642092514,0.07363023579074876,0.0
2013-03-08,0.8601433393823934,0.1398566606176069,0.0
2013-03-11,0.9736101121877411,0.026389887812258685,0.0
2013-03-12,0.9442847095720696,0.05571529042793024,0.0
2013-03-13,0.9541017836297986,0.045898216370201646,0.0
2013-03-14,0.9578963559100171,0.04210364408998276,0.0
2013-03-15,0.9210668059436253,0.07893319405637468,0.0
2013-03-18,0.8830823730963411,0.1169176269036589,0.0
2013-03-19,0.9715466395386017,0.028453360461397993,0.0
2013-03-20,0.9655169184248633,0.03448308157513675,0.0
2013-03-21,0.8941475970750679,0.10585240292493203,0.0
2013-03-22,0.9536678058033677,0.04633219419663244,0.0
2013-03-25,0.9638521845427,0.03614781545729982,0.0
2013-03-26,0.9662656425110017,0.03373435748899809,0.0
2013-03-27,0.9520045497881533,0.047995450211846875,0.0
2013-03-28,0.8594747077409253,0.1405252922590751,0.0
2013-04-01,0.9407975749307637,0.05920242506923608,0.0
2013-04-02,0.8520353306019881,0.14796466939801206,0.0
2013-04-03,0.70966322106964,0.29033677893036,0.0
2013-04-04,0.8170855704413592,0.1829144295586411,0.0
2013-04-05,0.9011269513977993,0.09887304860220042,0.0
2013-04-08,0.913777925563385,0.08622207443661487,0.0
2013-04-09,0.8869659454724055,0.1130340545275946,0.0
2013-04-10,0.5609633925884687,0.4390366074115309,0.0
2013-04-11,0.944379364301172,0.05562063569882788,0.0
2013-04-12,0.6000004719423273,0.3999995280576729,0.0
2013-04-15,0.000518014469308999,0.9994819855306911,0.0
2013-04-16,0.9392938816397194,0.06070611836028076,0.0
2013-04-17,0.46783072162014605,0.5321692783798537,0.0
2013-04-18,0.8451801559169836,0.1548198440830165,0.0
2013-04-19,0.957919219342512,0.0420807806574879,0.0
2013-04-22,0.9594237911637435,0.04057620883625646,0.0
2013-04-23,0.8130933070893587,0.18690669291064133,0.0
2013-04-24,0.44792366790572674,0.5520763320942735,0.0
2013-04-25,0.8941086491234664,0.10589135087653356,0.0
2013-04-26,0.7554108143260992,0.24458918567390014,0.0
2013-04-29,0.7879669596859397,0.2120330403140603,0.0
2013-04-30,0.9025196246105395,0.09748037538946039,0.0
2013-05-01,0.7811694316703951,0.21883056832960487,0.0
2013-05-02,0.9711984710527496,0.02880152894725026,0.0
2013-05-03,0.8499668259133444,0.15003317408665554,0.0
2013-05-06,0.9666971890479756,0.033302810952024385,0.0
2013-05-07,0.9285318957039074,0.07146810429609281,0.0
2013-05-08,0.6886924219376129,0.31130757806238707,0.0
2013-05-09,0.9190818751273809,0.08091812487261897,0.0
2013-05-10,0.05383386305973648,0.9461661369402637,0.0
2013-05-13,0.9523207625726361,0.047679237427364005,0.0
2013-05-14,0.952895449840991,0.04710455015900889,0.0
2013-05-15,0.8245865324625065,0.17541346753749346,0.0
2013-05-16,0.9177921016199935,0.08220789838000617,0.0
2013-05-17,0.6946607738991745,0.3053392261008257,0.0
2013-05-20,0.6369682162367244,0.3630317837632752,0.0
2013-05-21,0.9517234721211301,0.04827652787886964,0.0
2013-05-22,0.9191201134171859,0.08087988658281385,0.0
2013-05-23,0.5157423071673299,0.4842576928326702,0.0
2013-05-24,0.9681321508919568,0.031867849108043064,0.0
2013-05-28,0.7266296502444807,0.2733703497555195,0.0
2013-05-29,0.5843724388184974,0.4156275611815025,0.0
2013-05-30,0.5146685995961285,0.4853314004038712,0.0
2013-05-31,0.6329304961245781,0.3670695038754222,0.0
2013-06-03,0.7845953734288816,0.2154046265711182,0.0
2013-06-04,0.9621378438637095,0.03786215613629035,0.0
2013-06-05,0.4676077488531483,0.532392251146852,0.0
2013-06-06,0.93794065538839,0.0620593446116101,0.0
2013-06-07,0.5262887207722462,0.47371127922775386,0.0
2013-06-10,0.8568986488832717,0.14310135111672836,0.0
2013-06-11,0.6201593376957046,0.37984066230429503,0.0
2013-06-12,0.9235455296720542,0.0764544703279456,0.0
2013-06-13,0.9365649706164711,0.06343502938352899,0.0
2013-06-14,0.9494875386887098,0.05051246131128995,0.0
2013-06-17,0.9500182196174224,0.04998178038257748,0.0
2013-06-18,0.9371817594002744,0.06281824059972588,0.0
2013-06-19,0.6827499555200334,0.3172500444799664,0.0
2013-06-20,9.545244334418627e-08,0.9999999045475569,0.0
2013-06-21,0.8764921530611428,0.12350784693885752,0.0
2013-06-24,0.3426704009125879,0.6573295990874122,0.0
2013-06-25,0.9509982958112764,0.04900170418872351,0.0
2013-06-26,0.2548406603811582,0.7451593396188416,0.0
2013-06-27,0.9030040112726085,0.09699598872739161,0.0
2013-06-28,0.10314059819832991,0.89685940180167,0.0
2013-07-01,0.9491661594070211,0.050833840592979115,0.0
2013-07-02,0.7986524069196259,0.20134759308037467,0.0
2013-07-03,0.9320041158221807,0.06799588417781896,0.0
2013-07-05,0.42684579693190755,0.5731542030680922,0.0
2013-07-08,0.8352190315116317,0.16478096848836818,0.0
2013-07-09,0.9591210143645936,0.04087898563540601,0.0
2013-07-10,0.9298935659609364,0.07010643403906336,0.0
2013-07-11,0.0055457472136804555,0.9944542527863195,0.0
2013-07-12,0.9626170450556168,0.03738295494438306,0.0
2013-07-15,0.9752957983795941,0.02470420162040566,0.0
2013-07-16,0.6512716316939734,0.3487283683060264,0.0
2013-07-17,0.9521824060880103,0.04781759391198977,0.0
2013-07-18,0.9522845746312631,0.04771542536873684,0.0
2013-07-19,0.8748353007907413,0.12516469920925863,0.0
2013-07-22,0.4607970969823493,0.539202903017651,0.0
2013-07-23,0.8974375959931429,0.10256240400685698,0.0
2013-07-24,0.8247998098814806,0.17520019011851942,0.0
2013-07-25,0.9533210808681595,0.046678919131839886,0.0
2013-07-26,0.8271263619634676,0.17287363803653238,0.0
2013-07-29,0.9603718672027262,0.03962813279727363,0.0
2013-07-30,0.9655451092481032,0.03445489075189688,0.0
2013-07-31,0.9595523566278208,0.04044764337217903,0.0
2013-08-01,0.6912091308693233,0.3087908691306766,0.0
2013-08-02,0.8607435063085461,0.13925649369145354,0.0
2013-08-05,0.96317295561397,0.03682704438602989,0.0
2013-08-06,0.569044501377276,0.43095549862272425,0.0
2013-08-07,0.9123202338993355,0.08767976610066447,0.0
2013-08-08,0.10999579287810508,0.8900042071218949,0.0
2013-08-09,0.9559018606900697,0.04409813930993008,0.0
2013-08-12,0.44144266438137053,0.5585573356186295,0.0
2013-08-13,0.668131658906677,0.3318683410933231,0.0
2013-08-14,0.7560469277236049,0.24395307227639496,0.0
2013-08-15,0.02595416403982619,0.9740458359601739,0.0
2013-08-16,0.9551501867695604,0.044849813230439774,0.0
2013-08-19,0.9253685094243156,0.07463149057568443,0.0
2013-08-20,0.7291910957812844,0.2708089042187157,0.0
2013-08-21,0.7807800143438977,0.21921998565610207,0.0
2013-08-22,0.9025360225242526,0.09746397747574737,0.0
2013-08-23,0.8997369966671818,0.10026300333281764,0.0
2013-08-26,0.9370952166430028,0.06290478335699708,0.0
2013-08-27,0.10075740192136753,0.8992425980786323,0.0
2013-08-28,0.9112660841128111,0.08873391588718896,0.0
2013-08-29,0.9499272298845917,0.050072770115408595,0.0
2013-08-30,0.9365772276437989,0.06342277235620096,0.0
2013-09-03,0.9015986858658781,0.09840131413412179,0.0
2013-09-04,0.8903390977427141,0.1096609022572856,0.0
2013-09-05,0.7479233653260804,0.2520766346739196,0.0
2013-09-06,0.886144451362856,0.11385554863714402,0.0
2013-09-09,0.9035277930841007,0.09647220691589914,0.0
2013-09-10,0.737001721802941,0.262998278197059,0.0
2013-09-11,0.9548047535280626,0.04519524647193733,0.0
2013-09-12,0.5218138738588646,0.4781861261411354,0.0
2013-09-13,0.9590332033408513,0.040966796659148735,0.0
2013-09-16,0.8371588588945456,0.1628411411054545,0.0
2013-09-17,0.9361885148507969,0.06381148514920323,0.0
2013-09-18,0.0765084019440234,0.9234915980559766,0.0
2013-09-19,0.5147884423215704,0.48521155767842944,0.0
2013-09-20,0.4809279834755939,0.519072016524406,0.0
2013-09-23,0.9349272699195736,0.06507273008042641,0.0
2013-09-24,0.9596501246931368,0.040349875306863334,0.0
2013-09-25,0.9577925281360671,0.04220747186393288,0.0
2013-09-26,0.9563127776606045,0.043687222339395634,0.0
2013-09-27,0.9515362300156601,0.048463769984339954,0.0
2013-09-30,0.9165765943720702,0.08342340562792963,0.0
2013-10-01,0.9250853170751178,0.07491468292488283,0.0
2013-10-02,0.9246705290241717,0.07532947097582852,0.0
2013-10-03,0.955684699865424,0.044315300134575866,0.0
2013-10-04,0.9696086255993839,0.030391374400616438,0.0
2013-10-07,0.8816300959360437,0.11836990406395613,0.0
2013-10-08,0.8125493096968988,0.18745069030310155,0.0
2013-10-09,0.9328317891101559,0.06716821088984382,0.0
2013-10-10,0.5688871445378203,0.4311128554621795,0.0
2013-10-11,0.928738496820672,0.07126150317932792,0.0
2013-10-14,0.9699648911744845,0.0300351088255154,0.0
2013-10-15,0.8151705783825675,0.1848294216174322,0.0
2013-10-16,0.9373487997238754,0.0626512002761245,0.0
2013-10-17,0.07935740120817203,0.9206425987918276,0.0
2013-10-18,0.9506352186636999,0.04936478133630043,0.0
2013-10-21,0.9357278360506702,0.06427216394932955,0.0
2013-10-22,0.6604649998354125,0.3395350001645873,0.0
2013-10-23,0.8801880835508833,0.11981191644911655,0.0
2013-10-24,0.869386996366409,0.1306130036335908,0.0
2013-10-25,0.9727598849921,0.027240115007900256,0.0
2013-10-28,0.9670464901947321,0.032953509805267796,0.0
2013-10-29,0.9547843025921889,0.04521569740781095,0.0
2013-10-30,0.9630681076039862,0.03693189239601344,0.0
2013-10-31,0.7890990672407108,0.21090093275928928,0.0
2013-11-01,0.795389167540036,0.20461083245996442,0.0
2013-11-04,0.9098847961691149,0.0901152038308846,0.0
2013-11-05,0.9524952693719309,0.04750473062806898,0.0
2013-11-06,0.9642520634227582,0.03574793657724207,0.0
2013-11-07,0.7523469223672367,0.2476530776327632,0.0
2013-11-08,0.8826926671375912,0.11730733286240864,0.0
2013-11-11,0.9734409241398133,0.026559075860186524,0.0
2013-11-12,0.9629390966695335,0.03706090333046635,0.0
2013-11-13,0.9694381252970253,0.030561874702974754,0.0
2013-11-14,0.9294274479404115,0.07057255205958851,0.0
2013-11-15,0.9629597335290871,0.03704026647091272,0.0
2013-11-18,0.9303575011315605,0.06964249886843935,0.0
2013-11-19,0.9566648020439643,0.0433351979560359,0.0
2013-11-20,0.8949906882989698,0.1050093117010303,0.0
2013-11-21,0.9239158756699432,0.07608412433005719,0.0
2013-11-22,0.9576450336214096,0.04235496637859057,0.0
2013-11-25,0.9736836942490109,0.026316305750989144,0.0
2013-11-26,0.9305962538925587,0.06940374610744132,0.0
2013-11-27,0.9694536412965868,0.030546358703413323,0.0
2013-11-29,0.9550958095448602,0.04490419045513949,0.0
2013-12-02,0.6068432108669111,0.3931567891330891,0.0
2013-12-03,0.93756479201289,0.062435207987109845,0.0
2013-12-04,0.7007678826761403,0.2992321173238591,0.0
2013-12-05,0.9202881163377261,0.07971188366227393,0.0
2013-12-06,0.9502993165338693,0.04970068346613069,0.0
2013-12-09,0.9589044429927348,0.04109555700726468,0.0
2013-12-10,0.8013924227390185,0.19860757726098194,0.0
2013-12-11,0.7052963949183227,0.29470360508167703,0.0
2013-12-12,0.911842197815006,0.0881578021849939,0.0
2013-12-13,0.971334042664125,0.02866595733587468,0.0
2013-12-16,0.9612318016891501,0.03876819831084984,0.0
2013-12-17,0.9665372906453096,0.03346270935469057,0.0
2013-12-18,0.8319844629433637,0.16801553705663616,0.0
2013-12-19,0.884925358927884,0.11507464107211618,0.0
2013-12-20,0.9600872823655123,0.03991271763448725,0.0
2013-12-23,0.9617690141694082,0.038230985830592104,0.0
2013-12-24,0.9109591334544531,0.08904086654554735,0.0
2013-12-26,0.9710118403225207,0.02898815967747906,0.0
2013-12-27,0.9674823568111242,0.03251764318887568,0.0
2013-12-30,0.9448565887703262,0.0551434112296737,0.0
2013-12-31,0.8295049625093412,0.17049503749065867,0.0
2014-01-02,0.3641995985108547,0.635800401489145,0.0
2014-01-03,0.9699256404823196,0.03007435951767995,0.0
2014-01-06,0.9635324126791529,0.03646758732084696,0.0
2014-01-07,0.971970649146059,0.02802935085394076,0.0
2014-01-08,0.9447635112152233,0.055236488784776924,0.0
2014-01-09,0.9381091497062313,0.061890850293768465,0.0
2014-01-10,0.7595550402612424,0.24044495973875746,0.0
2014-01-13,0.8592165367767182,0.14078346322328214,0.0
2014-01-14,0.9598696716764792,0.04013032832352099,0.0
2014-01-15,0.90224221645413,0.09775778354587003,0.0
2014-01-16,0.9673329551316675,0.03266704486833209,0.0
2014-01-17,0.930831050481727,0.06916894951827307,0.0
2014-01-21,0.9635272179769545,0.03647278202304539,0.0
2014-01-22,0.9141968225149105,0.08580317748508925,0.0
2014-01-23,0.7241410854208825,0.2758589145791176,0.0
2014-01-24,0.044459707793871144,0.955540292206129,0.0
2014-01-27,0.814325918208245,0.18567408179175499,0.0
2014-01-28,0.9577271942671237,0.04227280573287607,0.0
2014-01-29,0.8780618683591023,0.1219381316408978,0.0
2014-01-30,0.9282921749029823,0.07170782509701774,0.0
2014-01-31,0.9498942187134967,0.050105781286503226,0.0
2014-02-03,0.302936385803439,0.6970636141965607,0.0
2014-02-04,0.8254250240030988,0.17457497599690155,0.0
2014-02-05,0.9676098742224102,0.03239012577758983,0.0
2014-02-06,0.8564998333282585,0.14350016667174137,0.0
2014-02-07,0.8082647094783969,0.191735290521603,0.0
2014-02-10,0.8910342180972157,0.10896578190278458,0.0
2014-02-11,0.8029659349760814,0.19703406502391932,0.0
2014-02-12,0.9115923166081881,0.0884076833918117,0.0
2014-02-13,0.8508014915282281,0.14919850847177132,0.0
2014-02-14,0.9459270464930314,0.054072953506968634,0.0
2014-02-18,0.8474314409032087,0.1525685590967913,0.0
2014-02-19,0.8406185720344077,0.1593814279655924,0.0
2014-02-20,0.7520218926537999,0.2479781073461999,0.0
2014-02-21,0.970826436523831,0.02917356347616909,0.0
2014-02-24,0.9688173965844408,0.03118260341555907,0.0
2014-02-25,0.9557998527170819,0.04420014728291811,0.0
2014-02-26,0.9662403296409913,0.03375967035900892,0.0
2014-02-27,0.9675876006340435,0.03241239936595659,0.0
2014-02-28,0.9554418770321776,0.044558122967822175,0.0
2014-03-03,0.4963168674491997,0.5036831325507997,0.0
2014-03-04,0.7520169057112163,0.24798309428878373,0.0
2014-03-05,0.9623954119364825,0.037604588063517165,0.0
2014-03-06,0.9543395355071536,0.04566046449284618,0.0
2014-03-07,0.9484345679372262,0.05156543206277366,0.0
2014-03-10,0.9627036653737882,0.03729633462621205,0.0
2014-03-11,0.9691006826429689,0.03089931735703117,0.0
2014-03-12,0.8767924568403898,0.12320754315961013,0.0
2014-03-13,0.7185486254948067,0.281451374505193,0.0
2014-03-14,0.9129392521996558,0.08706074780034441,0.0
2014-03-17,0.8595002485391923,0.14049975146080743,0.0
2014-03-18,0.9515266562292185,0.048473343770781774,0.0
2014-03-19,0.8451572448011261,0.15484275519887347,0.0
2014-03-20,0.7159805286982325,0.28401947130176713,0.0
2014-03-21,0.9708553691021748,0.02914463089782523,0.0
2014-03-24,0.6975501382214364,0.3024498617785635,0.0
2014-03-25,0.964680749906311,0.03531925009368881,0.0
2014-03-26,0.8584808357425155,0.14151916425748445,0.0
2014-03-27,0.9536814032795563,0.04631859672044412,0.0
2014-03-28,0.9495481596870965,0.050451840312903264,0.0
2014-03-31,0.9219390150899696,0.07806098491003056,0.0
2014-04-01,0.9465337924405685,0.0534662075594316,0.0
2014-04-02,0.9298338809549124,0.07016611904508772,0.0
2014-04-03,0.9535740120789438,0.046425987921056386,0.0
2014-04-04,0.9307160827580583,0.06928391724194136,0.0
2014-04-07,0.8330381284389418,0.16696187156105818,0.0
2014-04-08,0.9037927963708835,0.09620720362911621,0.0
2014-04-09,0.9585070570356011,0.041492942964398934,0.0
2014-04-10,0.5792184592003731,0.4207815407996267,0.0
2014-04-11,0.8526579621595929,0.14734203784040717,0.0
2014-04-14,0.9476273733967059,0.05237262660329397,0.0
2014-04-15,0.9547591622476329,0.045240837752367105,0.0
2014-04-16,0.8922844442419138,0.10771555575808618,0.0
2014-04-17,0.9622398378784203,0.037760162121579864,0.0
2014-04-21,0.9665185858868058,0.033481414113194136,0.0
2014-04-22,0.9623452653255609,0.037654734674439035,0.0
2014-04-23,0.950246679360814,0.04975332063918615,0.0
2014-04-24,0.9642733857655881,0.035726614234411716,0.0
2014-04-25,0.905483324324719,0.09451667567528149,0.0
2014-04-28,0.962791289467144,0.037208710532856126,0.0
2014-04-29,0.9540140879692245,0.04598591203077531,0.0
2014-04-30,0.93621636043389,0.0637836395661101,0.0
2014-05-01,0.9304921416000809,0.06950785839991915,0.0
2014-05-02,0.9523662740483502,0.047633725951649844,0.0
2014-05-05,0.9727765050267116,0.027223494973288624,0.0
2014-05-06,0.9350077346529059,0.06499226534709424,0.0
2014-05-07,0.9610065150547509,0.03899348494524889,0.0
2014-05-08,0.97285160574322,0.02714839425678018,0.0
2014-05-09,0.9456966206498495,0.054303379350150206,0.0
2014-05-12,0.9492849280936732,0.05071507190632698,0.0
2014-05-13,0.9734660406675211,0.026533959332478662,0.0
2014-05-14,0.9571651714706081,0.0428348285293921,0.0
2014-05-15,0.9171223236034621,0.08287767639653837,0.0
2014-05-16,0.968053613629493,0.03194638637050699,0.0
2014-05-19,0.9711615843225845,0.028838415677415432,0.0
2014-05-20,0.9564452620565728,0.043554737943427145,0.0
2014-05-21,0.9620798043640684,0.037920195635931776,0.0
2014-05-22,0.9721654335062027,0.027834566493797692,0.0
2014-05-23,0.9718823801529963,0.02811761984700416,0.0
2014-05-27,0.8983970887859908,0.10160291121400922,0.0
2014-05-28,0.9503753483080741,0.04962465169192588,0.0
2014-05-29,0.9665814481368477,0.033418551863151805,0.0
2014-05-30,0.9561988114120599,0.0438011885879403,0.0
2014-06-02,0.9546836626100637,0.04531633738993657,0.0
2014-06-03,0.9607930096522915,0.03920699034770861,0.0
2014-06-04,0.9719546439948836,0.02804535600511615,0.0
2014-06-05,0.9547033735478554,0.04529662645214464,0.0
2014-06-06,0.959323602737167,0.04067639726283287,0.0
2014-06-09,0.9730841361168239,0.026915863883176294,0.0
2014-06-10,0.9258835117330516,0.07411648826694843,0.0
2014-06-11,0.944005539578947,0.05599446042105285,0.0
2014-06-12,0.8839776406197031,0.11602235938029706,0.0
2014-06-13,0.9698248067945053,0.030175193205494936,0.0
2014-06-16,0.9693766011304674,0.03062339886953313,0.0
2014-06-17,0.9576602637259674,0.04233973627403259,0.0
2014-06-18,0.943041390817225,0.056958609182775,0.0
2014-06-19,0.7512529562499546,0.24874704375004586,0.0
2014-06-20,0.9639930694256688,0.03600693057433124,0.0
2014-06-23,0.9481860323732716,0.051813967626728276,0.0
2014-06-24,0.9071194036306796,0.09288059636932014,0.0
2014-06-25,0.9589958577553235,0.04100414224467657,0.0
2014-06-26,0.9680325690510376,0.031967430948962386,0.0
2014-06-27,0.966188535733861,0.033811464266138916,0.0
2014-06-30,0.8920523049576466,0.10794769504235366,0.0
2014-07-01,0.9540140115279749,0.04598598847202491,0.0
2014-07-02,0.9460800062260274,0.05391999377397237,0.0
2014-07-03,0.9652068562891799,0.034793143710820346,0.0
2014-07-07,0.9057828386807355,0.09421716131926423,0.0
2014-07-08,0.8903920424427302,0.10960795755726989,0.0
2014-07-09,0.9011357366066453,0.09886426339335498,0.0
2014-07-10,0.9283133643554482,0.0716866356445515,0.0
2014-07-11,0.9030583805996516,0.0969416194003488,0.0
2014-07-14,0.9224716388643766,0.07752836113562327,0.0
2014-07-15,0.9331197357389686,0.0668802642610317,0.0
2014-07-16,0.9589358829394193,0.04106411706058065,0.0
2014-07-17,0.7452570118249076,0.2547429881750928,0.0
2014-07-18,0.9576185194719724,0.04238148052802771,0.0
2014-07-21,0.9680617931831895,0.03193820681681038,0.0
2014-07-22,0.9526816368865033,0.047318363113496395,0.0
2014-07-23,0.9716255012060204,0.028374498793979974,0.0
2014-07-24,0.9627119037851829,0.03728809621481736,0.0
2014-07-25,0.8745272307627723,0.1254727692372277,0.0
2014-07-28,0.9708224995363459,0.02917750046365461,0.0
2014-07-29,0.9644083096882362,0.035591690311763534,0.0
2014-07-30,0.9221280267622773,0.07787197323772226,0.0
2014-07-31,0.5472305128748173,0.45276948712518283,0.0
2014-08-01,0.9198898790267247,0.0801101209732752,0.0
2014-08-04,0.9540284257217806,0.04597157427821945,0.0
2014-08-05,0.8927059099783359,0.10729409002166417,0.0
2014-08-06,0.9224307075369709,0.07756929246302863,0.0
2014-08-07,0.9511533731887468,0.048846626811253006,0.0
2014-08-08,0.954204673781346,0.045795326218653704,0.0
2014-08-11,0.9564031322012303,0.043596867798770325,0.0
2014-08-12,0.9355143334072026,0.0644856665927972,0.0
2014-08-13,0.9536595516758798,0.04634044832412,0.0
2014-08-14,0.9556046583517599,0.04439534164824027,0.0
2014-08-15,0.9634476791590876,0.03655232084091247,0.0
2014-08-18,0.9263985684270816,0.07360143157291826,0.0
2014-08-19,0.9649434899471018,0.035056510052897956,0.0
2014-08-20,0.96732730842277,0.03267269157722978,0.0
2014-08-21,0.9454020843777803,0.054597915622219696,0.0
2014-08-22,0.9622676963992542,0.03773230360074563,0.0
2014-08-25,0.9582535578218769,0.04174644217812356,0.0
2014-08-26,0.9495158657664327,0.05048413423356738,0.0
2014-08-27,0.9670188816026615,0.03298111839733837,0.0
2014-08-28,0.9559669217948095,0.04403307820519085,0.0
2014-08-29,0.9679767886299064,0.032023211370093584,0.0
2014-09-02,0.8098153581433198,0.19018464185668035,0.0
2014-09-03,0.9716982018573489,0.028301798142651026,0.0
2014-09-04,0.8749920342754154,0.1250079657245849,0.0
2014-09-05,0.970233391977723,0.0297666080222768,0.0
2014-09-08,0.9343479980549118,0.06565200194508872,0.0
2014-09-09,0.7736187873792801,0.2263812126207198,0.0
2014-09-10,0.956079457358919,0.043920542641081355,0.0
2014-09-11,0.9422249885221058,0.05777501147789419,0.0
2014-09-12,0.9304537117806151,0.0695462882193851,0.0
2014-09-15,0.9698638915463483,0.03013610845365176,0.0
2014-09-16,0.9608230174026872,0.039176982597313,0.0
2014-09-17,0.9536837757244058,0.04631622427559401,0.0
2014-09-18,0.8272800443636328,0.17271995563636738,0.0
2014-09-19,0.9384280303582802,0.06157196964171947,0.0
2014-09-22,0.8485046728206426,0.1514953271793574,0.0
2014-09-23,0.9066169295658396,0.09338307043416028,0.0
2014-09-24,0.9292227457412388,0.07077725425876111,0.0
2014-09-25,0.7600434839022399,0.2399565160977605,0.0
2014-09-26,0.9522507797434908,0.04774922025650935,0.0
2014-09-29,0.8847664432388415,0.11523355676115835,0.0
2014-09-30,0.8765321976476572,0.12346780235234245,0.0
2014-10-01,0.7691053386687534,0.2308946613312468,0.0
2014-10-02,0.8803576474667288,0.11964235253327142,0.0
2014-10-03,0.5869980402462522,0.41300195975374787,0.0
2014-10-06,0.8812178499418865,0.1187821500581134,0.0
2014-10-07,0.3056641299230197,0.6943358700769802,0.0
2014-10-08,0.09683018244504327,0.903169817554957,0.0
2014-10-09,0.3928473389948711,0.6071526610051288,0.0
2014-10-10,0.36417875331752597,0.6358212466824739,0.0
2014-10-13,0.791261640798775,0.208738359201225,0.0
2014-10-14,0.9448206583801773,0.055179341619822686,0.0
2014-10-15,0.32582678978709556,0.6741732102129047,0.0
2014-10-16,0.9346707562275443,0.06532924377245584,0.0
2014-10-17,0.6241740883190116,0.3758259116809881,0.0
2014-10-20,0.8592844281832429,0.1407155718167573,0.0
2014-10-21,0.6887709288453003,0.3112290711546994,0.0
2014-10-22,0.8896745256898775,0.11032547431012234,0.0
2014-10-23,0.9119650904665567,0.08803490953344319,0.0
2014-10-24,0.9560537738491199,0.04394622615087991,0.0
2014-10-27,0.9384755903367829,0.06152440966321739,0.0
2014-10-28,0.8940936636307703,0.1059063363692297,0.0
2014-10-29,0.571164117768783,0.42883588223121694,0.0
2014-10-30,0.25202409807631165,0.7479759019236882,0.0
2014-10-31,0.1257010196598567,0.8742989803401429,0.0
2014-11-03,0.5119974498821704,0.4880025501178295,0.0
2014-11-04,0.5505504884075785,0.4494495115924212,0.0
2014-11-05,0.6462435501380339,0.353756449861966,0.0
2014-11-06,0.7313691586393398,0.26863084136066,0.0
2014-11-07,0.2172789736730679,0.7827210263269325,0.0
2014-11-10,0.37944560510008385,0.6205543948999159,0.0
2014-11-11,0.7081515589314674,0.2918484410685325,0.0
2014-11-12,0.9659663100448628,0.03403368995513712,0.0
2014-11-13,0.930275503878578,0.06972449612142179,0.0
2014-11-14,0.4556307484976651,0.5443692515023342,0.0
2014-11-17,0.9504401504747731,0.04955984952522724,0.0
2014-11-18,0.5834013896561199,0.4165986103438806,0.0
2014-11-19,0.571601033104694,0.4283989668953062,0.0
2014-11-20,0.9393932118416206,0.06060678815837931,0.0
2014-11-21,0.9585663233706653,0.04143367662933496,0.0
2014-11-24,0.9559986108618442,0.044001389138156,0.0
2014-11-25,0.8676141630644721,0.13238583693552833,0.0
2014-11-26,0.9485950551570026,0.05140494484299722,0.0
2014-11-28,0.00024265107361635987,0.9997573489263838,0.0
2014-12-01,0.0641376271717172,0.9358623728282828,0.0
2014-12-02,0.4210958994801577,0.5789041005198423,0.0
2014-12-03,0.814671819904531,0.18532818009546898,0.0
2014-12-04,0.9242174673729588,0.0757825326270415,0.0
2014-12-05,0.794210201182263,0.20578979881773746,0.0
2014-12-08,0.7737904288913973,0.22620957110860251,0.0
2014-12-09,0.2800657601951114,0.7199342398048885,0.0
2014-12-10,0.4748316308868533,0.5251683691131466,0.0
2014-12-11,0.9653758348899014,0.034624165110098686,0.0
2014-12-12,0.2821494431692155,0.7178505568307848,0.0
2014-12-15,0.13379787410847782,0.8662021258915222,0.0
2014-12-16,0.6240769768036251,0.3759230231963747,0.0
2014-12-17,0.27764806118256186,0.7223519388174381,0.0
2014-12-18,0.014636716071660777,0.985363283928339,0.0
2014-12-19,0.9594686583409958,0.04053134165900425,0.0
2014-12-22,0.3291766752719937,0.6708233247280061,0.0
2014-12-23,0.8679922331790644,0.1320077668209359,0.0
2014-12-24,0.6529070990084593,0.34709290099154055,0.0
2014-12-26,0.9411887413672011,0.05881125863279851,0.0
2014-12-29,0.9285134641000845,0.0714865358999155,0.0
2014-12-30,0.6890724082475483,0.3109275917524519,0.0
2014-12-31,0.7127548579950576,0.28724514200494267,0.0
2015-01-02,0.8793819135037644,0.12061808649623555,0.0
2015-01-05,0.05790962195825167,0.9420903780417488,0.0
2015-01-06,0.12517550445881193,0.8748244955411881,0.0
2015-01-07,0.9010135301558437,0.09898646984415652,0.0
2015-01-08,0.2564644391267965,0.7435355608732037,0.0
2015-01-09,0.654154175356384,0.34584582464361596,0.0
2015-01-12,0.2297962149318517,0.7702037850681481,0.0
2015-01-13,0.752809377802023,0.2471906221979771,0.0
2015-01-14,0.27475296030138163,0.7252470396986185,0.0
2015-01-15,0.2695310311149083,0.7304689688850914,0.0
2015-01-16,0.5873569658363995,0.4126430341636006,0.0
2015-01-20,0.26115132763135096,0.738848672368649,0.0
2015-01-21,0.9092719718859146,0.09072802811408538,0.0
2015-01-22,0.660636390401137,0.33936360959886314,0.0
2015-01-23,0.910269509127313,0.0897304908726871,0.0
2015-01-26,0.9502809679676231,0.0497190320323773,0.0
2015-01-27,0.7631949875274764,0.23680501247252378,0.0
2015-01-28,0.5730681023593308,0.42693189764066897,0.0
2015-01-29,0.8534729404407011,0.14652705955929907,0.0
2015-01-30,0.1559128241237292,0.8440871758762712,0.0
2015-02-02,0.9165080699550291,0.08349193004497142,0.0
2015-02-03,0.03611695846640009,0.9638830415336,0.0
2015-02-04,0.24490051387876294,0.7550994861212372,0.0
2015-02-05,0.9394929342086673,0.06050706579133268,0.0
2015-02-06,0.2946704960744636,0.7053295039255366,0.0
2015-02-09,0.9156774259997582,0.08432257400024183,0.0
2015-02-10,0.7720275898929589,0.22797241010704106,0.0
2015-02-11,0.9504465771369217,0.04955342286307814,0.0
2015-02-12,0.6270157699914506,0.3729842300085496,0.0
2015-02-13,0.8871043336229518,0.11289566637704807,0.0
2015-02-17,0.914432668590171,0.08556733140982908,0.0
2015-02-18,0.8847644058467509,0.1152355941532493,0.0
2015-02-19,0.9490074745520324,0.050992525447967334,0.0
2015-02-20,0.9647430876024143,0.03525691239758605,0.0
2015-02-23,0.9313417074409005,0.06865829255909989,0.0
2015-02-24,0.9666960272871499,0.033303972712850294,0.0
2015-02-25,0.9326014807696916,0.06739851923030897,0.0
2015-02-26,0.8584444428356479,0.14155555716435156,0.0
2015-02-27,0.9040467549516157,0.09595324504838436,0.0
2015-03-02,0.785921904815253,0.21407809518474727,0.0
2015-03-03,0.9361383528413025,0.06386164715869765,0.0
2015-03-04,0.9252534220350788,0.07474657796492143,0.0
2015-03-05,0.9710024933831016,0.028997506616898337,0.0
2015-03-06,0.0076047629830106505,0.9923952370169895,0.0
2015-03-09,0.8722909956756565,0.12770900432434346,0.0
2015-03-10,0.2516207741002767,0.7483792258997232,0.0
2015-03-11,0.7871562300469215,0.21284376995307897,0.0
2015-03-12,0.8533732467975816,0.14662675320241816,0.0
2015-03-13,0.7049598705203836,0.2950401294796164,0.0
2015-03-16,0.8469170779483445,0.15308292205165525,0.0
2015-03-17,0.9603509245046139,0.03964907549538595,0.0
2015-03-18,0.4662082247808346,0.5337917752191651,0.0
2015-03-19,0.9637729393948538,0.03622706060514601,0.0
2015-03-20,0.20234058753901601,0.7976594124609838,0.0
2015-03-23,0.9248815901135441,0.0751184098864556,0.0
2015-03-24,0.9668842186713364,0.03311578132866371,0.0
2015-03-25,0.774397484366146,0.22560251563385356,0.0
2015-03-26,0.7186848933764984,0.2813151066235017,0.0
2015-03-27,0.7803478273983772,0.2196521726016223,0.0
2015-03-30,0.9139454481107506,0.08605455188924946,0.0
2015-03-31,0.8032805606245423,0.19671943937545766,0.0
2015-04-01,0.4194509522275097,0.5805490477724905,0.0
2015-04-02,0.9301959451218822,0.06980405487811785,0.0
2015-04-06,0.6474167560689065,0.35258324393109375,0.0
2015-04-07,0.7733973042466744,0.2266026957533256,0.0
2015-04-08,0.5868873201903406,0.4131126798096593,0.0
2015-04-09,0.8682401384582097,0.13175986154179,0.0
2015-04-10,0.9352667205751143,0.06473327942488602,0.0
2015-04-13,0.9536530077462787,0.04634699225372141,0.0
2015-04-14,0.7190360159981375,0.28096398400186273,0.0
2015-04-15,0.5501656824641825,0.44983431753581743,0.0
2015-04-16,0.891693134621242,0.10830686537875778,0.0
2015-04-17,0.7976688341174208,0.2023311658825789,0.0
2015-04-20,0.9335769446285699,0.06642305537142999,0.0
2015-04-21,0.9666029659616369,0.03339703403836338,0.0
2015-04-22,0.9371143715464164,0.06288562845358339,0.0
2015-04-23,0.9352634815098171,0.06473651849018275,0.0
2015-04-24,0.9199235573038191,0.08007644269618037,0.0
2015-04-27,0.9469274766509764,0.05307252334902327,0.0
2015-04-28,0.8754081696713694,0.12459183032863086,0.0
2015-04-29,0.9087618466878042,0.09123815331219587,0.0
2015-04-30,0.6498558370679867,0.35014416293201334,0.0
2015-05-01,0.9332204976133909,0.06677950238660899,0.0
2015-05-04,0.9638397532812857,0.03616024671871433,0.0
2015-05-05,0.5886241786682692,0.411375821331731,0.0
2015-05-06,0.9373555172956463,0.0626444827043535,0.0
2015-05-07,0.8431488372625562,0.15685116273744387,0.0
2015-05-08,0.6774955453990212,0.32250445460097865,0.0
2015-05-11,0.8441425774501461,0.15585742254985419,0.0
2015-05-12,0.9080590635482166,0.0919409364517836,0.0
2015-05-13,0.9314733152505227,0.06852668474947712,0.0
2015-05-14,0.9465167335680623,0.05348326643193784,0.0
2015-05-15,0.8574198129682288,0.14258018703177114,0.0
2015-05-18,0.8990352259093438,0.10096477409065627,0.0
2015-05-19,0.15453930721088896,0.8454606927891114,0.0
2015-05-20,0.9701595986220105,0.029840401377989777,0.0
2015-05-21,0.9451928495926968,0.05480715040730347,0.0
2015-05-22,0.8514955569445535,0.14850444305544663,0.0
2015-05-26,0.24084333623851376,0.7591566637614859,0.0
2015-05-27,0.926909032441207,0.07309096755879249,0.0
2015-05-28,0.9644233169124791,0.03557668308752067,0.0
2015-05-29,0.8605154337240812,0.13948456627591874,0.0
2015-06-01,0.871268030459785,0.12873196954021549,0.0
2015-06-02,0.9369098626562959,0.06309013734370422,0.0
2015-06-03,0.9248643703106907,0.07513562968930919,0.0
2015-06-04,0.8685773773619193,0.13142262263808063,0.0
2015-06-05,0.21000574998010418,0.7899942500198959,0.0
2015-06-08,0.9452892963242995,0.05471070367570078,0.0
2015-06-09,0.7520162803588685,0.24798371964113133,0.0
2015-06-10,0.6982226886315808,0.30177731136841923,0.0
2015-06-11,0.8921129436542378,0.10788705634576201,0.0
2015-06-12,0.9103679626362661,0.08963203736373399,0.0
2015-06-15,0.9122551675153808,0.08774483248461927,0.0
2015-06-16,0.9604880466413712,0.03951195335862841,0.0
2015-06-17,0.9454063042005025,0.05459369579949795,0.0
2015-06-18,0.5064510295823892,0.4935489704176107,0.0
2015-06-19,0.9240959547002934,0.07590404529970665,0.0
2015-06-22,0.8275800393459054,0.1724199606540946,0.0
2015-06-23,0.6370571164289516,0.3629428835710484,0.0
2015-06-24,0.9505288374960325,0.04947116250396775,0.0
2015-06-25,0.9560370437606123,0.04396295623938775,0.0
2015-06-26,0.9250205210738514,0.07497947892614841,0.0
2015-06-29,0.032386131683784604,0.9676138683162151,0.0
2015-06-30,0.5642404095941111,0.4357595904058889,0.0
2015-07-01,0.7763458811747912,0.22365411882520903,0.0
2015-07-02,0.9520166446741894,0.04798335532581054,0.0
2015-07-06,0.05849463356896591,0.941505366431034,0.0
2015-07-07,0.6272864486015846,0.3727135513984156,0.0
2015-07-08,0.5435475186279999,0.4564524813720001,0.0
2015-07-09,0.8348005727473818,0.16519942725261838,0.0
2015-07-10,0.6637554902256938,0.3362445097743064,0.0
2015-07-13,0.8337594698640889,0.16624053013591134,0.0
2015-07-14,0.96059235248117,0.03940764751882987,0.0
2015-07-15,0.9228900582350217,0.07710994176497812,0.0
2015-07-16,0.9445144891086159,0.055485510891384385,0.0
2015-07-17,0.7430864548625389,0.2569135451374609,0.0
2015-07-20,0.003603448781044643,0.9963965512189557,0.0
2015-07-21,0.9168655700242452,0.08313442997575451,0.0
2015-07-22,0.9036996929525755,0.09630030704742441,0.0
2015-07-23,0.5955205737207072,0.4044794262792932,0.0
2015-07-24,0.40217136314861807,0.597828636851382,0.0
2015-07-27,0.4128625189359482,0.5871374810640514,0.0
2015-07-28,0.9017414442176988,0.09825855578230074,0.0
2015-07-29,0.9367715538776071,0.06322844612239334,0.0
2015-07-30,0.9028869210297307,0.0971130789702692,0.0
2015-07-31,0.7194518828696375,0.28054811713036265,0.0
2015-08-03,0.7285754696445891,0.27142453035541064,0.0
2015-08-04,0.947980728229633,0.052019271770367345,0.0
2015-08-05,0.7667613130702837,0.23323868692971614,0.0
2015-08-06,0.812638055981618,0.18736194401838185,0.0
2015-08-07,0.944294776376294,0.05570522362370598,0.0
2015-08-10,0.032313724012260146,0.9676862759877399,0.0
2015-08-11,0.38664026295730913,0.613359737042691,0.0
2015-08-12,0.10214784593592792,0.8978521540640724,0.0
2015-08-13,0.6365906477332927,0.3634093522667071,0.0
2015-08-14,0.9746672678544499,0.02533273214555051,0.0
2015-08-17,0.7774965623711427,0.2225034376288572,0.0
2015-08-18,0.9493273626136635,0.05067263738633648,0.0
2015-08-19,0.495695695975537,0.5043043040244631,0.0
2015-08-20,0.05140319585526244,0.948596804144738,0.0
2015-08-21,0.0011366281812622337,0.9988633718187374,0.0
2015-08-24,1.901776939004134e-10,0.9999999998098226,0.0
2015-08-25,0.03780978563003138,0.9621902143699688,0.0
2015-08-26,0.01072498305685473,0.9892750169431451,0.0
2015-08-27,0.00010382223033212423,0.9998961777696674,0.0
2015-08-28,0.6237195789526319,0.37628042104736814,0.0
2015-08-31,0.4525110594977237,0.5474889405022763,0.0
2015-09-01,0.0006568288737507598,0.9993431711262492,0.0
2015-09-02,0.9181144692904599,0.08188553070953974,0.0
2015-09-03,0.9509100913839866,0.049089908616013714,0.0
2015-09-04,0.2106564993174469,0.7893435006825534,0.0
2015-09-08,0.48926903763940566,0.5107309623605946,0.0
2015-09-09,0.8706184681075989,0.12938153189240126,0.0
2015-09-10,0.9299242030733359,0.07007579692666388,0.0
2015-09-11,0.9563790051599714,0.04362099484002848,0.0
2015-09-14,0.9521955689202004,0.047804431079799745,0.0
2015-09-16,0.25319047657846927,0.7468095234215307,0.0
2015-09-17,0.9113733895611343,0.0886266104388656,0.0
2015-09-18,0.07496982873457395,0.9250301712654263,0.0
2015-09-21,0.31726484651559084,0.6827351534844094,0.0
2015-09-22,0.13809820900124165,0.8619017909987583,0.0
2015-09-23,0.9623289742217491,0.0376710257782513,0.0
2015-09-24,0.10591250746928715,0.894087492530713,0.0
2015-09-25,0.6250001573304363,0.3749998426695637,0.0
2015-09-28,0.00976711975017112,0.9902328802498289,0.0
2015-09-29,0.9256875098096735,0.07431249019032685,0.0
2015-09-30,0.22264485008039872,0.7773551499196011,0.0
2015-10-01,0.8928457945013679,0.10715420549863248,0.0
2015-10-02,0.0714887723966098,0.9285112276033903,0.0
2015-10-05,0.07123846261455187,0.9287615373854479,0.0
2015-10-06,0.7478543359345197,0.2521456640654801,0.0
2015-10-07,0.9487125185493241,0.05128748145067578,0.0
2015-10-08,0.9631266272209376,0.03687337277906251,0.0
2015-10-09,0.8179852568600101,0.18201474313998944,0.0
2015-10-12,0.7958465249522815,0.2041534750477188,0.0
2015-10-13,0.9243207601050021,0.07567923989499817,0.0
2015-10-14,0.19987403157950961,0.8001259684204903,0.0
2015-10-15,0.7710423520746388,0.22895764792536116,0.0
2015-10-16,0.8920725451158132,0.10792745488418684,0.0
2015-10-19,0.7615616431055846,0.23843835689441556,0.0
2015-10-20,0.7958023839822665,0.20419761601773315,0.0
2015-10-21,0.8246091662277187,0.17539083377228143,0.0
2015-10-22,0.7968731918081946,0.20312680819180556,0.0
2015-10-23,0.39191418617868023,0.6080858138213199,0.0
2015-10-26,0.8924837073443369,0.10751629265566298,0.0
2015-10-27,0.9387373630042974,0.06126263699570239,0.0
2015-10-28,0.8064711052042416,0.19352889479575847,0.0
2015-10-29,0.6150226892089672,0.3849773107910329,0.0
2015-10-30,0.8721864550790022,0.1278135449209982,0.0
2015-11-02,0.9346155506184278,0.06538444938157251,0.0
2015-11-03,0.9171002842356792,0.08289971576432052,0.0
2015-11-04,0.8749222614794002,0.12507773852060022,0.0
2015-11-05,0.8226683461816047,0.17733165381839552,0.0
2015-11-06,0.20184556436217552,0.7981544356378245,0.0
2015-11-09,0.6321091621669478,0.367890837833052,0.0
2015-11-10,0.9320339204839246,0.06796607951607563,0.0
2015-11-11,0.9602769821868491,0.039723017813150796,0.0
2015-11-12,0.7112488396779542,0.28875116032204584,0.0
2015-11-13,0.8073949638144646,0.19260503618553526,0.0
2015-11-16,0.9488201457506118,0.05117985424938822,0.0
2015-11-17,0.5338771196568314,0.4661228803431682,0.0
2015-11-18,0.6709809929656855,0.32901900703431436,0.0
2015-11-19,0.8738642889531206,0.12613571104687893,0.0
2015-11-20,0.895336937727332,0.10459338875687707,6.96735157907945e-05
2015-11-23,0.9587083413388899,0.04127914255115913,1.2516109950550992e-05
2015-11-24,0.8378007329825913,0.1621330343662262,6.623265118262586e-05
2015-11-25,0.9757714364698478,0.024222611023298295,5.952506853635855e-06
2015-11-27,0.8906817673005705,0.10925729137687308,6.094132255636495e-05
2015-11-30,0.8812024429174381,0.11873360593150703,6.39511510547752e-05
2015-12-01,0.8205619002062449,0.17933545663285802,0.00010264316089718456
2015-12-02,0.6944968955547148,0.3053031377457772,0.00019996669950754332
2015-12-03,0.42297717281242064,0.5762906104046477,0.0007322167829312551
2015-12-04,0.47683580699241823,0.5223453833042829,0.0008188097032986527
2015-12-07,0.09416981803153845,0.9050395593710194,0.0007906225974418692
2015-12-08,0.8311007546179262,0.16878536490985488,0.00011388047221883747
2015-12-09,0.9140262497574131,0.0859465832193726,2.716702321449421e-05
2015-12-10,0.9706782575078694,0.029312091842977894,9.650649152396929e-06
2015-12-11,0.28136182582225155,0.7181057997995747,0.0005323743781741165
2015-12-14,0.4045653924062081,0.5907029458603523,0.004731661733439561
2015-12-15,0.664683940326577,0.33418175658729943,0.001134303086123186
2015-12-16,0.2889310134026254,0.7087017358743601,0.002367250723014435
2015-12-17,0.12030784114180279,0.8783993223830017,0.0012928364751959376
2015-12-18,0.1884983832740003,0.8109145742253302,0.0005870425006695811
2015-12-21,0.9599376852338647,0.04005181756816479,1.0497197970448446e-05
2015-12-22,0.9387141283917243,0.06125060743908893,3.526416918668382e-05
2015-12-23,0.5478214654912646,0.45149816219399197,0.0006803723147430929
2015-12-24,0.9338403103674102,0.0661401642745806,1.9525358009197127e-05
2015-12-28,0.7863007367166677,0.2135030415031134,0.0001962217802188664
2015-12-29,0.6801694166282968,0.3192823316590599,0.0005482517126435192
2015-12-30,0.8904613969987766,0.1094842304339821,5.437256724134764e-05
2015-12-31,0.8797460728953922,0.12020402766747174,4.989943713641064e-05
2016-01-04,0.08041832465236104,0.9190344794889249,0.0005471958587137875
2016-01-05,0.9717668575263421,0.02822459476257591,8.547711082087528e-06
2016-01-06,0.3546515356401927,0.6449554897770515,0.0003929745827554697
2016-01-07,0.027228762100393183,0.9720769470090446,0.0006942908905621751
2016-01-08,0.6367712072890954,0.3627528181052907,0.00047597460561379213
2016-01-11,0.318991186700266,0.680250360725422,0.0007584525743120483
2016-01-12,0.8723794306406187,0.1275298908787697,9.067848061112605e-05
2016-01-13,0.7605852145277565,0.23930216955634376,0.0001126159158995773
2016-01-14,0.8797460385887286,0.12006659356613122,0.00018736784514022817
2016-01-15,0.07085288057893808,0.9281928894048125,0.0009542300162496794
2016-01-19,0.31971932848586826,0.6793672423775811,0.0009134291365508045
2016-01-20,0.020647746880461535,0.9783310079095445,0.0010212452099941697
2016-01-21,0.8552323122194434,0.14467387844286123,9.380933769546753e-05
2016-01-22,0.013498012333485779,0.98474467148073,0.001757316185784576
2016-01-25,0.443590362381895,0.5560640094411157,0.0003456281769895338
2016-01-26,0.5049272476408463,0.49466536891287316,0.0004073834462805023
2016-01-27,0.89839560997672,0.10156644690530622,3.794311797400463e-05
2016-01-28,0.9285208356338419,0.07143051825288248,4.864611327627415e-05
2016-01-29,0.18053151075280896,0.8181877652263649,0.0012807240208263146
2016-02-01,0.41081902955698313,0.5882788203516179,0.0009021500913987774
2016-02-02,0.15071147228538107,0.848508589898102,0.0007799378165171537
2016-02-03,0.008602883858212408,0.9874079376673388,0.003989178474448627
2016-02-04,0.5302387075819719,0.4693322084154232,0.00042908400260510535
2016-02-05,0.027049542628041184,0.9713564612790433,0.0015939960929156317
2016-02-08,0.14975086936936985,0.8497484777757146,0.0005006528549159394
2016-02-09,0.08582385755559534,0.9102120427581717,0.003964099686233148
2016-02-10,0.9358728438190939,0.06409614261631898,3.101356458761731e-05
2016-02-11,0.005610697072363656,0.9902012434791132,0.004188059448523122
2016-02-12,0.02794649678120909,0.9447675480824953,0.027285955136295573
2016-02-16,0.23020591128890955,0.7685231398040824,0.0012709489070078335
2016-02-17,0.34555023637024784,0.6538034256117685,0.0006463380179833688
2016-02-18,0.633462599053734,0.36617712461660046,0.00036027632966558414
2016-02-19,0.9355695943339233,0.06439982963245139,3.057603362469968e-05
2016-02-22,0.762765888722073,0.2370974290666986,0.00013668221122835932
2016-02-23,0.5510000963813546,0.448787616397829,0.00021228722081671533
2016-02-24,0.9102780789384386,0.08963146768782704,9.04533737337869e-05
2016-02-25,0.7667831962514197,0.2326095929944077,0.0006072107541723399
2016-02-26,0.8504197405348798,0.14934547947174245,0.00023477999337759235
2016-02-29,0.8289467791225678,0.17092330303558562,0.00012991784184646746
2016-03-01,0.17460922078520108,0.823389806442868,0.002000972771930834
2016-03-02,0.7805866022761694,0.21896370060246237,0.00044969712136829566
2016-03-03,0.7413837932108585,0.25820393540226105,0.00041227138688008534
2016-03-04,0.6819231294324688,0.3176824668531887,0.00039440371434242195
2016-03-07,0.8790575385197725,0.12084397123171269,9.849024851446872e-05
2016-03-08,0.050791888925914984,0.9128501082480621,0.03635800282602278
2016-03-09,0.6810956003732707,0.3180476702289958,0.0008567293977335591
2016-03-10,0.8329446746074087,0.16680388132827534,0.00025144406431634893
2016-03-11,0.1901697134628426,0.8077476603388518,0.0020826261983053324
2016-03-14,0.9242010381991992,0.07568297536495157,0.00011598643584893036
2016-03-15,0.9267764871961133,0.0731721783951337,5.1334408753351946e-05
2016-03-16,0.27828751188325496,0.7179920147866031,0.003720473330141584
2016-03-17,2.7765248405924766e-06,0.9000175415542883,0.09997968192087126
2016-03-18,0.9583327806234057,0.04163817520549481,2.90441710991135e-05
2016-03-21,0.9639060475760699,0.03606723489740223,2.671752652794987e-05
2016-03-22,0.9687635210443206,0.031219355331849552,1.7123623829932663e-05
2016-03-23,0.05476552732585005,0.9417496613061165,0.003484811368033165
2016-03-24,0.8588286253591273,0.14101062662957997,0.00016074801129287983
2016-03-28,0.969383521089957,0.030592662483447962,2.381642659513156e-05
2016-03-29,0.5852098864820098,0.4136592524846653,0.001130861033324721
2016-03-30,0.47284901015753056,0.5234504602578822,0.0037005295845875833
2016-03-31,0.9576491169872886,0.04230801005595806,4.287295675291849e-05
2016-04-01,0.8854581281212426,0.11440673321962806,0.0001351386591291937
2016-04-04,0.7125089951354441,0.28649959152305976,0.0009914133414960634
2016-04-05,0.36474090955205024,0.6345200629272234,0.0007390275207265733
2016-04-06,0.9215136322877964,0.07842587174048789,6.0495971715430725e-05
2016-04-07,0.7281904866335517,0.2715213470939895,0.0002881662724583586
2016-04-08,0.5206934733128491,0.47849781420480253,0.0008087124823484348
2016-04-11,0.4557145752275855,0.5433184034370535,0.0009670213353606286
2016-04-12,0.43025465027918075,0.568011426146398,0.0017339235744210778
2016-04-13,0.6362731439442133,0.36322793206761783,0.0004989239881688888
2016-04-14,0.9097074420959004,0.09018703937432127,0.0001055185297780973
2016-04-15,0.912607760533054,0.08733138817722046,6.0851289725354606e-05
2016-04-18,0.9740220676947982,0.02596454051012085,1.3391795080855753e-05
2016-04-19,0.18087648151772484,0.8172173081141629,0.0019062103681119192
2016-04-20,0.5962876915292219,0.4028858908976957,0.0008264175730827098
2016-04-21,0.885340766489201,0.11447920146157313,0.00018003204922568662
2016-04-22,0.8293975715780743,0.17002855786334728,0.0005738705585781852
2016-04-25,0.9718204993774918,0.028163564907098926,1.593571540936482e-05
2016-04-26,0.9256271748625137,0.07432115931418541,5.166582330089957e-05
2016-04-27,0.9603792128675639,0.03957949407819254,4.12930542438122e-05
2016-04-28,0.2597029646763961,0.7362240957179774,0.004072939605626361
2016-04-29,0.18085527229512116,0.8173711492321505,0.0017735784727284543
2016-05-02,0.8925393290558834,0.10722411507998997,0.0002365558641261052
2016-05-03,0.44002178480140647,0.5587174849412435,0.0012607302573502612
2016-05-04,0.5911506458679298,0.4081377986107504,0.0007115555213199291
2016-05-05,0.8710489598369785,0.128764528876185,0.00018651128683658036
2016-05-06,0.8048975703100908,0.1947895926012983,0.00031283708861091196
2016-05-09,0.1300083656755477,0.867996504458735,0.0019951298657175333
2016-05-10,0.4029105023236386,0.5959860134174018,0.0011034842589601004
2016-05-11,0.6232752817253547,0.3762581915600743,0.00046652671457097074
2016-05-12,0.956163442962643,0.043800492482440515,3.606455491661244e-05
2016-05-13,0.8594990341096301,0.14032923831392188,0.00017172757644803873
2016-05-16,0.9052976436005352,0.09460044309432074,0.00010191330514422324
2016-05-17,0.929439932604521,0.07051416305869368,4.590433678537176e-05
2016-05-18,0.07789152584281385,0.9136519502224361,0.008456523934749742
2016-05-19,0.6813248183608391,0.31800765947920695,0.000667522159953834
2016-05-20,0.9586353912194041,0.04133624707578326,2.8361704812700277e-05
2016-05-23,0.9572767421522294,0.04269238494907185,3.087289869864113e-05
2016-05-24,0.19066891465894376,0.8075677169396809,0.001763368401375779
2016-05-25,0.8749220824442524,0.12497515843811295,0.0001027591176346288
2016-05-26,0.9519433058368774,0.04800554961708359,5.114454603909952e-05
2016-05-27,0.9062348761027487,0.09366500836902543,0.00010011552822640606
2016-05-31,0.964602680875252,0.03537750388033706,1.9815244410749454e-05
2016-06-01,0.9396542714931589,0.06028458396681433,6.114454002673505e-05
2016-06-02,0.9451199775770117,0.05483785385053151,4.216857245670623e-05
2016-06-03,0.0007995546846311508,0.9657990958985812,0.03340134941678806
2016-06-06,0.9459508217979616,0.05401558551142942,3.359269060861172e-05
2016-06-07,0.9509088873444291,0.04904619450717009,4.49181484005707e-05
2016-06-08,0.7360769731189791,0.2636273498136406,0.0002956770673805211
2016-06-09,0.9426596352730938,0.057306027846544726,3.433688036138411e-05
2016-06-10,0.5365291670804385,0.46294713398448806,0.0005236989350737105
2016-06-13,0.7358558638022938,0.2638993864085716,0.00024474978913443125
2016-06-14,0.8248737423723365,0.17483436242360695,0.00029189520405659933
2016-06-15,0.7387754407365525,0.26087581993702613,0.0003487393264212522
2016-06-16,0.7339300751154895,0.265018719935444,0.0010512049490667013
2016-06-17,0.8491923344643915,0.15066645424842118,0.00014121128718701926
2016-06-20,0.4572907928571591,0.541718765487358,0.0009904416554828595
2016-06-21,0.9392888301687259,0.060641834053010116,6.933577826426118e-05
2016-06-22,0.939098520853098,0.06085349071417355,4.7988432728611206e-05
2016-06-23,0.752476651293699,0.24723290761611025,0.0002904410901907525
2016-06-24,2.974294266667467e-18,0.900184282250654,0.09981571774934593
2016-06-27,0.04957201395264018,0.9488131931504438,0.0016147928969163176
2016-06-28,0.1328725116509245,0.8649717345669851,0.0021557537820905276
2016-06-29,0.12699228236969282,0.8703622686974388,0.0026454489328681143
2016-06-30,0.7929025996861927,0.2067265739611272,0.0003708263526801455
2016-07-01,0.7577224471648523,0.241930034364877,0.0003475184702706318
2016-07-05,0.12155559813436942,0.8765280266419563,0.0019163752236740293
2016-07-06,0.8278046836950341,0.17191068460685727,0.0002846316981082246
2016-07-07,0.4347282361191335,0.5641381941654037,0.0011335697154624045
2016-07-08,0.8043594733209988,0.19544131033774012,0.00019921634126138986
2016-07-11,0.757589124445916,0.24145723004267267,0.0009536455114115365
2016-07-12,0.23576247273830636,0.761911851768261,0.0023256754934324587
2016-07-13,0.8398575025312874,0.1599103589100836,0.000232138558628764
2016-07-14,0.9493638732707266,0.05059429246306664,4.183426620651088e-05
2016-07-15,0.920825831623137,0.07906819419572422,0.0001059741811387091
2016-07-18,0.9751072023935201,0.02487881569175284,1.3981914726933986e-05
2016-07-19,0.9446329366955087,0.055318144167221396,4.89191372699821e-05
2016-07-20,0.40759435763764557,0.5912312402163052,0.0011744021460492193
2016-07-21,0.8597919114626059,0.14006226401862448,0.00014582451876944707
2016-07-22,0.9754105698647049,0.024574555358496532,1.487477679874528e-05
2016-07-25,0.8495372498290038,0.15023219456253034,0.0002305556084657351
2016-07-26,0.8465039564003314,0.1532818190735903,0.0002142245260779645
2016-07-27,0.6323951751842359,0.36655735869603034,0.0010474661197336231
2016-07-28,0.9449842079261519,0.05496656183840496,4.923023544327501e-05
2016-07-29,0.4191358235772795,0.5764937450463694,0.004370431376350685
2016-08-01,0.6383648534024483,0.36029706244441617,0.001338084153135832
2016-08-02,0.88966949903028,0.110217626341007,0.00011287462871304054
2016-08-03,0.9249032154600896,0.07503646541870149,6.031912120890247e-05
2016-08-04,0.9711892311653427,0.02879131554580655,1.9453288850130102e-05
2016-08-05,0.8808543266260289,0.11897256922960797,0.0001731041443635736
2016-08-08,0.9655198135931903,0.034450818271362364,2.936813544739662e-05
2016-08-09,0.9075855267332839,0.09229438921583526,0.0001200840508811615
2016-08-10,0.8616128608765709,0.13822961799457592,0.00015752112885337736
2016-08-11,0.9458935413171465,0.05404818699297687,5.827168987661557e-05
2016-08-12,0.9706312990799899,0.02934468054703863,2.4020372971336247e-05
2016-08-15,0.8997922783694908,0.10011208788403758,9.56337464716756e-05
2016-08-16,0.9337732295648075,0.0661707179531444,5.605248204857354e-05
2016-08-17,0.9648451812316841,0.03512451749609942,3.030127221651788e-05
2016-08-18,0.9361018190141673,0.06383956464751835,5.861633831443651e-05
2016-08-19,0.9393858894139793,0.06055086111199959,6.324947402144242e-05
2016-08-22,0.9437440463688904,0.05617619673551175,7.975689559762964e-05
2016-08-23,0.943491694603602,0.05643172795677733,7.657743962049938e-05
2016-08-24,0.06635193151806643,0.9289127115017095,0.00473535698022408
2016-08-25,0.9625205095732243,0.037447259917871435,3.223050890427928e-05
2016-08-26,0.9740604428959037,0.025915578217518213,2.3978886578276925e-05
2016-08-29,0.7025795054231443,0.29125860406410525,0.006161890512750163
2016-08-30,0.603511781983286,0.3954988540619254,0.0009893639547884593
2016-08-31,0.9300768662374921,0.06982187276203275,0.00010126100047503702
2016-09-01,0.7520753860477318,0.2473748273757161,0.0005497865765520112
2016-09-02,0.6261746044399165,0.3714039335603987,0.002421461999684891
2016-09-06,0.4656106283466238,0.5316527571596749,0.0027366144937017505
2016-09-07,0.9488202736197049,0.05109916709095856,8.05592893365273e-05
2016-09-08,0.6813671037465026,0.3175381259234836,0.0010947703300136797
2016-09-09,0.0016110951481724124,0.9681558956951989,0.030233009156628833
2016-09-12,0.8628682275741897,0.13685996224124777,0.00027181018456236175
2016-09-13,0.3561746340684174,0.6419292131216321,0.0018961528099504979
2016-09-14,0.9697858879886885,0.030182101984124847,3.20100271872309e-05
2016-09-15,0.9596914752046869,0.040271412829341866,3.7111965970761514e-05
2016-09-16,0.9452566447147295,0.05468659849118128,5.6756794089142244e-05
2016-09-19,0.9701262611043312,0.0298505353682329,2.3203527436099835e-05
2016-09-20,0.9615124052527898,0.03845480387535613,3.279087185410509e-05
2016-09-21,0.18353169852045303,0.8117779023494552,0.0046903991300915005
2016-09-22,0.4672050346065186,0.5259188705396558,0.006876094853825563
2016-09-23,0.784472429777432,0.21516361586773586,0.00036395435483228876
2016-09-26,0.706282718134532,0.29292963939579625,0.0007876424696717045
2016-09-27,0.9482958311556475,0.05163557941549061,6.858942886193516e-05
2016-09-28,0.8919191450808522,0.10793927255060654,0.00014158236854146044
2016-09-29,0.9614977810253074,0.03845289496408981,4.932401060316878e-05
2016-09-30,0.9685135117708328,0.03143836090006764,4.812732909960599e-05
2016-10-03,0.9457949970708601,0.054147044131148306,5.7958797991862994e-05
2016-10-04,0.008985506424880179,0.9760358669588738,0.014978626616245685
2016-10-05,0.945231813115915,0.05469690060829595,7.128627578905038e-05
2016-10-06,0.9290785832655197,0.07082864447581265,9.277225866777611e-05
2016-10-07,0.9654963608762704,0.0344753966993142,2.8242424415504665e-05
2016-10-10,0.9127939735718671,0.08710534788645882,0.00010067854167374874
2016-10-11,0.7016843331454716,0.2976899420137007,0.00062572484082784
2016-10-12,0.8278397912379857,0.17163192376569278,0.0005282849963216339
2016-10-13,0.9283588369325786,0.07155658485374125,8.457821368037572e-05
2016-10-14,0.9475924565981518,0.052345563782463786,6.197961938463849e-05
2016-10-17,0.9563121677611093,0.043649936534213715,3.789570467732791e-05
2016-10-18,0.8363625035038007,0.1633684414986756,0.0002690549975234497
2016-10-19,0.9459182683306665,0.054030561996351575,5.1169672982232154e-05
2016-10-20,0.937136232058099,0.06277243733856977,9.133060333126709e-05
2016-10-21,0.9716759615687508,0.028300429194030325,2.3609237218805624e-05
2016-10-24,0.9608509967104103,0.03910954936821967,3.9453921369842336e-05
2016-10-25,0.9023532002244924,0.09750272392679507,0.00014407584871272745
2016-10-26,0.95632118464402,0.04362391522906568,5.4900126914404705e-05
2016-10-27,0.8506451314313551,0.14905431281035628,0.00030055575828843273
2016-10-28,0.964396479774947,0.0355698266051732,3.369361987974204e-05
2016-10-31,0.7288165379364381,0.2706559015643957,0.0005275604991660333
2016-11-01,0.8435894955867835,0.15622353703054973,0.00018696738266670742
2016-11-02,0.5178455405351994,0.47781275157976405,0.004341707885036627
2016-11-03,0.9269704451143582,0.07294213041525999,8.742447038169565e-05
2016-11-04,0.9496726450093276,0.05027633371172513,5.102127894741315e-05
2016-11-07,0.19944046474101515,0.7939250604530435,0.006634474805941496
2016-11-08,0.9749625166603055,0.025011955864151263,2.5527475543346585e-05
2016-11-09,0.11716528850317297,0.736008966382223,0.14682574511460422
2016-11-10,0.008499578449051238,0.9247345257857917,0.06676589576515704
2016-11-11,0.19835699574960458,0.7992096119410076,0.002433392309387588
2016-11-14,0.03885519621833004,0.8207709836808138,0.14037382010085633
2016-11-15,0.753750352582108,0.24571796928443573,0.0005316781334558442
2016-11-16,0.9587898858963543,0.04115139693502023,5.8717168625216106e-05
2016-11-17,0.953388350624406,0.04651796499133409,9.36843842598483e-05
2016-11-18,0.535695326517426,0.4574283944536505,0.00687627902892337
2016-11-21,0.6071814325547158,0.3920285414234867,0.0007900260217976393
2016-11-22,0.9758172800491332,0.02416043227752396,2.2287673343369328e-05
2016-11-23,0.6678734903415613,0.3306499003492331,0.001476609309205227
2016-11-25,0.9690603990698502,0.030903591224648093,3.6009705501637254e-05
2016-11-28,0.7584745744250139,0.2411272753021092,0.00039815027287695687
2016-11-29,0.6230227738181292,0.37583857706067614,0.0011386491211944898
2016-11-30,0.4170551580897003,0.5807569058491159,0.00218793606118387
2016-12-01,0.9062262043798899,0.09362128508070479,0.00015251053940537352
2016-12-02,0.8528663661505312,0.14688309490408144,0.0002505389453875138
2016-12-05,0.8974798041345414,0.10236707973448404,0.00015311613097456514
2016-12-06,0.966130471411533,0.03382415344786488,4.537514060201088e-05
2016-12-07,0.7172993077816643,0.2817496052188214,0.0009510869995143672
2016-12-09,0.7747123724738441,0.2246342927459557,0.0006533347802006522
2016-12-12,0.9787211268777973,0.02125744761041879,2.1425511783948647e-05
2016-12-13,0.9383210922161285,0.061588543147079775,9.036463679203439e-05
2016-12-14,0.4620394281167183,0.5339924559233487,0.003968115959933018
2016-12-15,0.00012641392548118295,0.8500958567734646,0.1497777293010544
2016-12-16,0.9760482907232927,0.02393027140044371,2.143787626359952e-05
2016-12-19,0.8780243901345657,0.12161990423744178,0.000355705627992707
2016-12-20,0.9501591266806655,0.04974466236994925,9.621094938561432e-05
2016-12-21,0.9602221993259062,0.03972537454392576,5.242613016766927e-05
2016-12-22,0.9770079268144517,0.022971908687232517,2.0164498315347603e-05
2016-12-23,0.9702705027634815,0.02970254295007954,2.6954286439024233e-05
2016-12-27,0.8575264241672272,0.14222750276082002,0.0002460730719526149
2016-12-28,0.9353792592034788,0.06453614452439475,8.459627212649736e-05
2016-12-29,0.35541783241543967,0.6420073271948877,0.0025748403896725404
2016-12-30,0.716656404091897,0.2818998352693134,0.0014437606387895942
2017-01-03,0.005356083245465862,0.8505116075719792,0.14413230918255487
2017-01-04,0.8647175319823877,0.13505584563560274,0.00022662238200983398
2017-01-05,0.36355352745895136,0.6299866943234405,0.006459778217608488
2017-01-06,0.9228466939065478,0.07699609246784765,0.00015721362560451856
2017-01-09,0.9205416099142152,0.07933879621966997,0.00011959386611450373
2017-01-10,0.9572434560989503,0.042702929787207855,5.3614113841929073e-05
2017-01-11,0.9198487867322134,0.07997219581855089,0.0001790174492353515
2017-01-12,0.03170874158773858,0.8485658339717282,0.11972542444053287
2017-01-13,0.9540683266526357,0.045854565282664475,7.710806469957126e-05
2017-01-17,0.775440866880215,0.22364443533672368,0.0009146977830613316
2017-01-18,0.9644995933450238,0.03543183834942982,6.856830554661687e-05
2017-01-19,0.5116809333313393,0.47840441062352995,0.009914656045130693
2017-01-20,0.9749305919928691,0.025047635008940923,2.177299819008775e-05
2017-01-23,0.6038009869990475,0.3936128768607098,0.0025861361402423596
2017-01-24,0.9699762365225724,0.029981340366479075,4.242311094845897e-05
2017-01-25,0.9074777889628379,0.09232387065347242,0.00019834038368935465
2017-01-26,0.9102965945552436,0.0894863296669843,0.0002170757777722531
2017-01-27,0.9648518608323252,0.03510922303983403,3.8916127840804394e-05
2017-01-30,0.8746327675609837,0.12516247379269083,0.00020475864632566194
2017-01-31,0.8316137572630069,0.16803522151761557,0.00035102121937728936
2017-02-01,0.9060596045002238,0.09377167308855192,0.00016872241122446832
2017-02-02,0.9476922686528919,0.05223968075510883,6.805059199942613e-05
2017-02-03,0.9635067555720672,0.03644333886468739,4.9905563245328535e-05
2017-02-06,0.816323824793072,0.1829786517409149,0.00069752346601363
2017-02-07,0.977309477286109,0.022670527733356864,1.999498053421375e-05
2017-02-08,0.9540420710012079,0.04590258383586977,5.5345162922319386e-05
2017-02-09,0.9337446953439255,0.06611819618358532,0.00013710847248921539
2017-02-10,0.9318591095644501,0.06801425742440081,0.00012663301114901595
2017-02-13,0.9565307489144835,0.04339589372699426,7.335735852197821e-05
2017-02-14,0.9742730077174112,0.025692530990207324,3.446129238142512e-05
2017-02-15,0.9680609728591393,0.03190187821845351,3.714892240752443e-05
2017-02-16,0.8002486078632137,0.19881734998876444,0.0009340421480219646
2017-02-17,0.9657262072764017,0.03422834942962494,4.5443293973413346e-05
2017-02-21,0.9678225323034421,0.032127761401296265,4.97062952616103e-05
2017-02-22,0.9547248256963002,0.0452016743654512,7.349993824903438e-05
2017-02-23,0.9308986036274495,0.06892290362262761,0.00017849274992306645
2017-02-24,0.9531829909814903,0.04671850105950067,9.850795900901688e-05
2017-02-27,0.6817821804665327,0.31606640611249515,0.0021514134209721448
2017-02-28,0.9668981412391309,0.033060050454153916,4.1808306714791975e-05
2017-03-01,0.2242774071221499,0.700611941441518,0.07511065143633203
2017-03-02,0.6145886509138777,0.3841471842113985,0.0012641648747239134
2017-03-03,0.9749713213843993,0.02499874704583662,2.9931569764467382e-05
2017-03-06,0.9063630975467145,0.09336572476638721,0.00027117768689804213
2017-03-07,0.9588234996487369,0.041107934080358156,6.856627090489444e-05
2017-03-08,0.8762101229892723,0.12319441560839228,0.0005954614023353161
2017-03-09,0.9627352261751655,0.037176219072242875,8.855475259166499e-05
2017-03-10,0.9178025845727422,0.08201592565214369,0.00018148977511371687
2017-03-13,0.9783753741018051,0.021596339009997877,2.8286888196616045e-05
2017-03-14,0.9207016970273871,0.07914161122654448,0.00015669174606876578
2017-03-15,0.303934999702248,0.6887355523549064,0.007329447942845793
2017-03-16,0.8283623884487177,0.170175909870878,0.0014617016804043088
2017-03-17,0.9730680405602001,0.026896149915720792,3.580952407898838e-05
2017-03-20,0.9727449531942046,0.027220444009068923,3.4602796726317765e-05
2017-03-21,0.8480625990830308,0.15163100993362835,0.0003063909833409852
2017-03-22,0.9577467964114748,0.042183284528923795,6.99190596015169e-05
2017-03-23,0.9803956911540548,0.019578960523847437,2.5348322097801046e-05
2017-03-24,0.9788234296661384,0.02115015509134013,2.6415242521380853e-05
2017-03-27,0.947108435386582,0.052793977661229174,9.758695218889109e-05
2017-03-28,0.8906530049974798,0.10905944461877684,0.0002875503837435144
2017-03-29,0.9539288731414162,0.04596721768296547,0.00010390917561863336
2017-03-30,0.9793295058943761,0.020644017874591976,2.64762310324906e-05
2017-03-31,0.9695673035651831,0.03038993851734261,4.275791747411637e-05
2017-04-03,0.9248325265220119,0.07503183785762017,0.0001356356203675903
2017-04-04,0.971189782820398,0.028773774699426276,3.644248017570778e-05
2017-04-05,0.9724623273484851,0.02749981703236993,3.785561914498728e-05
2017-04-06,0.9806326277090556,0.019345196768814306,2.217552212954223e-05
2017-04-07,0.9785214972904507,0.0214485431233312,2.9959586218008878e-05
2017-04-10,0.9786971874554237,0.021272246913387423,3.056563118840073e-05
2017-04-11,0.9086090031472362,0.0911698461140022,0.00022115073876094162
2017-04-12,0.9725397540694806,0.02742719084567049,3.3055084849158754e-05
2017-04-13,0.9352817209682897,0.06460104883941717,0.00011723019229326261
2017-04-17,0.9419539643989854,0.05787776700640107,0.00016826859461346554
2017-04-18,0.9220764989970996,0.07767999788529445,0.0002435031176058852
2017-04-19,0.9143350522476357,0.08547142379581846,0.00019352395654587815
2017-04-20,0.9677147196617486,0.03222983490324463,5.544543500668376e-05
2017-04-21,0.9644966180473518,0.0354469112662696,5.647068637859569e-05
2017-04-24,0.4698279201636898,0.5279459210545793,0.0022261587817312676
2017-04-25,0.7917909206072966,0.20762858983644367,0.0005804895562599938
2017-04-26,0.9653772248691489,0.034540355748991225,8.241938186017434e-05
2017-04-27,0.9282977153669952,0.07152992867626626,0.00017235595673884644
2017-04-28,0.9510203221960358,0.048900959945874796,7.871785808916992e-05
2017-05-01,0.9338164000251565,0.06603266100184461,0.00015093897299915844
2017-05-02,0.9729815410213096,0.026972706683395853,4.5752295294294054e-05
2017-05-03,0.9776753176192751,0.022297993590705976,2.6688790019431888e-05
2017-05-04,0.7265554249924298,0.2725213212494147,0.0009232537581555204
2017-05-05,0.9531820656917216,0.04675147478211706,6.645952616195573e-05
2017-05-08,0.9687724351664302,0.03117000642007565,5.755841349393946e-05
2017-05-09,0.950631731438824,0.04923184315830239,0.00013642540287383008
2017-05-10,0.9642970493086723,0.035657391120683446,4.555957064409467e-05
2017-05-11,0.9235754040696303,0.07628670753573354,0.00013788839463589137
2017-05-12,0.9581279265897803,0.04177614320251734,9.59302077027674e-05
2017-05-15,0.9776411538805556,0.0223287443289997,3.010179044449091e-05
2017-05-16,0.9602549917164749,0.039661684316404544,8.332396712043044e-05
2017-05-17,0.23381722472112304,0.7493864271537578,0.016796348125118474
2017-05-18,0.9439822750565521,0.05587188011242513,0.00014584483102266177
2017-05-19,0.8852199607874902,0.11457687876218885,0.0002031604503206861
2017-05-22,0.9685214889959848,0.031435366891545455,4.314411246940695e-05
2017-05-23,0.9482371811968738,0.05164278781250711,0.00012003099061940558
2017-05-24,0.9618006299213411,0.038110540016538325,8.883006212079686e-05
2017-05-25,0.9404079069846496,0.05945002715875686,0.00014206585659378113
2017-05-26,0.97579639360468,0.02417157205275814,3.2034342562634995e-05
2017-05-30,0.9433535902714502,0.05652559196030991,0.00012081776823990868
2017-05-31,0.9694758317099466,0.030471390966613398,5.277732343993685e-05
2017-06-01,0.9610701621650332,0.03884953430529264,8.030352967374306e-05
2017-06-02,0.9454779914631752,0.0543708515471491,0.00015115698967575682
2017-06-05,0.97615096413736,0.02381500214234282,3.403372029725078e-05
2017-06-06,0.6041451885169203,0.3947512119250055,0.0011035995580736205
2017-06-07,0.9745262088978539,0.02543281190127202,4.0979200874124716e-05
2017-06-08,0.9691045074238165,0.03084410723669633,5.1385339487463156e-05
2017-06-09,0.9686224681384219,0.03132863929924705,4.889256233110366e-05
2017-06-12,0.9314777365261561,0.06834088668551305,0.0001813767883311254
2017-06-13,0.9750469482992233,0.024917869354905663,3.518234587058479e-05
2017-06-14,0.20459212441918934,0.7546577002287108,0.0407501753520994
2017-06-15,0.6705235027158577,0.3253919668025187,0.00408453048162369
2017-06-16,0.9759088995692465,0.024056253016004316,3.484741474921076e-05
2017-06-19,0.9437279883847717,0.05613214411774746,0.0001398674974810317
2017-06-20,0.9282665136779438,0.07160295795828887,0.00013052836376699323
2017-06-21,0.9528490286167743,0.047075645090934475,7.532629229123804e-05
2017-06-22,0.9589993889349222,0.04093587793644964,6.473312862786794e-05
2017-06-23,0.9714213867092288,0.028540173767374034,3.843952339731505e-05
2017-06-26,0.9784487991206939,0.021522591923508826,2.8608955797110953e-05
2017-06-27,0.922074984606551,0.07777702875823711,0.00014798663521145314
2017-06-28,0.9643211641582919,0.03562677058375243,5.206525795523137e-05
2017-06-29,0.8513620079036596,0.1482928180293824,0.00034517406695815073
2017-06-30,0.8561889505288514,0.1434787616026404,0.00033228786850837244
2017-07-03,0.9260140590953222,0.07381818031327318,0.00016776059140502695
2017-07-05,0.9402839732226976,0.05958319065259947,0.00013283612470280358
2017-07-06,0.955011484975528,0.04492401119859375,6.450382587844528e-05
2017-07-07,0.9577191650576922,0.04219362553343585,8.720940887146527e-05
2017-07-10,0.9418444351306015,0.05805645704247063,9.910782692829708e-05
2017-07-11,0.9691861283765648,0.030770548870488967,4.332275294595071e-05
2017-07-12,0.8378728963344736,0.16119117846674189,0.0009359251987844701
2017-07-13,0.9620037796956403,0.03792470305739888,7.151724696068514e-05
2017-07-14,0.9415786562362112,0.05830947019327163,0.0001118735705174636
2017-07-17,0.9745964942830257,0.025368495940921627,3.500977605277468e-05
2017-07-18,0.9141991843189056,0.08545541033504134,0.00034540534605297655
2017-07-19,0.9761031250094389,0.023866052718486564,3.0822272074420906e-05
2017-07-20,0.9778836690357808,0.022083815132900763,3.251583131832579e-05
2017-07-21,0.9298212576275287,0.0700353105921781,0.00014343178029348558
2017-07-24,0.9641493024783176,0.035790723708245306,5.99738134366553e-05
2017-07-25,0.9217382046564365,0.0779664826435649,0.00029531269999860416
2017-07-26,0.9301716663449596,0.06965570950959284,0.00017262414544741317
2017-07-27,0.896672015200011,0.1029922223045664,0.00033576249542249375
2017-07-28,0.9613512701980269,0.038587232920304214,6.149688166874076e-05
2017-07-31,0.977485305586385,0.022481866129124794,3.282828449000883e-05
2017-08-01,0.8975961437154336,0.10206455430440495,0.0003393019801613977
2017-08-02,0.9695188909712934,0.03043719466781323,4.391436089320372e-05
2017-08-03,0.9627130056838581,0.037222159994664474,6.483432147726012e-05
2017-08-04,0.9219868306854613,0.07765428575763259,0.0003588835569058829
2017-08-07,0.9768607132438483,0.023108804182938963,3.0482573212565193e-05
2017-08-08,0.9667809501737625,0.03314769060683255,7.135921940506107e-05
2017-08-09,0.9539160957092735,0.046012779394396,7.112489633058266e-05
2017-08-10,0.5833832789394998,0.4157459282284533,0.0008707928320467944
2017-08-11,0.9765268443716928,0.023441160943659996,3.199468464759216e-05
2017-08-14,0.9354134625680316,0.06443664224897622,0.0001498951829918358
2017-08-15,0.9316355015084735,0.0680878018514265,0.0002766966401001867
2017-08-16,0.9448801513352308,0.05499733674435009,0.00012251192041888524
2017-08-17,0.8408767800107706,0.15875779779313978,0.0003654221960899524
2017-08-18,0.94002815756876,0.05983196887682622,0.00013987355441405855
2017-08-21,0.9638063565803123,0.03613524983023885,5.839358944889561e-05
2017-08-22,0.9550296869458634,0.044860888232072973,0.00010942482206363707
2017-08-23,0.9697574162463519,0.030195029833612375,4.755392003595038e-05
2017-08-24,0.9777181508915265,0.022251424228888678,3.0424879584932845e-05
2017-08-25,0.9716674287795696,0.028278658942557412,5.391227787324626e-05
2017-08-28,0.8837584833180667,0.11598808995797087,0.00025342672396206045
2017-08-29,0.9688956499565586,0.03104840862818566,5.5941415255459466e-05
2017-08-30,0.9253490938947376,0.07430999683288067,0.00034090927238157197
2017-08-31,0.8013148895994886,0.1982721903954706,0.0004129200050412716
2017-09-01,0.9802554196448439,0.019716737342341993,2.7843012814548438e-05
2017-09-05,0.9031852652120603,0.09653659589574523,0.00027813889219454983
2017-09-06,0.9747885142792636,0.025167650416060245,4.383530467571105e-05
2017-09-07,0.9474341794416189,0.05243978458472363,0.00012603597365710685
2017-09-08,0.9368131696643284,0.063026816706368,0.00016001362930388746
2017-09-11,0.867615590917579,0.13191911806662476,0.00046529101579609593
2017-09-12,0.9466356797553859,0.053174027994036956,0.00019029225057708653
2017-09-13,0.9629862605906239,0.03694853391804619,6.52054913301783e-05
2017-09-14,0.978079238521157,0.021889862366908854,3.089911193435174e-05
2017-09-15,0.9759201642161646,0.02403852650621887,4.130927761679705e-05
2017-09-18,0.9742289471861575,0.025730765468195922,4.028734564648194e-05
2017-09-19,0.979897594813775,0.020074512568919237,2.7892617305414186e-05
2017-09-20,0.9200753645526858,0.07974638566848533,0.00017824977882841458
2017-09-21,0.9211306804699664,0.07860038458581455,0.00026893494421880847
2017-09-22,0.9765548339388991,0.02341212500054033,3.304106056026309e-05
2017-09-25,0.9609649616566329,0.038974050987754326,6.098735561238977e-05
2017-09-26,0.9524309015133519,0.04745234005065811,0.00011675843598988186
2017-09-27,0.961115821291276,0.03876658155574121,0.00011759715298242227
2017-09-28,0.9768370343593817,0.023126726316396916,3.623932422105115e-05
2017-09-29,0.9677046221871682,0.032234601636063634,6.07761767680464e-05
2017-10-02,0.9457698706186137,0.05407558564291444,0.0001545437384722528
2017-10-03,0.9799435507297843,0.020028520932917383,2.7928337298057422e-05
2017-10-04,0.9818535743571571,0.01812438991814359,2.2035724699115393e-05
2017-10-05,0.96840115882109,0.03154087141163187,5.796976727796375e-05
2017-10-06,0.954313531176239,0.045598492671398164,8.797615236255405e-05
2017-10-09,0.9795297532268258,0.02044503683327626,2.520993989797861e-05
2017-10-10,0.8907100862902148,0.10884894024860188,0.00044097346118332785
2017-10-11,0.9826287250432204,0.017349128255029284,2.2146701750279893e-05
2017-10-12,0.9793722985425287,0.020601645770542073,2.6055686929079957e-05
2017-10-13,0.9602253136600446,0.039698856392541185,7.582994741428076e-05
2017-10-16,0.978054224282714,0.0219113022116807,3.4473505605496517e-05
2017-10-17,0.9731155308168319,0.026838466434274177,4.6002748893828486e-05
2017-10-18,0.9804924303450365,0.019478695154929122,2.887450003446267e-05
2017-10-19,0.9740632676023127,0.025892356751407875,4.4375646279587275e-05
2017-10-20,0.9426986793658619,0.057058451189430745,0.00024286944470713962
2017-10-23,0.9691574863820451,0.030798403957195096,4.410966075988369e-05
2017-10-24,0.9752414175087004,0.024722220943633452,3.6361547666218744e-05
2017-10-25,0.9668624109100878,0.03308442771875845,5.316137115345504e-05
2017-10-26,0.970945960906584,0.029002631689960357,5.140740345613642e-05
2017-10-27,0.9771117574456225,0.02285223322470913,3.600932966840828e-05
2017-10-30,0.9562147866318395,0.043674720351759025,0.00011049301640156236
2017-10-31,0.9761002294933674,0.023864875417882465,3.489508875047581e-05
2017-11-01,0.9805317024184201,0.01944248703657006,2.5810545009944525e-05
2017-11-02,0.9796434867918045,0.02032799219069546,2.852101750013571e-05
2017-11-03,0.9794373469057195,0.020533327397388765,2.9325696891602e-05
2017-11-06,0.9119898458237857,0.08785763560525378,0.00015251857096068127
2017-11-07,0.9713520876395678,0.02860093578335269,4.6976577079261234e-05
2017-11-08,0.9808223911912591,0.019148306927133894,2.930188160669362e-05
2017-11-09,0.9729746783210901,0.02698565586342623,3.966581548345867e-05
2017-11-10,0.9719832571102226,0.027940066523529136,7.667636624832752e-05
2017-11-13,0.9793123171546348,0.020658959193485437,2.872365187987643e-05
2017-11-14,0.9107575251917096,0.08902797178008087,0.00021450302820965627
2017-11-15,0.9458453760395126,0.05405750037811879,9.712358236858184e-05
2017-11-16,0.9594725673355589,0.0404384202640307,8.90124004102723e-05
2017-11-17,0.9279304880729715,0.07194159329330851,0.00012791863371973321
2017-11-20,0.973596993848062,0.026359237338725746,4.376881321249451e-05
2017-11-21,0.9770253006312347,0.02294220462874631,3.24947400193707e-05
2017-11-22,0.959328369528798,0.04056748037873499,0.00010415009246701434
2017-11-24,0.9767907947910629,0.02316114342789798,4.806178103928884e-05
2017-11-27,0.9780470932211953,0.021915339441599353,3.756733720546534e-05
2017-11-28,0.9732009711129039,0.02673546062973503,6.356825736094818e-05
2017-11-29,0.972213017671997,0.02772120706940695,6.577525859571584e-05
2017-11-30,0.9374585986869735,0.062349321319173145,0.00019207999385383265
2017-12-01,0.9352496607514796,0.06453722921636067,0.00021311003215973822
2017-12-04,0.9668164162484597,0.03310580365821665,7.778009332341042e-05
2017-12-05,0.952377641024323,0.04751338882361995,0.00010897015205714733
2017-12-06,0.9393245385303972,0.06052663232010862,0.00014882914949421172
2017-12-07,0.9760530805103966,0.02388525813887169,6.166135073147413e-05
2017-12-08,0.9719264762967136,0.028008219589110078,6.530411417609604e-05
2017-12-11,0.9789858987861129,0.020974601226290638,3.9499987596189834e-05
2017-12-12,0.9500942048002712,0.049738750555268794,0.00016704464446069836
2017-12-13,0.8728151850837691,0.12674257439236156,0.0004422405238691295
2017-12-14,0.9638209213173521,0.03610865387438441,7.04248082632459e-05
2017-12-15,0.9806570449927259,0.01930947422300757,3.348078426656989e-05
2017-12-18,0.9437814747505484,0.056075475186247316,0.0001430500632044365
2017-12-19,0.9403947809109985,0.05934913724293698,0.00025608184606463796
2017-12-20,0.966339992380927,0.033595385853291956,6.462176578082935e-05
2017-12-21,0.9816283213996686,0.018338430681805188,3.324791852657502e-05
2017-12-22,0.9757870985239666,0.024171795740578327,4.1105735454700795e-05
2017-12-26,0.9420007135154842,0.0578834890228108,0.00011579746170511467
2017-12-27,0.9644425338125601,0.03543647662108087,0.00012098956635936504
2017-12-28,0.9754655947527342,0.024491938552513623,4.246669475214045e-05
2017-12-29,0.9625538876359411,0.03735603083877996,9.008152527926653e-05
2018-01-02,0.8637294180806938,0.13561190042508026,0.0006586814942258178
2018-01-03,0.9709885096463662,0.02895346793337808,5.8022420255347864e-05
2018-01-04,0.9621951686412373,0.03772441704714859,8.041431161386784e-05
2018-01-05,0.9480740307456376,0.0517772508490986,0.00014871840526375202
2018-01-08,0.9788068314264893,0.021151501476093647,4.1667097417364587e-05
2018-01-09,0.9622020600690145,0.03766964638074546,0.00012829355024002184
2018-01-10,0.9741228916748421,0.025827815611045524,4.9292714111835984e-05
2018-01-11,0.9772535516809182,0.02270316138214573,4.328693693670582e-05
2018-01-12,0.9503012064616477,0.04958434186030302,0.0001144516780491499
2018-01-16,0.963978582360516,0.035946017635641744,7.540000384201766e-05
2018-01-17,0.9677385915893402,0.03219219110257706,6.921730808308221e-05
2018-01-18,0.9731472030162408,0.026796352938658407,5.644404510040139e-05
2018-01-19,0.9750277478258791,0.02490838303243328,6.386914168746316e-05
2018-01-22,0.975956294365903,0.024000444274657338,4.3261359439576943e-05
2018-01-23,0.969126298723452,0.03080893238612476,6.476889042321841e-05
2018-01-24,0.8625991860074456,0.13700297251786192,0.0003978414746925424
2018-01-25,0.8037003618747349,0.1942844810846429,0.00201515704062252
2018-01-26,0.9606300705892664,0.039243029198533744,0.0001269002121995581
2018-01-29,0.8564275674895192,0.14303152821423873,0.000540904296242455
2018-01-30,0.8952350271346813,0.10454938848899376,0.0002155843763247286
2018-01-31,0.9633685924958236,0.03654699566720424,8.441183697264186e-05
2018-02-01,0.9808372311686551,0.01912522587000599,3.7542961338941416e-05
2018-02-02,0.11208845324562473,0.8765991846625403,0.011312362091834793
2018-02-05,0.0009463120755324459,0.9875172220151555,0.011536465909311639
2018-02-06,0.9678062592935806,0.0320852895035876,0.00010845120283195834
2018-02-07,0.9250115795205737,0.07457468302320834,0.00041373745621806995
2018-02-08,0.012011174190747955,0.9799441751389851,0.008044650670266728
2018-02-09,0.7909983288514635,0.2074844597618302,0.001517211386706035
2018-02-12,0.7661996748762007,0.2329997086860863,0.000800616437713619
2018-02-13,0.9602442436833636,0.039601529753131776,0.0001542265635042926
2018-02-14,0.3786732721797643,0.6163045024336603,0.005022225386575365
2018-02-15,0.8307737535334591,0.16841309491438788,0.0008131515521525818
2018-02-16,0.9253817179033096,0.07436346227532846,0.00025481982136201967
2018-02-20,0.9241778593586101,0.0756200378645581,0.00020210277683188117
2018-02-21,0.963204645547973,0.03670264633500989,9.270811701734585e-05
2018-02-22,0.9733308850360104,0.026615359481178266,5.375548281119163e-05
2018-02-23,0.9149987834311506,0.08475928595652082,0.00024193061232905647
2018-02-26,0.9592722185635655,0.04063207583126368,9.570560517083264e-05
2018-02-27,0.8342140079101646,0.16509503295560501,0.0006909591342301733
2018-02-28,0.8315008178195452,0.16806430843916598,0.00043487374128896143
2018-03-01,0.6586449478760528,0.3404154220954126,0.0009396300285347634
2018-03-02,0.9261738718561254,0.07288334329721452,0.0009427848466601163
2018-03-05,0.963312702268319,0.036606854165363294,8.044356631771462e-05
2018-03-06,0.9655627188373103,0.03434693029875989,9.035086392980434e-05
2018-03-07,0.9106707726016052,0.08894130779368836,0.00038791960470639945
2018-03-08,0.9690115606243923,0.030895974303641816,9.24650719656929e-05
2018-03-09,0.9021351026147455,0.0975513253666296,0.000313572018625122
2018-03-12,0.9728474082331096,0.02707723494356018,7.53568233306367e-05
2018-03-13,0.9586694254489085,0.04122716685262577,0.0001034076984657017
2018-03-14,0.9643893509123986,0.035527910603154425,8.273848444698961e-05
2018-03-15,0.9750436498751818,0.024871911966581565,8.443815823645972e-05
2018-03-16,0.9813020251702979,0.018651681021136172,4.6293808565735713e-05
2018-03-19,0.7115956485998871,0.28753944089171457,0.0008649105083980973
2018-03-20,0.9713569560111945,0.028539873961682904,0.00010317002712248776
2018-03-21,0.8885293712486252,0.11111393381840753,0.0003566949329674485
2018-03-22,0.1749397006163639,0.8110547054679547,0.014005593915680964
2018-03-23,0.20530791131674433,0.7913335663575144,0.0033585223257409126
2018-03-26,0.6512174031038171,0.34702231461807875,0.0017602822781041198
2018-03-27,0.9314578820119139,0.06831537107263544,0.00022674691545040987
2018-03-28,0.9608271904325212,0.039069713396686,0.00010309617079268631
2018-03-29,0.9387002145077916,0.06114734790107168,0.0001524375911365991
2018-04-02,0.5468475890347123,0.4517791607789257,0.0013732501863617345
2018-04-03,0.9715008032919717,0.02840745880496694,9.173790306129234e-05
2018-04-04,0.964139495599223,0.035751891654176284,0.00010861274660072043
2018-04-05,0.8310922935853347,0.16769251633535429,0.001215190079311383
2018-04-06,0.6177679425848256,0.38039029238810573,0.0018417650270690512
2018-04-09,0.9218266776114558,0.07797175392787149,0.00020156846067292912
2018-04-10,0.8163132441950941,0.18317431173312718,0.0005124440717786921
2018-04-11,0.9356413197859474,0.06419945814656723,0.00015922206748550177
2018-04-12,0.9658265146671677,0.03404149496074676,0.00013199037208595782
2018-04-13,0.9727302990944091,0.02720473594958823,6.496495600261053e-05
2018-04-16,0.9717649176440002,0.02815621902221349,7.886333378648401e-05
2018-04-17,0.9657392110191709,0.034172006557098136,8.878242373099405e-05
2018-04-18,0.8730806595269212,0.126514111440019,0.0004052290330597147
2018-04-19,0.9314754097028002,0.06815550223591738,0.00036908806128251606
2018-04-20,0.8661997737414604,0.13297625557950124,0.0008239706790385291
2018-04-23,0.9435924779516434,0.056169412792279216,0.00023810925607751972
2018-04-24,0.9361742464413421,0.06366272891145294,0.00016302464720507914
2018-04-25,0.9690448362650868,0.03085416874640818,0.00010099498850516943
2018-04-26,0.9685361219550741,0.03138863388168997,7.524416323624769e-05
2018-04-27,0.9810899991047777,0.018865763234091813,4.423766113044439e-05
2018-04-30,0.9344410491881512,0.06538688919320201,0.00017206161864707835
2018-05-01,0.9391385771232121,0.06039079014426559,0.00047063273252196183
2018-05-02,0.9686076031841063,0.031312594075171625,7.980274072241932e-05
2018-05-03,0.9669365595673678,0.03296797426002784,9.546617260411179e-05
2018-05-04,0.9582307882719103,0.04166212236058018,0.00010708936750973859
2018-05-07,0.9796808584380328,0.02026933325031245,4.9808311655126004e-05
2018-05-08,0.9611310406560822,0.038715115876998024,0.00015384346691965618
2018-05-09,0.9643805714586442,0.03553882392455178,8.060461680369753e-05
2018-05-10,0.9646268806451583,0.03528572867706232,8.739067777912029e-05
2018-05-11,0.9581828558533075,0.041665562042863626,0.00015158210382880044
2018-05-14,0.9800836533042661,0.019872072836091232,4.4273859642782625e-05
2018-05-15,0.7037104253110577,0.2904960255218752,0.005793549167067304
2018-05-16,0.9793485335092482,0.020593413604283965,5.805288646796346e-05
2018-05-17,0.9807789565533068,0.01917209552528912,4.8947921403782446e-05
2018-05-18,0.9780823113902258,0.021867794388982214,4.9894220791452355e-05
2018-05-21,0.969366087810891,0.030554305560853076,7.960662825569083e-05
2018-05-22,0.9758778956000967,0.0240666798551075,5.542454479547933e-05
2018-05-23,0.9656248217479394,0.034288785708987184,8.639254307341558e-05
2018-05-24,0.947251189263319,0.052564020868237936,0.00018478986844307088
2018-05-25,0.9663757978698208,0.033523824151788534,0.00010037797839095363
2018-05-29,0.7288776246893087,0.2690493895381526,0.002072985772538572
2018-05-30,0.9508439376748171,0.048894605394082816,0.0002614569311000293
2018-05-31,0.9526500406701652,0.047157017145372154,0.00019294218446288408
2018-06-01,0.9387425291465197,0.06091293327474577,0.0003445375787342259
2018-06-04,0.8921905345094491,0.10727200257108915,0.0005374629194619198
2018-06-05,0.9748578245955677,0.02507045505017621,7.172035425625355e-05
2018-06-06,0.9637336344103062,0.03614895839661958,0.00011740719307416842
2018-06-07,0.9764742205956898,0.023455815597451486,6.996380685867546e-05
2018-06-08,0.9806909790055858,0.019245539393334628,6.348160107967641e-05
2018-06-11,0.973512983613225,0.02639641470595222,9.060168082285886e-05
2018-06-12,0.9805720678531434,0.01937504650718435,5.2885639672180784e-05
2018-06-13,0.9778340707714129,0.022107498001559124,5.843122702784539e-05
2018-06-14,0.94538968218931,0.054394401980709925,0.00021591582998054136
2018-06-15,0.7651277552784734,0.23398089925010326,0.0008913454714233246
2018-06-18,0.9722659725245254,0.02765731481002426,7.671266545057693e-05
2018-06-19,0.8685191012432988,0.13097912275540513,0.0005017760012958342
2018-06-20,0.9802616136140985,0.019677880038587767,6.0506347313611606e-05
2018-06-21,0.9579630079331795,0.04192156868591196,0.00011542338090826483
2018-06-22,0.9614397657440031,0.03846724963537675,9.298462062030977e-05
2018-06-25,0.5018276410181766,0.4960740980272081,0.0020982609546154446
2018-06-26,0.9793988448805908,0.020546227744840925,5.4927374568276906e-05
2018-06-27,0.9233808301573943,0.07640019232478631,0.00021897751781925815
2018-06-28,0.9762179499868834,0.02368499853139036,9.705148172579172e-05
2018-06-29,0.9588047399982443,0.041064480941105805,0.00013077906064992413
2018-07-02,0.6532786068401621,0.3449329017958837,0.0017884913639544119
2018-07-03,0.9633324503568049,0.03654189496171066,0.00012565468148480657
2018-07-05,0.9480939653738139,0.0516994314370255,0.0002066031891606384
2018-07-06,0.939325349774055,0.06047284999480192,0.00020180023114275692
2018-07-09,0.9582006013630096,0.04166428290775429,0.0001351157292357888
2018-07-10,0.9721179275577884,0.0277757227448751,0.00010634969733701464
2018-07-11,0.1875305461669473,0.8098244350663949,0.002645018766657991
2018-07-12,0.9532651871233562,0.0465681540585395,0.00016665881810421269
2018-07-13,0.9781879901302035,0.021745396210330923,6.661365946527309e-05
2018-07-16,0.9342690935073905,0.06549240898906114,0.00023849750354848265
2018-07-17,0.9817535343565666,0.018191707024556584,5.475861887680413e-05
2018-07-18,0.979228231669295,0.02071198309838934,5.978523231593548e-05
2018-07-19,0.9677166159176531,0.032194050517970564,8.933356437671398e-05
2018-07-20,0.9632947306706614,0.03655024632267069,0.00015502300666799096
2018-07-23,0.970771698540297,0.029113378440722974,0.0001149230189798232
2018-07-24,0.9733472641703868,0.026574683499750867,7.805232986288167e-05
2018-07-25,0.9637251120091435,0.03619025896693987,8.462902391667602e-05
2018-07-26,0.935811616446931,0.06395793224599328,0.00023045130707576906
2018-07-27,0.9767800656400656,0.023156182493112645,6.375186682164855e-05
2018-07-30,0.9607067200314656,0.03919990899720094,9.337097133295394e-05
2018-07-31,0.9803568953619328,0.01958430041256745,5.880422549999445e-05
2018-08-01,0.891093826310887,0.10838625847190671,0.0005199152172062335
2018-08-02,0.978229000519201,0.021714151740179082,5.684774061956693e-05
2018-08-03,0.9776833212172058,0.022254803036320707,6.187574647319771e-05
2018-08-06,0.9768362959448089,0.023100318082825776,6.338597236532025e-05
2018-08-07,0.9640861715638399,0.035788397388218575,0.00012543104794113515
2018-08-08,0.9755370261101015,0.024381941206150396,8.103268374826816e-05
2018-08-09,0.979508292949941,0.020433500723455126,5.82063266036736e-05
2018-08-10,0.8197969505098269,0.17961970698816945,0.0005833425020031618
2018-08-13,0.8897317948549069,0.10982440203119155,0.0004438031139013962
2018-08-14,0.970669234397716,0.029235213758505404,9.555184377858753e-05
2018-08-15,0.0799715685917806,0.9090466876465018,0.010981743761717809
2018-08-16,0.6733725798210622,0.32461964496386075,0.002007775215076935
2018-08-17,0.9591871881452722,0.0406824939842615,0.00013031787046573524
2018-08-20,0.9749455973775077,0.024959139138723302,9.526348376900637e-05
2018-08-21,0.9772279105655656,0.022694643740782467,7.744569365203348e-05
2018-08-22,0.9791912720097528,0.02074443512667338,6.429286357363026e-05
2018-08-23,0.9133584596673708,0.0862896590586173,0.00035188127401179135
2018-08-24,0.9028696720173517,0.09678138472122057,0.000348943261428111
2018-08-27,0.9526134750949675,0.04721509483519888,0.00017143006983367671
2018-08-28,0.9684888766431131,0.03139439730816195,0.00011672604872488774
2018-08-29,0.977312556538641,0.022623878488398953,6.356497296014267e-05
2018-08-30,0.9586458127666191,0.0412227570150664,0.00013143021831460276
2018-08-31,0.9760227311147818,0.023904851206183693,7.241767903454055e-05
2018-09-04,0.7807543157517236,0.2170105950502393,0.002235089198037367
2018-09-05,0.9607027607184732,0.039175608522375296,0.00012163075915149503
2018-09-06,0.9597788314910876,0.0400716030665868,0.00014956544232548746
2018-09-07,0.9592606438475426,0.04054368307512017,0.00019567307733748705
2018-09-10,0.9549179702754509,0.04492377085211018,0.00015825887243885
2018-09-12,0.9290968296515739,0.07063255384454695,0.00027061650387900764
2018-09-13,0.9407159617383192,0.059037284284409255,0.00024675397727133113
2018-09-14,0.9797124870029854,0.020218097908458806,6.941508855567774e-05
2018-09-17,0.9149414872265529,0.08473462959164477,0.0003238831818026116
2018-09-18,0.9682238544018322,0.031674465941355,0.00010167965681264622
2018-09-19,0.9522164628203076,0.04761201713576803,0.00017152004392415385
2018-09-20,0.9428592728594696,0.05689116134134079,0.0002495657991895354
2018-09-21,0.9685991712033173,0.03131372863564954,8.710016103299448e-05
2018-09-24,0.9687427751356561,0.031178136753248088,7.90881110956986e-05
2018-09-25,0.9787712731557449,0.021162333923364744,6.639292089049579e-05
2018-09-26,0.940003373860302,0.05975846059747895,0.00023816554221918023
2018-09-27,0.980485571691981,0.019454111231105006,6.031707691381729e-05
2018-09-28,0.9641986546044145,0.03567869705566736,0.00012264833991821228
2018-10-01,0.911983643609912,0.08775637347061906,0.0002599829194685519
2018-10-02,0.9094348527435822,0.09028042553337062,0.000284721723047668
2018-10-03,0.9481070868954111,0.05154085669189645,0.0003520564126922368
2018-10-04,0.8510474983316382,0.14821266008445813,0.0007398415839034808
2018-10-05,0.9494489348066045,0.050394622892294995,0.0001564423011004661
2018-10-08,0.970897268283608,0.02902002269118927,8.270902520250093e-05
2018-10-09,0.9603256791213954,0.03955593489591359,0.000118385982690841
2018-10-10,0.09727486709121706,0.8946958886915184,0.008029244217264413
2018-10-11,0.0010355024466050973,0.9380275874898096,0.06093691006358507
2018-10-12,0.9459415483760514,0.053859249091235996,0.00019920253271289067
2018-10-15,0.9063130204451614,0.093436085175158,0.00025089437967996047
2018-10-16,0.5772016289577243,0.4201695637504351,0.002628807291840544
2018-10-17,0.9774457825806417,0.022468120618339325,8.609680101904673e-05
2018-10-18,0.6523396891455523,0.34583272616283656,0.0018275846916108187
2018-10-19,0.9780411511716975,0.02188060214608227,7.824668222028395e-05
2018-10-22,0.9667965370778955,0.03310748257481997,9.598034728450057e-05
2018-10-23,0.8059770885858001,0.19329285998244566,0.000730051431754214
2018-10-24,0.19290835038868323,0.8011559877453743,0.005935661865942481
2018-10-25,0.42842536115162,0.5599445654208794,0.011630073427500689
2018-10-26,0.6163396464019598,0.38184307309667287,0.0018172805013673791
2018-10-29,0.9666983640138704,0.0331909769876252,0.00011065899850428546
2018-10-30,0.6703142076398454,0.32629031275693043,0.003395479603224276
2018-10-31,0.7840361329540944,0.21439968818535876,0.0015641788605469781
2018-11-01,0.7517662698867867,0.2467837805018298,0.0014499496113833503
2018-11-05,0.9797391320797827,0.020201519362078153,5.9348558139467635e-05
2018-11-06,0.9574841044065726,0.042356357927198364,0.00015953766622869836
2018-11-07,0.5788913276325226,0.4180629332182331,0.0030457391492445247
2018-11-08,0.9719698480713598,0.02792012887979244,0.00011002304884790643
2018-11-09,0.8906527176687667,0.10901789707810854,0.00032938525312460956
2018-11-12,0.38971645645932723,0.6060084433985435,0.004275100142129069
2018-11-13,0.9631226198270367,0.0367324261152685,0.00014495405769524212
2018-11-14,0.16384332901658055,0.8334816575783862,0.0026750134050330956
2018-11-15,0.046747613685171864,0.9309485839770344,0.02230380233779404
2018-11-16,0.932272457386013,0.06750477781406872,0.00022276479991816333
2018-11-19,0.5637203407457168,0.434373621651914,0.0019060376023689346
2018-11-20,0.18957275973422297,0.8047077808212293,0.005719459444547868
2018-11-21,0.925096577056215,0.07457153317872844,0.0003318897650565403
2018-11-23,0.4698670772211079,0.5278458641942273,0.0022870585846649027
2018-11-26,0.8789793213433521,0.12050533078819325,0.000515347868454455
2018-11-27,0.9733361041582139,0.02655507936648859,0.00010881647529759407
2018-11-28,0.5978769923411746,0.3997636914895866,0.0023593161692387057
2018-11-29,0.903162887373929,0.09557023827900227,0.001266874347068599
2018-11-30,0.9805044670630213,0.019422661988081718,7.287094889714253e-05
2018-12-03,0.8847715093233395,0.11473111677592403,0.0004973739007363337
2018-12-04,0.047620453881577963,0.9431931850512237,0.009186361067198624
2018-12-06,0.654408077565866,0.34307903246370475,0.0025128899704294503
2018-12-07,0.3498421564689181,0.6471283679807666,0.0030294755503157233
2018-12-10,0.9341880511869091,0.065580980188835,0.00023096862425634273
2018-12-11,0.9805797308778155,0.019349282094834667,7.098702734978998e-05
2018-12-12,0.8107398676823706,0.1881741549752861,0.0010859773423433222
2018-12-13,0.9793662911279533,0.020569319145751132,6.438972629525484e-05
2018-12-14,0.4610715604841909,0.5363879698839444,0.002540469631864592
2018-12-17,0.3622428265629768,0.6329137142483898,0.00484345918863338
2018-12-18,0.8943335117890967,0.10520709264169317,0.0004593955692102334
2018-12-19,0.03522117593767875,0.9203069500261172,0.04447187403620403
2018-12-20,0.007044400265653182,0.9542158479098722,0.03873975182447422
2018-12-21,0.5995801542211566,0.3986006975100425,0.0018191482688005162
2018-12-24,0.08334228499912702,0.9080567739322392,0.008600941068634033
2018-12-26,0.027670710104376623,0.929167975698053,0.043161314197570105
2018-12-27,0.9518396020025932,0.04795663925766241,0.00020375873974425826
2018-12-28,0.9572663715952539,0.04250837793145144,0.00022525047329519524
2018-12-31,0.7982941475466142,0.20047070773419665,0.0012351447191889062
2019-01-02,0.9795051351410617,0.02043835371261634,5.651114632189522e-05
2019-01-03,0.32773005603191924,0.6655135475420393,0.0067563964260411325
2019-01-04,0.10196114319709508,0.8708941501805929,0.027144706622311714
2019-01-07,0.9510089708281939,0.04880870571365041,0.0001823234581558025
2019-01-08,0.9580152370661782,0.04183124131105283,0.00015352162276904198
2019-01-09,0.9258977908777458,0.07384279392477862,0.00025941519747530497
2019-01-10,0.9634145926111882,0.036416839201439614,0.0001685681873718313
2019-01-11,0.9829467103378334,0.01700438004011483,4.890962205194052e-05
2019-01-14,0.9638012446756472,0.03609053239962748,0.0001082229247254025
2019-01-15,0.8994814339407682,0.10009697960420669,0.0004215864550247255
2019-01-16,0.9830571416400474,0.01689014652694639,5.271183300615211e-05
2019-01-17,0.9809328247956561,0.01900864851737957,5.852668696424673e-05
2019-01-18,0.6585912696605343,0.33957087277710835,0.0018378575623574783
2019-01-22,0.5580980922507234,0.43963388642316203,0.002268021326114854
2019-01-23,0.983437404866448,0.01651212748679532,5.0467646756810166e-05
2019-01-24,0.9788882877400928,0.021037984978554768,7.372728135194046e-05
2019-01-25,0.8385997375958743,0.16079026162722365,0.0006100007769019753
2019-01-28,0.7448854093617481,0.25402607592307863,0.0010885147151731174
2019-01-29,0.9494218658773896,0.050411967483111275,0.0001661666394989957
2019-01-30,0.9360502109585017,0.06372345605386208,0.00022633298763614752
2019-01-31,0.8008251723000883,0.1964474490029426,0.0027273786969690427
2019-02-01,0.9794411719788816,0.020491730178315536,6.709784280309524e-05
2019-02-04,0.9748679149419857,0.025028880372870693,0.00010320468514320156
2019-02-05,0.9677696790617182,0.03210670063010851,0.00012362030817338857
2019-02-06,0.9760885522539124,0.023840882882324704,7.056486376316899e-05
2019-02-07,0.8113949490147542,0.18797778197675008,0.0006272690084960504
2019-02-08,0.969069098496649,0.030837519526137648,9.338197721295557e-05
2019-02-11,0.9704979407772065,0.029364818525828208,0.0001372406969653713
2019-02-12,0.904741946373192,0.094926544831764,0.0003315087950438259
2019-02-13,0.9821812236490268,0.017762571939039545,5.620441193350432e-05
2019-02-14,0.9767660707449041,0.023157474413320438,7.645484177551742e-05
2019-02-15,0.9243692851224364,0.075408156625854,0.00022255825170958198
2019-02-19,0.8646332058826446,0.1346754609242234,0.0006913331931321882
2019-02-20,0.9817101678707513,0.01823491861381096,5.491351543762161e-05
2019-02-21,0.9719785057118078,0.027909694391720512,0.000111799896471962
2019-02-22,0.9802371709784443,0.019697654855658272,6.517416589751091e-05
2019-02-25,0.9523430090521955,0.04746145398712637,0.00019553696067787826
2019-02-26,0.9802078486203956,0.019719492670595883,7.265870900872796e-05
2019-02-27,0.9638455813131206,0.036027355247131874,0.000127063439747206
2019-02-28,0.9780980796247389,0.02182723899713872,7.468137812199538e-05
2019-03-01,0.942012244773313,0.05771243393300487,0.00027532129368195454
2019-03-04,0.9760856622009987,0.023831885416021128,8.245238297980621e-05
2019-03-05,0.9792441107383872,0.020695241507642268,6.06477539703889e-05
2019-03-06,0.9121245031146479,0.08737118814013227,0.000504308745219428
2019-03-07,0.9294239807504633,0.07035781102526109,0.00021820822427542764
2019-03-08,0.8096650352619074,0.18930110567122685,0.0010338590668655784
2019-03-11,0.9085291953531882,0.09105624964912093,0.0004145549976911918
2019-03-12,0.9661303170571911,0.0337155070173437,0.00015417592546499277
2019-03-13,0.9718290437671785,0.028085408761457726,8.554747136363443e-05
2019-03-14,0.9566630946354862,0.04316096351671471,0.00017594184779905572
2019-03-15,0.9769411077438315,0.022974699378966016,8.419287720264641e-05
2019-03-18,0.9707540991074511,0.029136159064016447,0.00010974182853238626
2019-03-19,0.9846512742571727,0.015302378424768837,4.634731805877013e-05
2019-03-20,0.9554549611904365,0.04437920833261576,0.00016583047694794894
2019-03-21,0.9644365061276066,0.03538635067459044,0.00017714319780309486
2019-03-22,0.4910965085501542,0.5042367803041042,0.004666711145741888
2019-03-25,0.9432948694725505,0.05648397433000303,0.0002211561974467849
2019-03-26,0.9683188362326357,0.03154891225076226,0.00013225151660216546
2019-03-27,0.9618589780356631,0.037995460291596325,0.00014556167274061823
2019-03-28,0.9569807404845061,0.042826094382996525,0.0001931651324970661
2019-03-29,0.9779963154076514,0.02192467563425942,7.900895808953302e-05
2019-04-01,0.8353953187060826,0.16370446698269087,0.000900214311226704
2019-04-02,0.9838323420295966,0.0161176543083587,5.000366204486885e-05
2019-04-03,0.9810856406228414,0.01885568446826632,5.867490889252823e-05
2019-04-04,0.9632713908596587,0.03658311235136359,0.0001454967889775055
2019-04-05,0.9834550506541863,0.016491833136890392,5.311620892315622e-05
2019-04-08,0.979186829846129,0.020747917941016804,6.525221285391302e-05
2019-04-09,0.9700777293565332,0.029824099584663043,9.817105880371723e-05
2019-04-10,0.9669387505083165,0.032940980272814974,0.00012026921886855685
2019-04-11,0.9584495386363795,0.04138957040307584,0.00016089096054490215
2019-04-12,0.9733851201679651,0.026524610475674122,9.026935636087919e-05
2019-04-15,0.9795149333581857,0.020408543065646982,7.652357616723428e-05
2019-04-16,0.974176960497258,0.025714301909179893,0.00010873759356219608
2019-04-17,0.9805687305815173,0.019366061772868252,6.520764561427084e-05
2019-04-18,0.9770877251356553,0.02283081626791398,8.145859643074571e-05
2019-04-22,0.9724325622835984,0.02746423865615903,0.00010319906024305226
2019-04-23,0.9701062922837271,0.02977573585504515,0.00011797186122817867
2019-04-24,0.96985135721916,0.030027972928620434,0.00012066985221952467
2019-04-25,0.9774199159036409,0.022495271779094984,8.48123172641268e-05
2019-04-26,0.8970419832669047,0.10239839370548694,0.0005596230276082049
2019-04-29,0.9656758363426956,0.034180963280716146,0.00014320037658810582
2019-04-30,0.9799136997996365,0.02000726506210379,7.903513825955206e-05
2019-05-01,0.9392075887891093,0.06052360987096309,0.00026880133992771504
2019-05-02,0.9383163254531978,0.061292041174404274,0.0003916333723976876
2019-05-03,0.9715935637067261,0.028305116282499765,0.00010132001077404425
2019-05-06,0.9646251099816991,0.035257842364780655,0.00011704765352015536
2019-05-07,0.5792914917119524,0.4184692623653242,0.002239245922723351
2019-05-08,0.9679009945019216,0.03193621831703334,0.00016278718104501997
2019-05-09,0.9547107631414905,0.04512101749312815,0.00016821936538136915
2019-05-10,0.9796919684792155,0.020238045458360793,6.998606242356831e-05
2019-05-13,0.34012213925285284,0.6549160196028276,0.004961841144319505
2019-05-14,0.9236788059036026,0.07607123693996624,0.0002499571564310467
2019-05-15,0.9773512083052086,0.02257284925328499,7.594244150631993e-05
2019-05-16,0.9396453143283638,0.06012069569280859,0.00023398997882767767
2019-05-17,0.9596367489120385,0.04021566530076257,0.00014758578719932283
2019-05-20,0.9656008042481493,0.0342903998989709,0.00010879585287992625
2019-05-21,0.974834696146927,0.02505996856582768,0.00010533528724531184
2019-05-22,0.9356183362803333,0.06408532208804378,0.0002963416316232456
2019-05-23,0.6345115486621747,0.363024088963892,0.0024643623739329414
2019-05-24,0.9679915447787132,0.031872932119196916,0.0001355231020898357
2019-05-28,0.9116974324294155,0.0879774056935344,0.0003251618770501925
2019-05-29,0.890098877686658,0.10945059270270527,0.0004505296106368804
2019-05-30,0.9666159025713524,0.033201013068801806,0.00018308435984534753
2019-05-31,0.12658793984943975,0.8611879424315433,0.012224117719016858
2019-06-03,0.771188428556483,0.2268568814389286,0.001954690004588827
2019-06-04,0.8013526769074755,0.19735455562166804,0.0012927674708562745
2019-06-05,0.5978722783792737,0.3987597044959666,0.00336801712475975
2019-06-06,0.9783140699715235,0.02162131389742956,6.461613104717634e-05
2019-06-07,0.8813926807232516,0.11746944734072222,0.0011378719360261697
2019-06-10,0.9746579492517741,0.025221626856966266,0.00012042389125951292
2019-06-11,0.983022617156521,0.01692566768551317,5.1715157965850573e-05
2019-06-12,0.9636872287997346,0.03617310667054423,0.0001396645297212579
2019-06-13,0.9771593373499698,0.022767667904394117,7.299474563667302e-05
2019-06-14,0.979071800389104,0.020856210373437312,7.198923745825112e-05
2019-06-17,0.9815119366063023,0.01841748801703589,7.057537666170041e-05
2019-06-18,0.9560774346114416,0.04373516935505643,0.00018739603350162323
2019-06-19,0.9542697669136899,0.04548953598606735,0.00024069710024222473
2019-06-20,0.5359798772016612,0.4567778298173043,0.007242292981034945
2019-06-21,0.9735230597907384,0.026362088981056752,0.0001148512282048599
2019-06-24,0.9086907091288084,0.09067705545540744,0.0006322354157842168
2019-06-25,0.9209579507493562,0.07872590577571567,0.0003161434749282954
2019-06-26,0.9693789347124009,0.03047485371902216,0.00014621156857692568
2019-06-27,0.9802197966241165,0.019694722046121077,8.548132976289488e-05
2019-06-28,0.9541254174458216,0.04565506831913407,0.00021951423504414943
2019-07-01,0.8307220842265443,0.1682160590089002,0.001061856764555272
2019-07-02,0.6505580366769037,0.3464438774715569,0.002998085851539884
2019-07-03,0.9030540796002103,0.09647574067302635,0.00047017972676288987
2019-07-05,0.902300083973928,0.09615078979039099,0.0015491262356807731
2019-07-08,0.9730751036509323,0.02683190189136993,9.299445769792809e-05
2019-07-09,0.9786694501099017,0.02124002855836257,9.052133173554863e-05
2019-07-10,0.8617372793763348,0.13785375359368038,0.00040896702998494995
2019-07-11,0.9822431175049866,0.017668109610145387,8.877288486819213e-05
2019-07-12,0.981924447713235,0.01801655010502586,5.9002181738794283e-05
2019-07-15,0.9749099103468313,0.02498438225386894,0.00010570739929999262
2019-07-16,0.92518509836258,0.07440583885119283,0.0004090627862271751
2019-07-17,0.8055390644570884,0.19317078757394704,0.0012901479689648204
2019-07-18,0.7654656588223866,0.23280287912907913,0.0017314620485344777
2019-07-19,0.9741797615800791,0.025740626814681818,7.961160523950418e-05
2019-07-22,0.9835949131844701,0.016344764776633706,6.032203889644839e-05
2019-07-23,0.975998432420582,0.02389668127588889,0.00010488630352895045
2019-07-24,0.9724237478388496,0.027459130446723094,0.00011712171442707843
2019-07-25,0.9539794871656129,0.045848445101480055,0.00017206773290669286
2019-07-26,0.9803864252498556,0.019532574075286573,8.1000674857842e-05
2019-07-29,0.9781714275468252,0.021754590546373086,7.398190680227157e-05
2019-07-30,0.973101783716482,0.02680033093699542,9.788534652262891e-05
2019-07-31,0.3779473037991944,0.609741122942432,0.012311573258373409
2019-08-01,0.006655447546444945,0.9710756929008001,0.022268859552755052
2019-08-02,0.570607483874684,0.4183683380135288,0.011024178111787505
2019-08-05,0.009655115642217526,0.9657167738498386,0.02462811050794337
2019-08-06,0.9745594920509092,0.025336302470559624,0.00010420547853139945
2019-08-07,0.8946078524876384,0.10437521283034552,0.0010169346820158728
2019-08-08,0.6786468607689308,0.3188268462749701,0.002526292956098952
2019-08-09,0.9484622182736281,0.0513465421790263,0.00019123954734568015
2019-08-12,0.8185025213636488,0.1798506849245939,0.001646793711757082
2019-08-13,0.8955468580417157,0.10395029959329452,0.0005028423649896559
2019-08-14,0.1998601494516313,0.7907795061109775,0.009360344437391708
2019-08-15,0.9772054981393036,0.02268363815063265,0.00011086371006390459
2019-08-16,0.9027799615670486,0.09664146903023504,0.0005785694027162937
2019-08-19,0.9213682429277287,0.07801314578311098,0.0006186112891596343
2019-08-20,0.8950610709915463,0.10435583717091075,0.0005830918375425102
2019-08-21,0.9775804665917842,0.022322421581121944,9.711182709425841e-05
2019-08-22,0.9801010553104681,0.01980385972771982,9.508496181279336e-05
2019-08-23,0.17628591068412575,0.8079577500346492,0.01575633928122498
2019-08-26,0.9831410995741523,0.016774311336998284,8.458908884944791e-05
2019-08-27,0.9373989801973144,0.06221460085074112,0.0003864189519442159
2019-08-28,0.9810705760805042,0.018858482385249814,7.094153424603425e-05
2019-08-29,0.8680012869930058,0.1309817097884201,0.0010170032185741137
2019-08-30,0.97554482255329,0.02432822532758233,0.0001269521191274479
2019-09-03,0.962694599062357,0.03712143128278255,0.0001839696548607328
2019-09-04,0.8278386525095212,0.1714127480740422,0.0007485994164368772
2019-09-05,0.47709705023718324,0.5124450580324915,0.010457891730325289
2019-09-06,0.8856901792684658,0.1132593220387943,0.0010504986927395545
2019-09-09,0.9364766504960682,0.06312361906159734,0.0003997304423343363
2019-09-10,0.9691994655465574,0.030520642595488885,0.00027989185795331115
2019-09-11,0.9404890676106685,0.059042096857945814,0.00046883553138555385
2019-09-12,0.9781633995574847,0.02172766197357262,0.0001089384689424078
2019-09-13,0.9708750693100671,0.028907981747281965,0.00021694894265085457
2019-09-16,0.046788184664416234,0.9475188140898168,0.005693001245766946
2019-09-17,0.4601436128141706,0.5347361472602045,0.00512023992562449
2019-09-18,0.9558027958267237,0.043900736771265214,0.0002964674020107457
2019-09-19,0.9763352525973514,0.023552742898524628,0.00011200450412387605
2019-09-20,0.966144401447942,0.03368934987911787,0.00016624867293972063
2019-09-23,0.9520990943564833,0.047699546893198025,0.00020135875031838225
2019-09-24,0.9448689954552456,0.05482812550173242,0.00030287904302166814
2019-09-25,0.9032422343439552,0.0943997802187361,0.0023579854373081415
2019-09-26,0.9766191419943986,0.02327139324207066,0.00010946476353078299
2019-09-27,0.9663871122628356,0.033464447733074436,0.00014844000409041917
2019-09-30,0.9404890703146987,0.05918779339895258,0.00032313628634852206
2019-10-01,0.9107889333636475,0.08875089528165327,0.0004601713546992051
2019-10-02,0.5480683758311679,0.44845961636293463,0.0034720078058975514
2019-10-03,0.9419927453073569,0.057288575095513106,0.0007186795971302404
2019-10-04,0.947941755105909,0.051793003756866504,0.0002652411372241779
2019-10-07,0.9844627115895946,0.015467012677395706,7.027573300968253e-05
2019-10-08,0.6574372982886295,0.3400857006391219,0.0024770010722488063
2019-10-09,0.9776863611427634,0.02219482973344243,0.00011880912379446495
2019-10-10,0.9729512214951324,0.026860619541833792,0.00018815896303401572
2019-10-11,0.5033650900805103,0.4915162374505348,0.005118672468954502
2019-10-14,0.9820235624543106,0.017898943667595178,7.74938780939284e-05
2019-10-15,0.8473316386066347,0.151620141864242,0.0010482195291234846
2019-10-16,0.9796768414257185,0.020229662350311962,9.349622396934328e-05
2019-10-17,0.9796790775391578,0.02023166039996186,8.92620608807005e-05
2019-10-18,0.9818636241649926,0.018067934790536085,6.844104447091717e-05
2019-10-21,0.9554918163903006,0.04427129596271722,0.00023688764698204714
2019-10-22,0.9826642195444857,0.01727064898346558,6.513147204905158e-05
2019-10-23,0.9826023680071024,0.017336346578450047,6.128541444778893e-05
2019-10-24,0.9761803341574129,0.023718366756918637,0.00010129908566845408
2019-10-25,0.9762005052121386,0.023667689888758163,0.0001318048991028503
2019-10-28,0.9741102354929227,0.025751209613173825,0.00013855489390345938
2019-10-29,0.9863758943573353,0.013571033946987507,5.307169567726321e-05
2019-10-30,0.9857713926846199,0.014168760846244587,5.984646913537062e-05
2019-10-31,0.8348949034677358,0.16242196344311086,0.002683133089153382
2019-11-01,0.9442295326193293,0.05554022169944879,0.0002302456812222236
2019-11-04,0.9744722966324563,0.02539243767291441,0.00013526569462899712
2019-11-05,0.9486805707016199,0.05068967996049752,0.0006297493378826214
2019-11-06,0.9693848027805693,0.03043184351492831,0.0001833537045021165
2019-11-07,0.9445911968629359,0.054644897126609505,0.0007639060104542392
2019-11-08,0.9867105099589049,0.013231693326087802,5.779671500751356e-05
2019-11-11,0.9565768663619568,0.04322657562358077,0.00019655801446239176
2019-11-12,0.9845037986256662,0.01542550106294269,7.070031139074542e-05
2019-11-13,0.9825613420095773,0.01735125345519879,8.740453522363393e-05
2019-11-14,0.9824921977376844,0.017420582217081128,8.722004523471401e-05
2019-11-15,0.9772833873005685,0.0226030254414996,0.0001135872579319961
2019-11-18,0.935655417863291,0.06394188044719493,0.0004027016895145152
2019-11-19,0.9793988550604527,0.02050368965511365,9.74552844340126e-05
2019-11-20,0.9733176195425858,0.026582823297713845,9.955715970028149e-05
2019-11-21,0.9692402127706123,0.030585381573851798,0.00017440565553590126
2019-11-22,0.9875692756312433,0.012375327553660944,5.539681509538064e-05
2019-11-25,0.9702997553809944,0.029543757735854007,0.00015648688315204496
2019-11-26,0.9801322393836702,0.019764285764595005,0.00010347485173494624
2019-11-27,0.9830303879107234,0.016883426712147136,8.618537712929283e-05
2019-11-29,0.7487521710400671,0.2495044378149367,0.001743391144996264
2019-12-02,0.9504916860571179,0.04920432585586588,0.00030398808701593844
2019-12-03,0.8705336962730771,0.12717923227738703,0.0022870714495355424
2019-12-04,0.979489551910483,0.020402483001319232,0.00010796508819763599
2019-12-05,0.9873080507656888,0.01264026212200233,5.168711230929493e-05
2019-12-06,0.937081347005479,0.06248175074484645,0.0004369022496745655
2019-12-09,0.9838608657783519,0.016063022416699605,7.611180494836731e-05
2019-12-10,0.9836327258128567,0.016305511561884745,6.176262525831631e-05
2019-12-11,0.955464102620272,0.04423551725082364,0.00030038012890431685
2019-12-12,0.9558534803372687,0.04375895517884528,0.0003875644838860304
2019-12-13,0.9530898359547878,0.046221914956793966,0.0006882490884185929
2019-12-16,0.9512953359201101,0.04844191261357615,0.0002627514663141067
2019-12-17,0.9868232585543742,0.013122719744085801,5.402170154001089e-05
2019-12-18,0.9770740403526764,0.022783483375379682,0.00014247627194384054
2019-12-19,0.9879157716184224,0.012034720680601501,4.950770097639675e-05
2019-12-20,0.977394761080547,0.022495696767529806,0.00010954215192306991
2019-12-23,0.8483966142036934,0.14998015918366653,0.001623226612639899
2019-12-24,0.949822410165958,0.04991314874999123,0.0002644410840504157
2019-12-26,0.982299269431395,0.017632257493000018,6.847307560500844e-05
2019-12-27,0.9701802847715462,0.02959197808765728,0.00022773714079665045
2019-12-30,0.9526047829636768,0.047160095293438335,0.00023512174288491537
2019-12-31,0.9774266444255206,0.022443737307602112,0.00012961826687690544
2020-01-02,0.9772679665004741,0.02261427279671053,0.00011776070281539406
2020-01-03,0.9482170935090023,0.05148996891736908,0.0002929375736285789
2020-01-06,0.9872253612160868,0.012719426163753525,5.5212620159696775e-05
2020-01-07,0.9740996881929451,0.02571054937717398,0.00018976242988081254
2020-01-08,0.7926294192387494,0.20503028558395725,0.0023402951772933042
2020-01-09,0.9729458532501327,0.02687723978045089,0.00017690696941651736
2020-01-10,0.9801862483828581,0.019710651117351045,0.00010310049979097568
2020-01-13,0.9682220015312735,0.03160541132828313,0.00017258714044354347
2020-01-14,0.9859065629373912,0.014032167340225365,6.126972238368282e-05
2020-01-15,0.9676533661437106,0.03214860314339832,0.00019803071289102472
2020-01-16,0.9748050334831501,0.025065880841464154,0.00012908567538540654
2020-01-17,0.9848623434800523,0.01506777095159006,6.988556835740624e-05
2020-01-21,0.9370970072563738,0.06239784222479265,0.0005051505188339849
2020-01-22,0.9800214861925077,0.019885625143382192,9.288866411008093e-05
2020-01-23,0.9735713619892647,0.026253374455858392,0.0001752635548764174
2020-01-24,0.8638776612167017,0.13521548008820516,0.0009068586950930748
2020-01-27,0.4723138353861224,0.519701920786922,0.007984243826955636
2020-01-28,0.9544581062199946,0.04523813941556317,0.000303754364442133
2020-01-29,0.949875787271402,0.04978986560150917,0.00033434712708896406
2020-01-30,0.9469963378592148,0.05262210562172975,0.00038155651905560147
2020-01-31,0.8077035710987845,0.19104903050719613,0.0012473983940193387
2020-02-03,0.9552172159109513,0.04452216259015672,0.0002606214988921475
2020-02-04,0.8568841615986201,0.14128259478235666,0.0018332436190233695
2020-02-05,0.9446879006585162,0.054891692724984585,0.00042040661649906394
2020-02-06,0.9841207769070757,0.015802446218255002,7.677687466871927e-05
2020-02-07,0.9377596972746554,0.061789198441587666,0.0004511042837568478
2020-02-10,0.9575581057651249,0.042186687390340774,0.00025520684453435056
2020-02-11,0.9874473839384036,0.012493574981820252,5.904107977632644e-05
2020-02-12,0.96427015738843,0.03556430787581813,0.0001655347357514951
2020-02-13,0.983844543323678,0.016089685539810782,6.577113651123345e-05
2020-02-14,0.9854274258363573,0.014495195275720267,7.737888792236167e-05
2020-02-18,0.8532718790805586,0.1458160740857074,0.0009120468337338552
2020-02-19,0.973564660080652,0.026185101928154198,0.0002502379911934415
2020-02-20,0.9771657601664787,0.02268666922111074,0.00014757061241070374
2020-02-21,0.8677478634303778,0.1311345834694447,0.0011175531001772808
2020-02-24,0.006086547831628638,0.9701887982781243,0.023724653890246788
2020-02-25,0.03136519459599143,0.9376207323896174,0.03101407301439105
2020-02-26,0.9688351122767317,0.030981265476174635,0.00018362224709381151
2020-02-27,4.812640942268896e-06,0.7202506475563011,0.27974453980275643
2020-02-28,0.00028668837329646975,0.7225207565406268,0.27719255508607643
2020-03-02,0.059893460062673334,0.9041524980545141,0.03595404188281252
2020-03-03,0.3371361722978973,0.6557285995716617,0.007135228130441156
2020-03-04,0.18021752534421248,0.7951614005341352,0.024621074121652188
2020-03-05,0.17925803978532734,0.8104963133736132,0.010245646841059485
2020-03-06,3.097008174131887e-05,0.7217198500487846,0.2782491798694739
2020-03-09,1.3590044832394215e-29,0.6500000000049412,0.3499999999950587
2020-03-10,8.067094916135878e-08,0.650421080420497,0.34957883890855396
2020-03-11,9.064759701868901e-06,0.6788263353542561,0.3211645998860422
2020-03-12,4.2292698953140805e-33,0.6500000000497527,0.34999999995024744
2020-03-13,1.1737652760937373e-20,0.6500167793140489,0.3499832206859511
2020-03-16,6.572861666846678e-40,0.6500000003997107,0.34999999960028927
2020-03-17,9.72966686366987e-28,0.6500000000000106,0.34999999999998954
2020-03-18,8.192990010338085e-25,0.6500000000000027,0.3499999999999974
2020-03-19,1.1519965616185226e-06,0.6544859896163899,0.3455128583870484
2020-03-20,4.2111635174251836e-05,0.6809433398122714,0.31901454855255473
2020-03-23,5.145391093957927e-06,0.9662452459494293,0.03374960865947676
2020-03-24,6.92191142486996e-24,0.6500000070147002,0.3499999929852998
2020-03-25,0.007091463596011122,0.6769405675080191,0.3159679688959698
2020-03-26,3.812327900160792e-11,0.650394812796522,0.34960518716535477
2020-03-27,3.34291080494193e-06,0.6624491422845968,0.3375475148045979
2020-03-30,0.03439113056017022,0.8985611015457122,0.06704776789411777
2020-03-31,0.8987941263783681,0.09943851430912079,0.0017673593125113007
2020-04-01,1.8199544329117374e-06,0.8743557027059807,0.1256424773395866
2020-04-02,0.5398290639791303,0.45287457530533554,0.007296360715534198
2020-04-03,0.6332540363294993,0.363658199958022,0.003087763712478201
2020-04-06,4.778937944665535e-10,0.6526798802246871,0.34732011929741896
2020-04-07,0.9122144587596435,0.08520910946571877,0.0025764317746378275
2020-04-08,0.3624176761560121,0.6209646891140949,0.016617634729892864
2020-04-09,9.213379873136012e-06,0.6504329400422588,0.349557846577868
2020-04-13,0.017330176418835233,0.8126949493096474,0.1699748742715173
2020-04-14,0.10199896565564373,0.7799486875769754,0.11805234676738083
2020-04-15,0.25742851046111304,0.73534461211389,0.007226877424996914
2020-04-16,0.9850689616834366,0.014842862925128496,8.817539143435127e-05
2020-04-17,0.14876781321770033,0.8316831358672486,0.01954905091505093
2020-04-20,0.8047023755651084,0.19364570023680544,0.0016519241980859276
2020-04-21,3.692614965394152e-05,0.9700191779412177,0.029943895909128472
2020-04-22,0.15427190006279895,0.8226467664584121,0.023081333478789105
2020-04-23,0.9694680616749327,0.030271663753571793,0.0002602745714956428
2020-04-24,0.9069122731460062,0.09221290731792224,0.0008748195360714413
2020-04-27,0.5093934848803564,0.4822744182308175,0.008332096888826232
2020-04-28,0.9862829036496551,0.013635961415232448,8.113493511247247e-05
2020-04-29,0.561840702526195,0.42958076944879525,0.008578528025009895
2020-04-30,0.01217850759981926,0.9137259808443673,0.07409551155581343
2020-05-01,0.06576167441589742,0.9204147970388098,0.013823528545292748
2020-05-04,0.9264227341350079,0.07256227055563677,0.0010149953093553912
2020-05-05,0.7746551296048789,0.22389898832370517,0.0014458820714156233
2020-05-06,0.8160440891061403,0.17854579488545444,0.005410116008405068
2020-05-07,0.920769528393747,0.07840452867394687,0.0008259429323062298
2020-05-08,0.7807653597826142,0.21438989311189,0.004844747105496001
2020-05-11,0.9085714091554833,0.08999709587451639,0.0014314949699998172
2020-05-12,0.8094723007381607,0.18836328689096896,0.002164412370870594
2020-05-13,0.5704211347448186,0.42598506958092813,0.0035937956742535327
2020-05-14,0.9530139399192494,0.046744669550120674,0.00024139053062989516
2020-05-15,0.876007020988879,0.12200577679999507,0.00198720221112602
2020-05-18,0.017238840577911974,0.9592914042821731,0.023469755139914828
2020-05-19,0.8772303450376789,0.12025994461804529,0.002509710344276126
2020-05-20,0.6495077208716257,0.33738359933558665,0.013108679792787922
2020-05-21,0.8958669889241204,0.10346924443750648,0.0006637666383735511
2020-05-22,0.9860490385768648,0.013878077771671283,7.288365146361893e-05
2020-05-26,0.11360233853348749,0.8573610146139922,0.02903664685252006
2020-05-27,0.8297327006774233,0.1686322691040151,0.0016350302185613155
2020-05-28,0.9808521767322581,0.01900741487773423,0.00014040839000779726
2020-05-29,0.9442865347320596,0.055242678171065526,0.0004707870968745713
2020-06-01,0.9648833063677078,0.034859951321258756,0.0002567423110333969
2020-06-02,0.5952033687649559,0.3967671482216055,0.008029483013438312
2020-06-03,0.5851406572280056,0.4090811622346536,0.005778180537340541
2020-06-04,0.9777643410865606,0.02212182726798455,0.00011383164545465691
2020-06-05,0.16365871068309734,0.7847407944284511,0.05160049488845113
2020-06-08,0.9595320738222745,0.040107237927242766,0.0003606882504825825
2020-06-09,0.943156533360075,0.05633751233304364,0.0005059543068815584
2020-06-10,0.805767372290682,0.19258201358006038,0.001650614129257412
2020-06-11,8.185491125377598e-10,0.6562369004677735,0.34376309871367744
2020-06-12,0.9392922189153294,0.05972154311464637,0.0009862379700245135
2020-06-15,0.9749322804581381,0.024907017858270257,0.00016070168359122808
2020-06-16,0.1500134579533254,0.8220096548806157,0.027976887166059162
2020-06-17,0.98852665319047,0.011424221682949301,4.912512658056514e-05
2020-06-18,0.9813342346065678,0.01855501449136005,0.0001107509020720902
2020-06-19,0.8690959734246965,0.12963927897364644,0.0012647476016575045
2020-06-22,0.9147874865408859,0.08449499924640927,0.0007175142127044986
2020-06-23,0.9625947135884031,0.03708465957558614,0.00032062683601073673
2020-06-24,0.2463333202154677,0.745533110677403,0.008133569107129285
2020-06-25,0.9720795975225911,0.02769785614438036,0.00022254633302859405
2020-06-26,0.7132940135084975,0.2843540363786843,0.002351950112818151
2020-06-29,0.9224720650763134,0.07714509444079853,0.00038284048288825164
2020-06-30,0.8803694859121087,0.11843026311960196,0.0012002509682888288
2020-07-01,0.9861601637165668,0.013773180100192628,6.665618324097362e-05
2020-07-02,0.9496384539214668,0.04998678940111763,0.00037475667741537457
2020-07-06,0.8181543231908119,0.17933886691455753,0.0025068098946310993
2020-07-07,0.8419986779129518,0.1570373496120946,0.0009639724749541008
2020-07-08,0.974108601171657,0.02573943258868707,0.00015196623965574882
2020-07-09,0.9652804183112039,0.03453293419525966,0.0001866474935364599
2020-07-10,0.9759332203781946,0.02390387817775646,0.00016290144404866838
2020-07-13,0.9190326182489572,0.08032682000910887,0.0006405617419338628
2020-07-14,0.7611869208710129,0.235105661714576,0.003707417414411447
2020-07-15,0.9449547282143103,0.05467271968651529,0.00037255209917424917
2020-07-16,0.9698587627208977,0.02995756732103816,0.00018366995806394227
2020-07-17,0.9513053562353079,0.04824248530310721,0.0004521584615844753
2020-07-20,0.9258055153948439,0.07340271427175896,0.0007917703333969621
2020-07-21,0.934234792317673,0.06529581073856278,0.00046939694376416216
2020-07-22,0.9739452130025578,0.025879733224584388,0.00017505377285774698
2020-07-23,0.8556976426305255,0.14316547981445407,0.001136877555020291
2020-07-24,0.8646389943608577,0.13441188700465515,0.0009491186344871729
2020-07-27,0.7627436394550962,0.23276419408220206,0.004492166462701381
2020-07-28,0.9800513000903717,0.019861688733605,8.701117602343106e-05
2020-07-29,0.9637606849460656,0.03602790159295056,0.00021141346098390215
2020-07-30,0.7785022360630145,0.21883036626528604,0.002667397671699338
2020-07-31,0.966805077031007,0.03298329975225657,0.00021162321673643642
2020-08-03,0.7654002279644265,0.23234015315216655,0.002259618883406927
2020-08-04,0.9137938450067091,0.0854833601970301,0.0007227947962609802
2020-08-05,0.9693146068798997,0.03048731395217144,0.00019807916792904004
2020-08-06,0.9860625008245923,0.013872515273323154,6.49839020845604e-05
2020-08-07,0.8874847029973122,0.11168267089060595,0.0008326261120816336
2020-08-10,0.9842745509422169,0.015656732553276924,6.871650450618478e-05
2020-08-11,0.09078596140280232,0.890927633828651,0.01828640476854649
2020-08-12,0.9242268631996678,0.07521697507902374,0.0005561617213085798
2020-08-13,0.8917704732578805,0.10717193244722942,0.0010575942948901113
2020-08-14,0.9840305713433463,0.015872413051252355,9.70156054011583e-05
2020-08-17,0.5967243417566531,0.40047859601259966,0.002797062230746908
2020-08-18,0.96981586184411,0.02992964213237219,0.0002544960235176215
2020-08-19,0.9530707350968256,0.04662446122627888,0.00030480367689558535
2020-08-20,0.9488723957600118,0.05072113626954873,0.0004064679704392282
2020-08-21,0.9737574075193469,0.026101442406252246,0.00014115007440047636
2020-08-24,0.9561429797423263,0.04355964575405882,0.0002973745036147767
2020-08-25,0.9821216360899674,0.017764328168725342,0.00011403574130738165
2020-08-26,0.9332932304145389,0.06605648168817621,0.0006502878972842259
2020-08-27,0.965894831741123,0.033780434303187626,0.0003247339556897235
2020-08-28,0.9170884071479515,0.08208312359396641,0.0008284692580819763
2020-08-31,0.9794010402542591,0.020440872061701164,0.00015808768403946066
2020-09-01,0.9732452508346567,0.026590817759379947,0.000163931405963458
2020-09-02,0.863525647483914,0.13531484540538818,0.001159507110697886
2020-09-03,0.14370323189622186,0.846403252711619,0.009893515392159252
2020-09-04,0.733142216057564,0.2513221733740465,0.015535610568389101
2020-09-08,0.3408460372099519,0.6531819555877209,0.005972007202327509
2020-09-09,0.5644032014092262,0.4233244369610792,0.012272361629695043
2020-09-10,0.8930299771817989,0.10633698709924641,0.0006330357189553312
2020-09-11,0.9835376957872445,0.016389187893946618,7.311631880849116e-05
2020-09-14,0.8427815479392546,0.1553161977961072,0.001902254264638326
2020-09-15,0.986295758473139,0.0136354620997168,6.87794271441128e-05
2020-09-16,0.9769139113277919,0.02298296470913163,0.00010312396307639963
2020-09-17,0.9479145437021035,0.05183888806682396,0.00024656823107252593
2020-09-18,0.8999192942892554,0.09943357431680727,0.0006471313939375488
2020-09-21,0.2592802435689063,0.7351592362458724,0.00556052018522184
2020-09-22,0.9785032254389503,0.021359045124829897,0.0001377294362196889
2020-09-23,0.11213285614429606,0.8664240919108032,0.021443051944900846
2020-09-24,0.8128819229822815,0.1841644565357052,0.002953620482013077
2020-09-25,0.9325462056782525,0.0667835528425145,0.0006702414792328899
2020-09-28,0.8423066073180596,0.15616793593691722,0.0015254567450229627
2020-09-29,0.920921706059634,0.07855176359704855,0.0005265303433174701
2020-09-30,0.9819629174712601,0.017960589729774722,7.649279896514586e-05
2020-10-01,0.9496376489656158,0.050045065205689354,0.0003172858286949885
2020-10-02,0.9544893719707893,0.04528194846745574,0.0002286795617547359
2020-10-05,0.7265133248404092,0.2712501643882603,0.0022365107713300486
2020-10-06,0.5896388142257714,0.403891305996119,0.006469879778110197
2020-10-07,0.9470725669180038,0.05239766451134116,0.000529768570655098
2020-10-08,0.9781223474432592,0.021764397221589675,0.00011325533515113677
2020-10-09,0.7992227156443209,0.19932425618237476,0.0014530281733045939
2020-10-12,0.8790572094498807,0.1198521311744202,0.0010906593756990358
2020-10-13,0.971593030055967,0.02824418458313648,0.00016278536089671744
2020-10-14,0.9656605622661154,0.03420018490115842,0.0001392528327263221
2020-10-15,0.9378630704180739,0.06175080320637705,0.00038612637554897547
2020-10-16,0.9823370432775247,0.017578444706774565,8.45120157002807e-05
2020-10-19,0.9003992724426346,0.09897357410543133,0.000627153451933891
2020-10-20,0.9850005431261109,0.014930973257864522,6.848361602461846e-05
2020-10-21,0.9725691852636238,0.027276962098958503,0.00015385263741756359
2020-10-22,0.9782184520298542,0.021628024743200153,0.0001535232269460156
2020-10-23,0.9816506644281049,0.01826314951280375,8.618605909188612e-05
2020-10-26,0.6965368404170004,0.30098024591994915,0.0024829136630501675
2020-10-27,0.9624925863504379,0.03732935294918947,0.00017806070037303326
2020-10-28,0.002434808782261886,0.9321821549884023,0.06538303622933546
2020-10-29,0.83712027571096,0.1576313657873418,0.005248358501697954
2020-10-30,0.8210195622931759,0.1778436089663648,0.0011368287404589753
2020-11-02,0.8953499080539331,0.1035416955485019,0.0011083963975653216
2020-11-03,0.6751672436628678,0.3185555437298829,0.006277212607249318
2020-11-04,0.16588520557037564,0.7866716129444566,0.047443181485167206
2020-11-05,0.10204792595589951,0.8464337127106851,0.05151836133341546
2020-11-06,0.9792755134928928,0.020615861194482565,0.00010862531262494847
2020-11-09,0.040353280199042885,0.92146296103063,0.03818375877032691
2020-11-10,0.6250856362610233,0.3719953333808098,0.002919030358166431
2020-11-11,0.9688742416566806,0.030941524974030733,0.00018423336928855607
2020-11-12,0.9144415945315948,0.084869164112326,0.000689241356079197
2020-11-13,0.977931037321108,0.02192676705849733,0.00014219562039432631
2020-11-16,0.93778452729962,0.061769231191168,0.0004462415092116132
2020-11-17,0.963270750112424,0.03643213071804089,0.0002971191695352074
2020-11-18,0.8521534395889261,0.14636774895294394,0.0014788114581302054
2020-11-19,0.9697399935662456,0.030098482793728353,0.0001615236400260091
2020-11-20,0.971775036641113,0.028111431442203686,0.00011353191668336701
2020-11-23,0.9367159687581803,0.06286542750149406,0.00041860374032541504
2020-11-24,0.8077604805584173,0.19046413987691663,0.0017753795646660907
2020-11-25,0.9836914869183361,0.01623459589486707,7.391718679662665e-05
2020-11-27,0.983631475873444,0.01627937795960108,8.914616695524195e-05
2020-11-30,0.9538048751599184,0.04594976766602123,0.0002453571740602505
2020-12-01,0.8572014931586309,0.14053825012304583,0.002260256718323328
2020-12-02,0.9882296497398274,0.011722810519625319,4.7539740547062725e-05
2020-12-03,0.8953302466712527,0.10260816348380548,0.0020615898449419775
2020-12-04,0.98030247637014,0.019570047028029336,0.00012747660183083182
2020-12-07,0.9237069714293286,0.07576628819825508,0.0005267403724161757
2020-12-08,0.9851424223474867,0.014786979789377114,7.059786313574195e-05
2020-12-09,0.9421134766393318,0.05742343365779512,0.0004630897028736608
2020-12-10,0.9546701587774027,0.045118668024084194,0.00021117319851358287
2020-12-11,0.9826211698322584,0.01729536463151545,8.346553622610776e-05
2020-12-14,0.9638364112088113,0.03598292962687826,0.00018065916431059384
2020-12-15,0.9306906781118623,0.06878028844035229,0.0005290334477854756
2020-12-16,0.9836345204316099,0.016293717704254758,7.17618641351595e-05
2020-12-17,0.9316351893847244,0.06796843259470205,0.0003963780205731357
2020-12-18,0.9567197776685754,0.043072411342717366,0.00020781098870717852
2020-12-21,0.9532645303828169,0.04650308021641106,0.00023238940077256498
2020-12-22,0.9385158363219922,0.06111397448045318,0.000370189197554605
2020-12-23,0.9822296041917624,0.017692572776750026,7.782303148716778e-05
2020-12-24,0.987871521827488,0.012077985139142487,5.049303336976281e-05
2020-12-28,0.9626854812520964,0.037124198862388234,0.00019031988551521881
2020-12-29,0.9796325996633914,0.020276345854787194,9.105448182165198e-05
2020-12-30,0.9580843062060884,0.0416988967646872,0.00021679702922449345
2020-12-31,0.9700740103974764,0.029791463246912037,0.00013452635561176903
2021-01-04,0.11950078342242713,0.8688486255970334,0.011650590980539343
2021-01-05,0.7672202862385041,0.231087236803618,0.0016924769578781584
2021-01-06,0.96135394547548,0.03805917206155478,0.0005868824629653152
2021-01-07,0.922501894937979,0.07689495609916852,0.0006031489628525816
2021-01-08,0.6111753244493946,0.38330434655769774,0.0055203289929075345
2021-01-11,0.9212340835100733,0.07792809659691714,0.0008378198930098371
2021-01-12,0.9573753584852247,0.042486865174129654,0.00013777634064577693
2021-01-13,0.946309145202415,0.05305729705415798,0.0006335577434265526
2021-01-14,0.9823816349714681,0.01755354497073155,6.48200578000951e-05
2021-01-15,0.844403470224351,0.1545258343986069,0.0010706953770426887
2021-01-19,0.9642414600173982,0.03552812805953133,0.0002304119230702632
2021-01-20,0.9380738990649068,0.06142960605801813,0.0004964948770751693
2021-01-21,0.9851307666499345,0.014796854834545767,7.237851551971068e-05
2021-01-22,0.9122939500495167,0.08731628897374884,0.00038976097673474946
2021-01-25,0.9549585955909358,0.04484180220381834,0.0001996022052460607
2021-01-26,0.9800742172826393,0.019846750970093842,7.903174726644566e-05
2021-01-27,0.2918855216505986,0.699694992130498,0.008419486218902993
2021-01-28,0.43787489091066545,0.5485516192474879,0.01357348984184617
2021-01-29,0.6677720243610026,0.3298238854014353,0.0024040902375621976
2021-02-01,0.3969463185217685,0.5926014333252131,0.010452248153018312
2021-02-02,0.38954489158193917,0.600642173594733,0.009812934823327967
2021-02-03,0.9854884291232112,0.01445148324915975,6.008762762957768e-05
2021-02-04,0.9702600131857467,0.029590474732532946,0.00014951208172006445
2021-02-05,0.9689196418903554,0.030911944187446055,0.00016841392219912397
2021-02-08,0.9575782176203773,0.04223217437457387,0.00018960800504859074
2021-02-09,0.982954986338257,0.016952175535138746,9.283812660426179e-05
2021-02-10,0.984678752481598,0.015251132481067636,7.011503733434317e-05
2021-02-11,0.9826854596296822,0.01722418344131886,9.035692899903754e-05
2021-02-12,0.9795415896918127,0.020333624642962827,0.00012478566522387366
2021-02-16,0.9407584769674414,0.05891766879961867,0.00032385423293937573
2021-02-17,0.9727810492507816,0.027089895396892,0.0001290553523264754
2021-02-18,0.9805543010347274,0.01937197252241134,7.372644286174586e-05
2021-02-19,0.9866400329687642,0.013289624495358946,7.034253587675134e-05
2021-02-22,0.3792645820944579,0.6178381735589005,0.002897244346641557
2021-02-23,0.9824783463310865,0.017439337619744533,8.23160491688465e-05
2021-02-24,0.9480290957697606,0.05155242507660718,0.0004184791536323299
2021-02-25,0.6695574398314211,0.3251129944428487,0.005329565725729745
2021-02-26,0.1777709532595979,0.8118080125988031,0.010421034141599289
2021-03-01,0.4967380597640657,0.49173668899766143,0.011525251238273125
2021-03-02,0.885419753623327,0.11396843349537968,0.0006118128812933949
2021-03-03,0.9318661125244292,0.06763537711726349,0.0004985103583074628
2021-03-04,0.8790076465476857,0.11998284948147984,0.0010095039708343286
2021-03-05,0.7752782108354603,0.21818149048284693,0.006540298681692691
2021-03-08,0.9701993709451596,0.02955833488476713,0.00024229417007304486
2021-03-09,0.8969070015219447,0.10200355978149517,0.0010894386965600229
2021-03-10,0.9856363221972813,0.014298307352112408,6.53704506062854e-05
2021-03-11,0.9476774836845931,0.05202084687772718,0.00030166943767971345
2021-03-12,0.9296654350231385,0.06882679042564852,0.001507774551213474
2021-03-15,0.9830842268441926,0.016833802072803317,8.197108300406886e-05
2021-03-16,0.987002314299999,0.012941401687467073,5.628401253409811e-05
2021-03-17,0.9430405110684194,0.05641376228787289,0.0005457266437074331
2021-03-18,0.5420587320139747,0.45571241074077745,0.0022288572452478215
2021-03-19,0.9720029675022966,0.027913892693265847,8.313980443727552e-05
2021-03-22,0.9764010869370028,0.023451094018534777,0.00014781904446277248
2021-03-23,0.7247420023261258,0.27363614148296656,0.001621856190907987
2021-03-24,0.8189392323294956,0.1803529491341725,0.0007078185363315661
2021-03-25,0.8485478527657433,0.15055322693017312,0.0008989203040841029
2021-03-26,0.8889233082157745,0.11034285960090547,0.0007338321833200389
2021-03-29,0.9838280368205182,0.016084281972032793,8.768120744876771e-05
2021-03-30,0.8706156997589366,0.12869108179682381,0.0006932184442395653
2021-03-31,0.9800200052315506,0.019902189288892865,7.78054795568929e-05
2021-04-01,0.8874898031796389,0.1105300215714143,0.0019801752489464353
2021-04-05,0.8545484847065038,0.1441637827631393,0.001287732530357121
2021-04-06,0.9799967399197831,0.019922173221654852,8.108685856180631e-05
2021-04-07,0.9810682132321403,0.01882608742243903,0.00010569934542043267
2021-04-08,0.9771288892058915,0.022770548368051896,0.00010056242605651291
2021-04-09,0.980172713487612,0.01972670857542282,0.00010057793696498357
2021-04-12,0.9748277123233887,0.02504887850273269,0.00012340917387842107
2021-04-13,0.9824763282590856,0.017461340953005097,6.233078790899167e-05
2021-04-14,0.8149650362917551,0.18439907679042888,0.0006358869178160965
2021-04-15,0.9052014442082963,0.09384425910386537,0.000954296687838316
2021-04-16,0.9846041033340093,0.015298279650352593,9.761701563845781e-05
2021-04-19,0.9736559887895068,0.02617427577975447,0.0001697354307386903
2021-04-20,0.935816173476584,0.06392482785694353,0.00025899866647250623
2021-04-21,0.9799690683888392,0.019930924745749413,0.00010000686541089669
2021-04-22,0.9454484060464908,0.05430398821442131,0.00024760573908783127
2021-04-23,0.9837068211795184,0.01622903657224145,6.414224824051145e-05
2021-04-26,0.971488004099628,0.02842457320475465,8.742269561755513e-05
2021-04-27,0.9714636569905039,0.028408516282481977,0.00012782672701419336
2021-04-28,0.9868042303667867,0.01313926560917924,5.650402403412514e-05
2021-04-29,0.9747587429205616,0.025113468287041793,0.00012778879239667214
2021-04-30,0.9543666038640742,0.045414574802228234,0.00021882133369758685
2021-05-03,0.8962608867116971,0.10297234169645107,0.0007667715918520488
2021-05-04,0.9067290808442909,0.09286401036859697,0.0004069087871117729
2021-05-05,0.9871744382636909,0.012779778377216635,4.578335909275102e-05
2021-05-06,0.9455629953668855,0.05409029324246863,0.0003467113906458636
2021-05-07,0.9694166453819735,0.030421140624330222,0.00016221399369659376
2021-05-10,0.9695663844304828,0.03028516122900101,0.00014845434051590016
2021-05-11,0.7936870241555439,0.20496024301767646,0.0013527328267790503
2021-05-12,0.5956027336040741,0.3968699082001493,0.007527358195776448
2021-05-13,0.46297005234603905,0.5351574132111858,0.00187253444277543
2021-05-14,0.8561362775211717,0.14191730745597156,0.0019464150228568498
2021-05-17,0.6075035322052376,0.38967494282874493,0.0028215249660175777
2021-05-18,0.9812613484477792,0.018642359752121744,9.629180009897391e-05
2021-05-19,0.7821626224266613,0.21647214862147485,0.0013652289518640028
2021-05-20,0.915385041934194,0.08394693254365049,0.000668025522155466
2021-05-21,0.9882116223013792,0.01174514966920561,4.3228029415606256e-05
2021-05-24,0.9788843248724076,0.021023490429164245,9.218469842806738e-05
2021-05-25,0.9803028853893652,0.019590734424991048,0.00010638018564398634
2021-05-26,0.9889615202913892,0.01099536586784417,4.311384076641606e-05
2021-05-27,0.9550671093766075,0.044773149715479826,0.000159740907912182
2021-05-28,0.9883779259930883,0.01157604494045082,4.602906646133566e-05
2021-06-01,0.9597089085404507,0.040168813097677177,0.00012227836187242222
2021-06-02,0.9888179964152626,0.01114264142391016,3.9362160827335546e-05
2021-06-03,0.8783372381847018,0.12077373771527536,0.0008890241000228902
2021-06-04,0.9179301866897125,0.0815168776295232,0.0005529356807637846
2021-06-07,0.9827675360734669,0.0171543484272475,7.811549928560274e-05
2021-06-08,0.97280215530638,0.027078916569162833,0.00011892812445713337
2021-06-09,0.9844264102847728,0.015508323585442784,6.526612978453657e-05
2021-06-10,0.9779802078309979,0.021901425620679017,0.00011836654832302896
2021-06-11,0.9841383083570759,0.01579063068115596,7.106096176833133e-05
2021-06-14,0.9776729006382249,0.02221945908303294,0.00010764027874233036
2021-06-15,0.9742375649393387,0.025655847930479474,0.00010658713018171177
2021-06-16,0.9819332349230291,0.017981262811713323,8.5502265257748e-05
2021-06-17,0.006195923530033175,0.9886615153289673,0.005142561140999635
2021-06-18,0.6272642634097109,0.37022423881560407,0.002511497774685013
2021-06-21,0.9704028829809818,0.0294010228743691,0.0001960941446493137
2021-06-22,0.9828735776372282,0.017049776154675365,7.66462080963967e-05
2021-06-23,0.9780501321702574,0.02187476882431504,7.509900542783202e-05
2021-06-24,0.9876859916158549,0.012263414358225718,5.05940259195018e-05
2021-06-25,0.9869027711179963,0.013040390270480828,5.683861152306194e-05
2021-06-28,0.9744747022946645,0.02541713505034328,0.00010816265499236467
2021-06-29,0.9885470577005806,0.011412091227671067,4.085107174826069e-05
2021-06-30,0.9310469010117366,0.06873996823501609,0.00021313075324752004
2021-07-01,0.9885089838963812,0.011447003057692424,4.401304592639196e-05
2021-07-02,0.9848012230501464,0.015132661167970133,6.611578188338375e-05
2021-07-06,0.5324757545342941,0.46560532228432083,0.0019189231813849833
2021-07-07,0.9858778038700685,0.014064343438591566,5.7852691339924443e-05
2021-07-08,0.7520501130558035,0.2439499163930997,0.00399997055109685
2021-07-09,0.920639888139325,0.07854242459734632,0.0008176872633283588
2021-07-12,0.9771246750026129,0.022769633805464845,0.00010569119192229724
2021-07-13,0.9705187442435896,0.02930784836000164,0.00017340739640845393
2021-07-14,0.9838931704069385,0.016030332511366843,7.649708169457086e-05
2021-07-15,0.9744932061934338,0.025403309440720917,0.00010348436584520993
2021-07-16,0.8887720922894642,0.11039697211348062,0.0008309355970553436
2021-07-19,0.18065231591077563,0.8144217876856175,0.004925896403606824
2021-07-20,0.9404986035187822,0.05919111901335413,0.0003102774678637832
2021-07-21,0.9209081879665598,0.07867160684123839,0.00042020519220171255
2021-07-22,0.9662274207296648,0.033589759485969525,0.00018281978436536866
2021-07-23,0.9762199691571295,0.02365776717634644,0.00012226366652385068
2021-07-26,0.9770484445148117,0.022874714809812995,7.684067537539948e-05
2021-07-27,0.9569663316331977,0.04281144468744994,0.0002222236793526305
2021-07-28,0.9822545780532792,0.017664683663645764,8.07382830747357e-05
2021-07-29,0.9414762827212747,0.05824724692134489,0.00027647035738069905
2021-07-30,0.9200126489574829,0.07964468431275618,0.0003426667297607635
2021-08-02,0.9666774646760127,0.033091657723625004,0.00023087760036227638
2021-08-03,0.9783964681747904,0.021485359458712508,0.00011817236649728205
2021-08-04,0.9822990938313496,0.0176312253508406,6.968081780939305e-05
2021-08-05,0.9783271688977955,0.021554690078961807,0.00011814102324280574
2021-08-06,0.8922172785834639,0.10534405150237508,0.00243866991416089
2021-08-09,0.824506784008623,0.17434615284000196,0.0011470631513753533
2021-08-10,0.949045478855268,0.05077581993096433,0.00017870121376756406
2021-08-11,0.9781389909373033,0.02176547685024841,9.553221244814983e-05
2021-08-12,0.9829697318494378,0.01695402318525148,7.624496531097698e-05
2021-08-13,0.9727789519984277,0.027002462484852302,0.00021858551671997162
2021-08-16,0.985845060683454,0.01408177987560193,7.315944094399664e-05
2021-08-17,0.9508944928192598,0.04880723212708887,0.0002982750536512276
2021-08-18,0.9582321959351697,0.04152266398887115,0.00024514007595935277
2021-08-19,0.8788119486872603,0.12064392371003964,0.0005441276027000632
2021-08-20,0.9706902523895282,0.02915192163683278,0.00015782597363925893
2021-08-23,0.7571202145639646,0.2419616144888384,0.0009181709471969504
2021-08-24,0.9734040126356869,0.02651563098034856,8.03563839645182e-05
2021-08-25,0.9808387322035728,0.019064759170307484,9.650862611957426e-05
2021-08-26,0.9842383712735813,0.01570135854802646,6.027017839210787e-05
2021-08-27,0.913211054996435,0.08631043033008176,0.0004785146734836758
2021-08-30,0.9782556681371756,0.021611203066762286,0.0001331287960619355
2021-08-31,0.9809222882156786,0.01896417202352394,0.00011353976079752632
2021-09-01,0.9867430095124599,0.013194260432711422,6.27300548288047e-05
2021-09-02,0.9871691624867194,0.012782211442326693,4.862607095366584e-05
2021-09-03,0.9765770209932105,0.023280658686392224,0.0001423203203967889
2021-09-07,0.9112234267535139,0.08816762364052844,0.0006089496059578594
2021-09-08,0.9694050155616644,0.03049168787802241,0.00010329656031319922
2021-09-09,0.9653365056595224,0.03439198900082968,0.00027150533964767816
2021-09-10,0.9767758649465544,0.023127854015952076,9.628103749319986e-05
2021-09-13,0.9873259566255372,0.012623222256622612,5.082111784003738e-05
2021-09-14,0.9839859512082576,0.01594484358139674,6.920521034646877e-05
2021-09-15,0.9369504825974397,0.06288519511135399,0.00016432229120629942
2021-09-16,0.821219343138835,0.17698774793284688,0.0017929089283178882
2021-09-17,0.9455258039242534,0.054143458848422164,0.0003307372273244507
2021-09-20,0.6447255545357838,0.35284913033177295,0.0024253151324433947
2021-09-21,0.9886156600929157,0.011331556680588141,5.27832264959789e-05
2021-09-22,0.9584052932233329,0.04144349970506344,0.0001512070716035112
2021-09-23,0.8914287527833544,0.10751309226491221,0.001058154951733222
2021-09-24,0.9703063033379005,0.029519781755213147,0.00017391490688614181
2021-09-27,0.8518007126895413,0.14784714377139724,0.0003521435390618499
2021-09-28,0.4603713302232122,0.5311240480424319,0.008504621734355998
2021-09-29,0.936572466728594,0.06312740092069398,0.0003001323507122292
2021-09-30,0.9000784680658251,0.09957102771546068,0.00035050421871385314
2021-10-01,0.9807876538617153,0.01908086817291721,0.00013147796536728016
2021-10-04,0.8644836154281634,0.13508446889426945,0.0004319156775671912
2021-10-05,0.8713552920136876,0.12798411041326457,0.000660597573047921
2021-10-06,0.4317236527464156,0.5657901049334187,0.0024862423201657676
2021-10-07,0.9783145553017493,0.02155534773098076,0.00013009696727000434
2021-10-08,0.9856482317686627,0.014275197595193058,7.657063614452632e-05
2021-10-11,0.9839880706944297,0.015930639464218015,8.12898413520123e-05
2021-10-12,0.9834840067709432,0.01643320041664881,8.279281240833817e-05
2021-10-13,0.9579309623752491,0.04176339344638421,0.00030564417836672725
2021-10-14,0.9338205707871584,0.06565809234181046,0.0005213368710313976
2021-10-15,0.9839338477894835,0.01598699416642947,7.915804408750707e-05
2021-10-18,0.9670276319521356,0.03281962692976655,0.00015274111809755262
2021-10-19,0.9844501274315833,0.015443853081615559,0.0001060194868011407
2021-10-20,0.9795704550293735,0.020363694378198505,6.585059242784361e-05
2021-10-21,0.7703642779176575,0.22829575681580697,0.0013399652665359784
2021-10-22,0.9870970142811446,0.012856193710488769,4.67920083668385e-05
2021-10-25,0.8876278581011114,0.11212774324416197,0.0002443986547266298
2021-10-26,0.9877053825970258,0.012237387019849406,5.72303831244665e-05
2021-10-27,0.9433051592776636,0.05616234321283859,0.0005324975094980093
2021-10-28,0.9430498688515258,0.05639544669616468,0.0005546844523097726
2021-10-29,0.9314637577136942,0.06802415572309899,0.0005120865632065607
2021-11-01,0.989199145877896,0.010750590176453752,5.026394565012107e-05
2021-11-02,0.9846382255512066,0.015293647634641765,6.812681415184844e-05
2021-11-03,0.9320377453609756,0.0674604420473337,0.0005018125916906034
2021-11-04,0.9763138565538867,0.023541766725053648,0.0001443767210597217
2021-11-05,0.9621634058929999,0.03750936359462713,0.0003272305123730217
2021-11-08,0.9891056041922992,0.010841132847324653,5.326296037631596e-05
2021-11-09,0.9773460652516753,0.022534756548225437,0.00011917820009925999
2021-11-10,0.5445556678386541,0.4217871124022685,0.033657219759077574
2021-11-11,0.8945201189181367,0.10471827896981153,0.0007616021120523148
2021-11-12,0.9738551603859085,0.025954669325814743,0.00019017028827718856
2021-11-15,0.9832169222196516,0.016643706163678263,0.00013937161667019305
2021-11-16,0.9822410684427044,0.017657974716963197,0.00010095684033210377
2021-11-17,0.9684089359082884,0.03143636363062329,0.00015470046108866111
2021-11-18,0.9786806222758712,0.021183742822594182,0.00013563490153478883
2021-11-19,0.9748755677065755,0.02496920495400582,0.00015522733941839836
2021-11-22,0.9347880485870473,0.06426239520589613,0.0009495562070563505
2021-11-23,0.9342270424429219,0.06534445184407521,0.0004285057130030088
2021-11-24,0.9876220649554749,0.01232396335810623,5.397168641886472e-05
2021-11-26,9.268293507473832e-06,0.8871753707661405,0.1128153609403514
2021-11-29,0.8145869445362384,0.18401262643939287,0.0014004290243684273
2021-11-30,0.06465573876916691,0.9327861442892764,0.0025581169415562696
2021-12-01,0.862395860404541,0.13562881117656947,0.001975328418889342
2021-12-02,0.9829095474345956,0.016989370084409216,0.00010108248099508342
2021-12-03,0.9362768501026453,0.06329333743858498,0.0004298124587692069
2021-12-06,0.9665037091200103,0.03316745317119703,0.0003288377087924815
2021-12-07,0.7580213493194463,0.23920701112462162,0.0027716395559326803
2021-12-08,0.9876672987755074,0.012274829566185433,5.7871658306878616e-05
2021-12-09,0.9377606580535245,0.06178981060993035,0.0004495313365447418
2021-12-10,0.9862038865018392,0.013733228115403078,6.288538275807935e-05
2021-12-13,0.9630147816436159,0.03678381297620111,0.00020140538018325455
2021-12-14,0.9709444432212807,0.02888677421022706,0.0001687825684925493
2021-12-15,0.9189923858589372,0.08020264739407582,0.0008049667469869443
2021-12-16,0.6487528088116914,0.34947704370606614,0.0017701474822428248
2021-12-17,0.9612080242509689,0.03860658485481316,0.000185390894217479
2021-12-20,0.8568506223119605,0.14207242014365148,0.0010769575443874482
2021-12-21,0.6523468355717692,0.34389330664482287,0.0037598577834079515
2021-12-22,0.9372231136397845,0.06250829088943428,0.00026859547078150693
2021-12-23,0.9835320642019177,0.016367269196987,0.00010066660109493357
2021-12-27,0.9435433798268461,0.05623114491144511,0.000225475261709074
2021-12-28,0.9881804436761497,0.01176466911603771,5.4887207812931825e-05
2021-12-29,0.9893003121271109,0.010650694431789013,4.899344110018897e-05
2021-12-30,0.9623954829396385,0.03736839790658957,0.00023611915377262852
2021-12-31,0.9833942803221357,0.01652472063972639,8.09990381374902e-05
2022-01-03,0.7703459727953307,0.21088062073447175,0.01877340647019752
2022-01-04,0.977350806578912,0.022572206808182515,7.698661290570222e-05
2022-01-05,0.7900835652165472,0.20867048422836704,0.001245950555085851
2022-01-06,0.9480481402520353,0.051558521128605275,0.0003933386193599209
2022-01-07,0.984573976612042,0.015364404509507368,6.161887845078201e-05
2022-01-10,0.9644133316866503,0.03533345276113753,0.00025321555221186336
2022-01-11,0.9108672356220923,0.08883153781337223,0.00030122656453557923
2022-01-12,0.9291029526846307,0.07059308051785225,0.0003039667975168545
2022-01-13,0.7821119605884111,0.21564638684083406,0.002241652570754938
2022-01-14,0.9586978919797233,0.040760763752843314,0.0005413442674335993
2022-01-18,0.5807956964838091,0.41015834875242985,0.009045954763761292
2022-01-19,0.04451522999887267,0.9422455011336437,0.013239268867483552
2022-01-20,0.9585428730563984,0.04119813288795781,0.0002589940556437686
2022-01-21,0.5412278526433933,0.4537004066883024,0.005071740668304135
2022-01-24,0.9686984657205778,0.03108140911773276,0.00022012516168949534
2022-01-25,0.86441766348786,0.1349613040417544,0.0006210324703854525
2022-01-26,0.9001801504628799,0.09907744137338399,0.0007424081637362381
2022-01-27,0.9292025825642666,0.07017391444545457,0.0006235029902786036
2022-01-28,0.8672465419465559,0.1313502185068264,0.0014032395466177503
2022-01-31,0.8417177539705504,0.15604189576085828,0.002240350268591588
2022-02-01,0.9834127852376465,0.016509083341743884,7.813142060958758e-05
2022-02-02,0.9188907829938217,0.08070868022117565,0.0004005367850025874
2022-02-03,0.6602470166732012,0.33640765214415375,0.0033453311826453494
2022-02-04,0.9079134491613874,0.08824615109965414,0.003840399738958356
2022-02-07,0.9267039695994794,0.07256847624512691,0.000727554155393776
2022-02-08,0.9321030349961339,0.06703370345603749,0.0008632615478285194
2022-02-09,0.9249157072291176,0.07439544755380613,0.000688845217075887
2022-02-10,0.8485761465165026,0.1483684150161978,0.0030554384672996813
2022-02-11,0.10826897899674723,0.8742862914250676,0.017444729578185117
2022-02-14,0.5893092510222023,0.406233604654259,0.004457144323538919
2022-02-15,0.7722182567189433,0.22565652049121895,0.002125222789837283
2022-02-16,0.9316850071241308,0.06814532513587726,0.00016966773999220271
2022-02-17,0.53786366043179,0.4583388928727969,0.0037974466954132035
2022-02-18,0.9718631321131368,0.02800791634326557,0.00012895154359785692
2022-02-22,0.6954989372924207,0.3040291926730034,0.0004718700345761081
2022-02-23,0.6511053932608056,0.3465044177048268,0.0023901890343673324
2022-02-24,0.8655172972821956,0.13293494318084415,0.0015477595369603285
2022-02-25,0.0012771061014160868,0.9967443344107213,0.0019785594878627103
2022-02-28,0.6668407116584939,0.3322206093526781,0.0009386789888279085
2022-03-01,1.4261483144169452e-05,0.9999691975281768,1.6540988679004775e-05
2022-03-02,0.04025356748642285,0.9354129515980076,0.02433348091556964
2022-03-03,0.9650377659793814,0.034820252722918346,0.0001419812976998428
2022-03-04,0.0039040421844291967,0.9960503345624865,4.562325308458528e-05
2022-03-07,3.4479422812005927e-05,0.99960023127194,0.00036528930524781127
2022-03-08,0.5738143511546168,0.4230429056364918,0.003142743208891499
2022-03-09,2.0351823106086138e-11,0.9999867227819789,1.3277197669410088e-05
2022-03-10,0.8411162872486163,0.15551602513425486,0.0033676876171283526
2022-03-11,0.854468058093331,0.14502525940554925,0.0005066825011199318
2022-03-14,0.3357113001246911,0.6565176529929933,0.007771046882315793
2022-03-15,0.5855949921905417,0.41257361934401654,0.0018313884654418554
2022-03-16,0.18028072982473925,0.8139059343497433,0.005813335825517437
2022-03-17,0.24108452764228477,0.7577905735128209,0.0011248988448945485
2022-03-18,0.9352753201901466,0.06431102975396635,0.00041365005588719857
2022-03-21,0.6307421921375247,0.36752307646396937,0.0017347313985056183
2022-03-22,0.9114933635386397,0.08766026805236724,0.0008463684089926093
2022-03-23,0.2173415095901105,0.782295235147152,0.0003632552627371095
2022-03-24,0.9752059640311582,0.02461801887067734,0.0001760170981645671
2022-03-25,0.9738111521843603,0.025945774593293,0.00024307322234651206
2022-03-28,0.14009111839273777,0.8593251456932344,0.0005837359140278361
2022-03-29,0.10255075051766036,0.8944123773823942,0.003036872099945296
2022-03-30,0.5604887834406163,0.43917558917452343,0.00033562738486007834
2022-03-31,0.689460229944051,0.30823675170253567,0.0023030183534132258
2022-04-01,0.7152471232039718,0.2765519302795544,0.008200946516474109
2022-04-04,0.9609077935334852,0.038963429252822555,0.00012877721369234155
2022-04-05,0.6576662043224945,0.33781381213565786,0.0045199835418478366
2022-04-06,0.7732510095531447,0.22441660001234623,0.00233239043450975
2022-04-07,0.9854204663058537,0.014493930613437431,8.560308070919227e-05
2022-04-08,0.840126732614307,0.1582075708022778,0.0016656965834150746
2022-04-11,0.845015295332693,0.15304280703721285,0.0019418976300943933
2022-04-12,0.6772754502936082,0.3225032901162768,0.00022125959011435448
2022-04-13,0.945442030537022,0.05439851425690285,0.00015945520607513094
2022-04-14,0.7779593455661068,0.22054134090164892,0.001499313532244396
2022-04-19,0.02677697855043725,0.9719638478743486,0.0012591735752137936
2022-04-20,0.9111706068798443,0.08743853973063268,0.0013908533895228773
2022-04-21,0.5449365753822922,0.44969154051912,0.00537188409858806
2022-04-22,0.18488501604375307,0.8059256591228782,0.009189324833369062
2022-04-25,0.7499245599898835,0.24847837279323318,0.0015970672168828706
2022-04-26,0.057631963558234224,0.9400085470910801,0.002359489350685589
2022-04-27,0.7732865967517335,0.22392128180709597,0.002792121441170368
2022-04-28,0.19162758976957364,0.7875913471808548,0.020781063049571672
2022-04-29,0.2382931150896415,0.7552885952156333,0.006418289694725263
2022-05-02,0.9618402866629284,0.037726344182842285,0.00043336915422905934
2022-05-03,0.9812147610706727,0.0186722448117174,0.00011299411761009383
2022-05-04,0.6497264678887026,0.3487903226684914,0.0014832094428058058
2022-05-05,0.03715317248953014,0.957964738903694,0.004882088606776477
2022-05-06,0.8407179798314858,0.15796645707927784,0.0013155630892361001
2022-05-09,6.936680127563417e-06,0.9956396884294886,0.004353374890383694
2022-05-10,0.9750792181892199,0.024728330161102,0.00019245164967793515
2022-05-11,0.36774069343897825,0.631826729139592,0.00043257742142967383
2022-05-12,0.6765178190081528,0.3110557338364554,0.012426447155391476
2022-05-13,0.3988959179650627,0.5872214724184509,0.013882609616486503
2022-05-16,0.8267016214198851,0.17308144062395242,0.0002169379561622578
2022-05-17,0.8751584477344908,0.12293106284511666,0.001910489420392091
2022-05-18,0.024582885518379474,0.9573567045411796,0.018060409940440784
2022-05-19,0.5590879174462491,0.4384070911784656,0.0025049913752851344
2022-05-20,0.9860641617976641,0.013870282606400431,6.555559593573706e-05
2022-05-23,0.8980526978261325,0.10113288287287883,0.0008144193009885767
2022-05-24,0.7673236924220015,0.22876342659998308,0.003912880978015517
2022-05-25,0.9782068449690741,0.021657850687776866,0.0001353043431490682
2022-05-26,0.8820915546857402,0.11680171100441215,0.0011067343098474858
2022-05-27,0.8142345437945838,0.1829383036704044,0.0028271525350118017
2022-05-31,0.634476533569279,0.36317401065919824,0.0023494557715226954
2022-06-01,0.8259114093429633,0.17291244130099234,0.0011761493560446758
2022-06-02,0.7380422371807331,0.2570654309534571,0.0048923318658095185
2022-06-03,0.9223479898032582,0.07717311254256008,0.00047889765418136933
2022-06-06,0.7211482790895343,0.27780976481063574,0.00104195609982978
2022-06-07,0.9861695900675641,0.013754974594982167,7.543533745390445e-05
2022-06-08,0.9711679626380592,0.028650886639132903,0.0001811507228085412
2022-06-09,0.3512423875748492,0.645300632886317,0.0034569795388335947
2022-06-10,3.91948105199126e-06,0.7985167704719743,0.20147931004697409
2022-06-13,2.916307555495836e-06,0.787518235490802,0.21247884820164262
2022-06-14,0.09167258718753392,0.9070437423412182,0.001283670471248006
2022-06-15,0.774521266991926,0.21774782133895057,0.007730911669123429
2022-06-16,0.007748942179227687,0.9835386593584909,0.008712398462281255
2022-06-17,0.3436967981686766,0.6556017927550972,0.0007014090762266946
2022-06-21,0.6562341197512416,0.33844740424906056,0.005318475999697909
2022-06-22,0.5139435155535858,0.47502047207227627,0.011036012374138144
2022-06-23,0.0073967810426699004,0.9879700641687911,0.004633154788539297
2022-06-24,0.27039261379216945,0.711632753608335,0.017974632599495454
2022-06-27,0.985524870699912,0.014396983483860508,7.814581622713317e-05
2022-06-28,0.6873018663043287,0.31101675046303623,0.0016813832326348817
2022-06-29,0.9762843544036546,0.02357648956686689,0.000139156029477875
2022-06-30,0.00011999681009765208,0.9987074636154553,0.0011725395744471624
2022-07-01,0.9642813800859796,0.035416359346648045,0.00030226056737202924
2022-07-05,0.00025542300475158683,0.999653584065325,9.099292992366592e-05
2022-07-06,0.950319579610755,0.049201860443152626,0.0004785599460923801
2022-07-07,0.0295306696974097,0.9703062639762062,0.0001630663263839319
2022-07-08,0.9847129430422262,0.015231913550841195,5.514340693229033e-05
2022-07-11,0.8810620634129526,0.11780630139191062,0.0011316351951365714
2022-07-12,0.006197977200537265,0.9932761079402592,0.0005259148592033627
2022-07-13,0.8849076745671542,0.11478862496963037,0.00030370046321607586
2022-07-14,0.5045890527814537,0.4909467895379142,0.004464157680631859
2022-07-15,0.5787845474105696,0.4159891205157474,0.0052263320736830226
2022-07-18,0.2482477418437897,0.7516737486729783,7.850948323200826e-05
2022-07-19,0.2961202147291675,0.6960912415687776,0.007788543702054743
2022-07-20,0.8460612297319317,0.15316203843189166,0.0007767318361769438
2022-07-21,0.6761200174724386,0.32094029385640627,0.002939688671155133
2022-07-22,0.19907227669933297,0.772752268868563,0.02817545443210425
2022-07-25,0.8971722463871671,0.10239343794617743,0.00043431566665548717
2022-07-26,0.846819571735088,0.15263282062980532,0.0005476076351064737
2022-07-27,0.8624986834266096,0.13587653369318042,0.0016247828802097655
2022-07-28,0.621203418950752,0.3655134369980627,0.013283144051185617
2022-07-29,0.9428705262865302,0.05675047711462183,0.00037899659884720445
2022-08-01,0.43797299613916313,0.5537457724868994,0.008281231373937556
2022-08-02,0.484422378347156,0.49450692584872785,0.021070695804116125
2022-08-03,0.7936541606168898,0.20294790967018392,0.003397929712926801
2022-08-04,0.917216627074728,0.08190140650121909,0.0008819664240525946
2022-08-05,0.5541326344999298,0.4197826366079767,0.02608472889209327
2022-08-08,0.9256734037732347,0.07345303903725357,0.000873557189511559
2022-08-09,0.9402513114538896,0.059561397242849846,0.00018729130326080616
2022-08-10,0.3267034256797496,0.659619530917711,0.013677043402539415
2022-08-11,0.4280313543736871,0.5714674129416716,0.0005012326846414798
2022-08-12,0.8447716613591641,0.15249302231071213,0.0027353163301240715
2022-08-15,0.8759320136241956,0.12322191602005454,0.0008460703557497749
2022-08-16,0.9814513434431813,0.01842780814371304,0.00012084841310597718
2022-08-17,0.8209794699449178,0.1756126842603754,0.0034078457947063147
2022-08-18,0.9895672265235015,0.010387023227635798,4.575024886248534e-05
2022-08-19,0.4173752593003569,0.5731796949860205,0.00944504571362324
2022-08-22,0.49447640494586614,0.5025765077800177,0.00294708727411554
2022-08-23,0.9768379413789295,0.023047056061549893,0.00011500255952054164
2022-08-24,0.9771644343180726,0.02270094612124181,0.00013461956068548948
2022-08-25,0.9095780545495806,0.08933301354476605,0.0010889319056533219
2022-08-26,0.056764645094450006,0.9362242272469806,0.00701112765856928
2022-08-29,0.8197935019580702,0.17899430669046,0.0012121913514699207
2022-08-30,0.5672243694444945,0.43138007582139526,0.001395554734110599
2022-08-31,0.9567008789598491,0.04277729597496656,0.000521825065184225
2022-09-01,0.43778403617447303,0.5526693980665046,0.00954656575902259
2022-09-02,0.847155956838331,0.15042917634022251,0.0024148668214466562
2022-09-06,0.7361645047116634,0.25854099338340014,0.005294501904936278
2022-09-07,0.2064272761403541,0.7805887402432956,0.012983983616349922
2022-09-08,0.9780477152241013,0.02178129177921302,0.0001709929966859362
2022-09-09,0.7362686219963083,0.262288939497571,0.0014424385061213613
2022-09-12,0.857354159737958,0.14208946255242566,0.000556377709616619
2022-09-13,0.004152523597333788,0.9670302488779993,0.02881722752466697
2022-09-14,0.9732080991788438,0.02670621367256922,8.568714858691887e-05
2022-09-15,0.2848462502128362,0.714379718669362,0.0007740311178014253
2022-09-16,0.9402723859019754,0.059275038143490125,0.0004525759545348074
2022-09-19,0.9725232653750098,0.02725279655039717,0.00022393807459283757
2022-09-20,0.8528784696930227,0.14583984993012616,0.001281680376850956
2022-09-21,0.8966352983628961,0.10250978561487975,0.0008549160222243669
2022-09-22,0.3618986117486785,0.5381161364939249,0.09998525175739664
2022-09-23,0.035109297786202635,0.9620679650139119,0.00282273719988576
2022-09-26,0.24927463173959585,0.7168254925123096,0.03389987574809427
2022-09-27,0.6790380540769542,0.2977224520658215,0.023239493857224926
2022-09-28,0.2672341719400532,0.7233130438018909,0.0094527842580564
2022-09-29,0.6995051072318095,0.29651214735793074,0.003982745410259696
2022-09-30,0.8605764550541734,0.13836271668380093,0.0010608282620258693
2022-10-03,0.35530560313747434,0.6192146066968133,0.025479790165712463
2022-10-04,0.024716547473283106,0.9604964338730319,0.014787018653684873
2022-10-05,0.7418551141853816,0.2526348967244421,0.005509989090176415
2022-10-06,0.9432136325251371,0.0563410794446121,0.00044528803025104235
2022-10-07,0.14851044323682377,0.8445783933849571,0.0069111633782186245
2022-10-10,0.8927340719184478,0.10614654327592546,0.0011193848056263393
2022-10-11,0.9544262340026394,0.045039640731074596,0.000534125266286354
2022-10-12,0.9711679621121886,0.028650236974398145,0.0001818009134130815
2022-10-13,0.8008529677407916,0.19684152130446275,0.002305510954745567
2022-10-14,0.5376844115083279,0.45931703228587517,0.0029985562057968213
2022-10-17,0.47184134862428423,0.519294877116883,0.008863774258832807
2022-10-18,0.8241786661145313,0.17449335325072532,0.0013279806347432515
2022-10-19,0.8274935537951988,0.16672229236931912,0.005784153835481431
2022-10-20,0.9739972828993678,0.025824788296778853,0.00017792880385318998
2022-10-21,0.2408187684844535,0.7235070474406465,0.035674184074899966
2022-10-24,0.8155594178502497,0.1789822599333332,0.005458322216417134
2022-10-25,0.40306256552063474,0.5703918104856327,0.026545623993732333
2022-10-26,0.7069334176887329,0.28994247164899034,0.003124110662275932
2022-10-27,0.9214555476498821,0.07766106448555285,0.0008833878645653462
2022-10-28,0.5124940924353326,0.48375889693846763,0.003747010626199914
2022-10-31,0.7501549407245557,0.24883912205734282,0.0010059372181019652
2022-11-01,0.9807008859899338,0.01919270910437084,0.00010640490569498881
2022-11-02,0.00804238679259966,0.9852358789780278,0.006721734229372687
2022-11-03,0.6121960313031093,0.3797368894482718,0.008067079248619062
2022-11-04,0.003370728260180705,0.9936537604474011,0.0029755112924179997
2022-11-07,0.9759077123627736,0.02391861539023666,0.0001736722469893347
2022-11-08,0.14347793900836717,0.8464578546286154,0.010064206363017258
2022-11-09,0.5972383019272111,0.3989252338829376,0.003836464189851725
2022-11-10,2.289024695994627e-09,0.7693327020985872,0.23066729561238816
2022-11-11,0.8286312857524707,0.1654565265362754,0.00591218771125388
2022-11-14,0.9690625081928214,0.0306811850980846,0.0002563067090939627
2022-11-15,0.7388385757019159,0.2554998136956464,0.005661610602437486
2022-11-16,0.8718719087346424,0.12642507384025753,0.001703017425099986
2022-11-17,0.8450729078788465,0.1536202235553771,0.0013068685657765756
2022-11-18,0.9838608570550614,0.01605273451762848,8.640842730977237e-05
2022-11-21,0.9373422737893363,0.062202924236896634,0.00045480197376687373
2022-11-22,0.8687712334993304,0.12948012168995005,0.0017486448107199737
2022-11-23,0.820685567378327,0.17486584985292386,0.004448582768749388
2022-11-25,0.9210410979118464,0.07856605340482649,0.0003928486833271936
2022-11-28,0.8156280503658189,0.18266789402103345,0.001704055613147211
2022-11-29,0.9451538298146147,0.05438343068141232,0.0004627395039729352
2022-11-30,0.6048954868623738,0.3872960889432993,0.007808424194327111
2022-12-01,0.0032124053366633563,0.872025882883674,0.12476171177966293
2022-12-02,0.9389041925503637,0.06083875996737705,0.00025704748225905896
2022-12-05,0.2575499063619503,0.7408607592650748,0.0015893343729746518
2022-12-06,0.8921032268736991,0.10714574185802965,0.0007510312682710058
2022-12-07,0.9574237511801313,0.042345057658170565,0.00023119116169836515
2022-12-08,0.989612027040539,0.010349699938942901,3.827302051858237e-05
2022-12-09,0.967075768821208,0.032622132301639815,0.000302098877152701
2022-12-12,0.9769111164890383,0.023013605229275286,7.527828168673907e-05
2022-12-13,0.5883269908678738,0.4092662473764574,0.002406761755668571
2022-12-14,0.9842546201177838,0.015681917129123993,6.346275309208935e-05
2022-12-15,0.1698171904841135,0.8191739332887291,0.011008876227157488
2022-12-16,0.8647711453404293,0.13357404802363368,0.0016548066359368552
2022-12-19,0.9336383293942028,0.06558763624185349,0.00077403436394359
2022-12-20,0.3399968594028458,0.603758420587193,0.056244720009960614
2022-12-21,0.9647636420270344,0.035099847719343845,0.00013651025362194498
2022-12-22,0.8439792258908123,0.1552558562955459,0.0007649178136418501
2022-12-23,0.977437102247923,0.022490191626978222,7.270612509876755e-05
2022-12-27,0.9540142162618582,0.04564259308240464,0.0003431906557369196
2022-12-28,0.931527339790755,0.06801956604399112,0.00045309416525367166
2022-12-29,0.920985241450257,0.07813384485854101,0.0008809136912019651
2022-12-30,0.9835736606305329,0.01635020474450091,7.61346249661865e-05
2023-01-03,0.28718192010771476,0.7098267169176092,0.0029913629746761475
2023-01-04,0.23566595590593242,0.7586171593181187,0.005716884775948747
2023-01-05,0.8672180790240615,0.13146863428086678,0.0013132866950714497
2023-01-06,0.34037909324415966,0.6354962787636862,0.02412462799215406
2023-01-09,0.8517817770173773,0.14670169954734766,0.0015165234352745277
2023-01-10,0.9356450389668446,0.06355368134433725,0.0008012796888185514
2023-01-11,0.8699601614470912,0.128371232861524,0.0016686056913849652
2023-01-12,0.8031573552304313,0.19440927453777893,0.002433370231789712
2023-01-13,0.9760922983781501,0.023690688954422143,0.00021701266742801023
2023-01-17,0.9338674761560676,0.06566092933631439,0.00047159450761808975
2023-01-18,0.6493705714722076,0.3426225931563589,0.008006835371433681
2023-01-19,0.8978473254172735,0.10122434592718871,0.0009283286555382921
2023-01-20,0.8781890062710889,0.12017382630695468,0.0016371674219562515
2023-01-23,0.980828743255577,0.019087904221547162,8.335252287592391e-05
2023-01-24,0.9744409217202813,0.02541425113871307,0.00014482714100534912
2023-01-25,0.9827301429828798,0.01718983933096904,8.001768615141556e-05
2023-01-26,0.9629833595479926,0.03686779450543464,0.00014884594657251993
2023-01-27,0.9796316772168369,0.020277576567498488,9.074621566479409e-05
2023-01-30,0.9676141621599976,0.03222380312234454,0.00016203471765778883
2023-01-31,0.9788835241283217,0.02103719680662977,7.927906504900749e-05
2023-02-01,0.35387427732644183,0.6441621193214752,0.0019636033520830662
2023-02-02,0.30857969963458415,0.6583729669803234,0.03304733338509285
2023-02-03,0.23061794194832894,0.7641940353073645,0.0051880227443071225
2023-02-06,0.646487343208067,0.34446386633521464,0.009048790456718279
2023-02-07,0.9638203064919953,0.035988228984264146,0.0001914645237405403
2023-02-08,0.9802635741178092,0.019662461941812304,7.396394037831859e-05
2023-02-09,0.9730288382749549,0.026748117631241713,0.00022304409380364426
2023-02-10,0.9239099873431439,0.07524824097285618,0.0008417716839994434
2023-02-13,0.9753319371853034,0.02454298372604018,0.00012507908865648303
2023-02-14,0.988881749927037,0.01106341843882326,5.483163413999494e-05
2023-02-15,0.8711969919561163,0.12807255826910927,0.0007304497747741095
2023-02-16,0.9745950887165425,0.025292666481674133,0.00011224480178354561
2023-02-17,0.9809639950568247,0.018987986977019092,4.8017966156087756e-05
2023-02-21,0.7755425153599876,0.2228905404387709,0.0015669442012410514
2023-02-22,0.9795569089474512,0.020388148830922045,5.494222162664261e-05
2023-02-23,0.9880773582268401,0.011892226007998814,3.041576516085889e-05
2023-02-24,0.9064342126133794,0.09257031012175233,0.0009954772648685664
2023-02-27,0.989964954934318,0.010011414532560624,2.3630533121664757e-05
2023-02-28,0.9891552419129129,0.010819665608014013,2.5092479073295906e-05
2023-03-01,0.9382407078549124,0.06150778733713773,0.00025150480794945614
2023-03-02,0.9773787153832594,0.022526419279781388,9.486533695903285e-05
2023-03-03,0.9356029174259907,0.06410900101570384,0.0002880815583057772
2023-03-06,0.9657476727421859,0.034092823934591614,0.0001595033232224417
2023-03-07,0.7732854422526529,0.22561519145288356,0.0010993662944632126
2023-03-08,0.9861490147637624,0.013806829296996405,4.415593924170101e-05
2023-03-09,0.9220125799139649,0.07772501952037728,0.00026240056565777245
2023-03-10,0.0029335838160904587,0.963636665027147,0.03342975115676245
2023-03-13,0.022484388568647228,0.9613307443535711,0.01618486707778113
2023-03-14,0.7223034615498118,0.27364969724684335,0.004046841203345105
2023-03-15,0.4985576985696331,0.4994152809153373,0.0020270205150299354
2023-03-16,0.956397407231097,0.04343914318108691,0.00016344958781651402
2023-03-17,0.3751428807005837,0.6202257641323633,0.004631355167052392
2023-03-20,0.9808292291965673,0.019061297680741024,0.00010947312269159957
2023-03-21,0.7081988775814458,0.2904693408376557,0.0013317815808986837
2023-03-22,0.8829173422251493,0.11596484234455216,0.0011178154302986818
2023-03-23,0.7980766455897399,0.19862088070376804,0.003302473706492255
2023-03-24,0.9857116010510684,0.014238494629089254,4.990431984205688e-05
2023-03-27,0.9666151886429204,0.033187819463433445,0.00019699189364579624
2023-03-28,0.9838708581459534,0.01608481417708111,4.4327676964984894e-05
2023-03-29,0.9582425935462908,0.04161042866478238,0.00014697778892695383
2023-03-30,0.9823042520650115,0.017626733839270273,6.901409571838135e-05
2023-03-31,0.9477815598902208,0.05205787435997491,0.00016056574980434106
2023-04-03,0.972533747175881,0.027380812385049278,8.544043906984592e-05
2023-04-04,0.9462330314689585,0.05352647751228241,0.0002404910187594581
2023-04-05,0.9858692733320278,0.014096524653388443,3.420201458380289e-05
2023-04-06,0.9895130952335598,0.010460054760258283,2.685000618178441e-05
2023-04-10,0.9801407743308114,0.019789417322420014,6.980834676837757e-05
2023-04-11,0.988664849611011,0.011314595788403764,2.055460058494191e-05
2023-04-12,0.9891710825106492,0.010806960023613253,2.1957465737167003e-05
2023-04-13,0.9581166035512951,0.04159174754420102,0.0002916489045039388
2023-04-14,0.9781369783602429,0.02178672467922095,7.629696053547359e-05
2023-04-17,0.9453104232600736,0.05441802296418803,0.0002715537757387757
2023-04-18,0.9866302176508396,0.013338843374672752,3.0938974487883305e-05
2023-04-19,0.9567980871177787,0.04307114645678614,0.00013076642543488227
2023-04-20,0.9608601202467925,0.03899532605582222,0.00014455369738525443
2023-04-21,0.9839250360757167,0.016030312169949944,4.465175433368568e-05
2023-04-24,0.985369372898407,0.014589046757347774,4.158034424493037e-05
2023-04-25,0.7781536347224524,0.22092416716860042,0.0009221981089472627
2023-04-26,0.9611581335828938,0.038645107275081844,0.0001967591420244613
2023-04-27,0.8943667882928381,0.10465468879709333,0.0009785229100686844
2023-04-28,0.9388125886231916,0.060844580097207286,0.0003428312796008503
2023-05-01,0.902775979279092,0.09453611298892445,0.002687907731983039
2023-05-02,0.430063850222186,0.5662541554367306,0.003681994341083153
2023-05-03,0.9450027664383515,0.054708835206340845,0.0002883983553077169
2023-05-04,0.9342068436207902,0.06534256943854903,0.0004505869406609797
2023-05-05,0.8939285196089195,0.10580847990728288,0.0002630004837975671
2023-05-08,0.985761370193833,0.014192404078991132,4.622572717572613e-05
2023-05-09,0.9876841954770028,0.012278580591874512,3.722393112217853e-05
2023-05-10,0.9525218093811922,0.047196077140562905,0.0002821134782445438
2023-05-11,0.8191430197313383,0.18007098571594052,0.0007859945527211237
2023-05-12,0.9791553058360086,0.020728302838486458,0.00011639132550550127
2023-05-15,0.9799612356466014,0.019997303313045486,4.146104035317074e-05
2023-05-16,0.9585431451905265,0.041279692579032766,0.00017716223044071045
2023-05-17,0.9849601310030841,0.014995043470571075,4.4825526344805074e-05
2023-05-18,0.8969098604080434,0.10309013959195604,0.0
2023-05-19,0.9932491035021134,0.006750896497886424,0.0
2023-05-22,0.9928906812268492,0.007109318773151135,0.0
2023-05-23,0.980317742933476,0.019682257066524152,0.0
2023-05-24,0.9704431863186678,0.02955681368133268,0.0
2023-05-25,0.9331566640763068,0.06684333592369338,0.0
2023-05-26,0.9800782456573358,0.0199217543426642,0.0
2023-05-30,0.7222414336639209,0.27775856633607876,0.0
2023-05-31,0.9657694935896586,0.034230506410341546,0.0
2023-06-01,0.9608227081648767,0.039177291835123425,0.0
2023-06-02,0.9425678523307216,0.05743214766927844,0.0
2023-06-05,0.9923677186429307,0.007632281357069342,0.0
2023-06-06,0.9932296404658665,0.0067703595341335795,0.0
2023-06-07,0.9869553187308293,0.013044681269170943,0.0
2023-06-08,0.9847728639612348,0.015227136038765863,0.0
2023-06-09,0.989288191264426,0.010711808735574034,0.0
2023-06-12,0.9723887488340118,0.027611251165988004,0.0
2023-06-13,0.9811351594543163,0.018864840545683385,0.0
2023-06-14,0.9910309031108453,0.008969096889154683,0.0
2023-06-15,0.7904679671638526,0.20953203283614696,0.0
2023-06-16,0.9699961686907501,0.030003831309250432,0.0
2023-06-20,0.8423161484567915,0.1576838515432093,0.0
2023-06-21,0.9785352962536296,0.02146470374637095,0.0
2023-06-22,0.9396000205020902,0.060399979497909304,0.0
2023-06-23,0.9720443715950546,0.027955628404946153,0.0
2023-06-26,0.9884464005890811,0.011553599410919147,0.0
2023-06-27,0.9370447244604581,0.06295527553954156,0.0
2023-06-28,0.9809786406063677,0.01902135939363251,0.0
2023-06-29,0.9763840130761826,0.023615986923817587,0.0
2023-06-30,0.972962304764818,0.02703769523518192,0.0
2023-07-03,0.9888450796684489,0.011154920331550957,0.0
2023-07-05,0.9624277288853976,0.037572271114602006,0.0
2023-07-06,0.9395562416448054,0.06044375835519479,0.0
2023-07-07,0.9850481995354787,0.01495180046452146,0.0
2023-07-10,0.9885062500066434,0.011493749993356712,0.0
2023-07-11,0.986258791891933,0.013741208108066819,0.0
2023-07-12,0.4484143724572057,0.5515856275427943,0.0
2023-07-13,0.9212749614416736,0.07872503855832595,0.0
2023-07-14,0.9919876527390039,0.008012347260996205,0.0
2023-07-17,0.9840859471411825,0.01591405285881764,0.0
2023-07-18,0.9801505410148392,0.01984945898516078,0.0
2023-07-19,0.9888641606946686,0.011135839305331283,0.0
2023-07-20,0.9686478863791089,0.03135211362089187,0.0
2023-07-21,0.991480936687512,0.008519063312487803,0.0
2023-07-24,0.9795613990847618,0.020438600915238084,0.0
2023-07-25,0.9912485129867197,0.008751487013279604,0.0
2023-07-26,0.987355060343835,0.01264493965616526,0.0
2023-07-27,0.9456762157217874,0.05432378427821272,0.0
2023-07-28,0.9875083984467233,0.012491601553276955,0.0
2023-07-31,0.9792565350059302,0.020743464994069274,0.0
2023-08-01,0.9396907558268014,0.06030924417319881,0.0
2023-08-02,0.8493264159629719,0.15067358403702774,0.0
2023-08-03,0.9847675173936711,0.015232482606329284,0.0
2023-08-04,0.9468731656695557,0.053126834330444496,0.0
2023-08-07,0.9894241338637985,0.010575866136201813,0.0
2023-08-08,0.9886204917799262,0.011379508220073647,0.0
2023-08-09,0.9846063968567986,0.015393603143201281,0.0
2023-08-10,0.9841417151951719,0.015858284804828034,0.0
2023-08-11,0.9788606609070204,0.021139339092979638,0.0
2023-08-14,0.9847428945677799,0.015257105432220319,0.0
2023-08-15,0.9468990189371059,0.053100981062894334,0.0
2023-08-16,0.985821433249917,0.014178566750082966,0.0
2023-08-17,0.9845833265614296,0.015416673438570649,0.0
2023-08-18,0.9859679248187398,0.014032075181259826,0.0
2023-08-21,0.9853556945855525,0.014644305414447396,0.0
2023-08-22,0.9896432590761679,0.010356740923832203,0.0
2023-08-23,0.9275227354403142,0.07247726455968548,0.0
2023-08-24,0.9751426734148736,0.024857326585126086,0.0
2023-08-25,0.9848131044973526,0.01518689550264731,0.0
2023-08-28,0.984629998283989,0.015370001716010951,0.0
2023-08-29,0.9653299529190211,0.03467004708097876,0.0
2023-08-31,0.9904808317160256,0.009519168283974073,0.0
2023-09-01,0.9839912703583812,0.01600872964161874,0.0
2023-09-05,0.9653037248561949,0.03469627514380527,0.0
2023-09-06,0.9888327972962944,0.011167202703705402,0.0
2023-09-07,0.9874456198998559,0.012554380100144008,0.0
2023-09-08,0.9921255690292039,0.007874430970796487,0.0
2023-09-11,0.9897905867929957,0.010209413207004768,0.0
2023-09-12,0.9904470864319966,0.00955291356800349,0.0
2023-09-13,0.9919996105830341,0.00800038941696647,0.0
2023-09-14,0.9863023498165544,0.013697650183444935,0.0
2023-09-15,0.9646493112850624,0.03535068871493776,0.0
2023-09-18,0.9919038811489281,0.008096118851072177,0.0
2023-09-19,0.9895334801039652,0.01046651989603475,0.0
2023-09-20,0.984890796989113,0.015109203010886911,0.0
2023-09-21,0.8134771516903628,0.18652284830963783,0.0
2023-09-22,0.9884617729819494,0.011538227018050545,0.0
2023-09-25,0.9695602773400201,0.030439722659980115,0.0
2023-09-26,0.9471704842583049,0.05282951574169497,0.0
2023-09-27,0.9754970415797511,0.02450295842024939,0.0
2023-09-28,0.9913914629235863,0.008608537076414825,0.0
2023-09-29,0.9675359957289795,0.03246400427102044,0.0
2023-10-02,0.8873487337925743,0.11265126620742628,0.0
2023-10-03,0.8628129487984117,0.13718705120158803,0.0
2023-10-04,0.865623958307672,0.13437604169232842,0.0
2023-10-05,0.9897337749882832,0.010266225011716675,0.0
2023-10-06,0.9723278928705259,0.02767210712947405,0.0
2023-10-09,0.9798051422486876,0.020194857751312356,0.0
2023-10-10,0.9367798732855813,0.06322012671441846,0.0
2023-10-11,0.9682655377558211,0.031734462244179,0.0
2023-10-12,0.9525062336602311,0.04749376633976811,0.0
2023-10-13,0.5770921776581793,0.4229078223418209,0.0
2023-10-16,0.9784249745934882,0.021575025406511426,0.0
2023-10-17,0.9713164749428462,0.028683525057153738,0.0
2023-10-18,0.9001546618131437,0.09984533818685572,0.0
2023-10-19,0.9773195859212324,0.02268041407876738,0.0
2023-10-20,0.9424843160224659,0.057515683977534385,0.0
2023-10-23,0.9716212955568975,0.02837870444310246,0.0
2023-10-24,0.988745629356885,0.011254370643114835,0.0
2023-10-25,0.9588511977754346,0.04114880222456555,0.0
2023-10-26,0.9588332861573452,0.041166713842655134,0.0
2023-10-27,0.9709564056767843,0.029043594323216022,0.0
2023-10-30,0.940195735808983,0.05980426419101644,0.0
2023-10-31,0.9731474806182001,0.02685251938180011,0.0
2023-11-01,0.9493271775928344,0.050672822407165766,0.0
2023-11-02,0.724579786996004,0.27542021300399605,0.0
2023-11-03,0.7757967988297532,0.22420320117024664,0.0
2023-11-06,0.9896790585300894,0.010320941469910451,0.0
2023-11-07,0.8717749773294265,0.1282250226705736,0.0
2023-11-08,0.9490008583056208,0.05099914169437983,0.0
2023-11-09,0.9860657886107003,0.013934211389299699,0.0
2023-11-10,0.9730117606148811,0.026988239385118337,0.0
2023-11-13,0.9551630956991366,0.04483690430086384,0.0
2023-11-14,0.07129938934776509,0.9287006106522353,0.0
2023-11-15,0.9882275756726039,0.011772424327395852,0.0
2023-11-16,0.8588186519140215,0.1411813480859782,0.0
2023-11-17,0.9898067707689575,0.010193229231042877,0.0
2023-11-20,0.980355054653509,0.019644945346490507,0.0
2023-11-21,0.9787785024942455,0.02122149750575506,0.0
2023-11-22,0.9600594653913778,0.03994053460862204,0.0
2023-11-24,0.9838186198018736,0.016181380198126274,0.0
2023-11-27,0.9612490274888614,0.03875097251113854,0.0
2023-11-28,0.9261580610959419,0.07384193890405766,0.0
2023-11-29,0.9682587830986487,0.03174121690135109,0.0
2023-11-30,0.9779278879409214,0.022072112059079003,0.0
2023-12-01,0.9733431623651712,0.02665683763482947,0.0
2023-12-04,0.9378295764852115,0.06217042351478866,0.0
2023-12-05,0.9528442670281333,0.047155732971866496,0.0
2023-12-06,0.7927875089692861,0.20721249103071437,0.0
2023-12-07,0.9879062710932285,0.01209372890677161,0.0
2023-12-08,0.9844042007304614,0.015595799269539353,0.0
2023-12-11,0.9811046666149107,0.018895333385089048,0.0
2023-12-12,0.9108616672949834,0.0891383327050164,0.0
2023-12-13,0.34039615879256646,0.6596038412074332,0.0
2023-12-14,0.008600015608259563,0.9913999843917408,0.0
2023-12-15,0.9910904622739717,0.008909537726027794,0.0
2023-12-18,0.9900924312506727,0.00990756874932724,0.0
2023-12-19,0.9794355284526759,0.02056447154732415,0.0
2023-12-20,0.9118382067941795,0.0881617932058206,0.0
2023-12-21,0.9836230599184278,0.01637694008157179,0.0
2023-12-22,0.9921055912459789,0.007894408754021209,0.0
2023-12-26,0.9906212604701418,0.009378739529858245,0.0
2023-12-27,0.9580616879889929,0.04193831201100759,0.0
2023-12-28,0.9776042832506217,0.022395716749378836,0.0
2023-12-29,0.980847719923477,0.01915228007652302,0.0
2024-01-02,0.9477968734736314,0.05220312652636876,0.0
2024-01-03,0.9625714381435684,0.03742856185643181,0.0
2024-01-04,0.9897667692786167,0.010233230721383428,0.0
2024-01-05,0.9911333396096597,0.008866660390340399,0.0
2024-01-08,0.9105874555555552,0.08941254444444488,0.0
2024-01-09,0.9776300167874127,0.022369983212587458,0.0
2024-01-10,0.9805129925314304,0.019487007468569816,0.0
2024-01-11,0.9874845837779644,0.012515416222035097,0.0
2024-01-12,0.9784893865279068,0.02151061347209205,0.0
2024-01-16,0.9178645942993722,0.08213540570062819,0.0
2024-01-17,0.9576801717676557,0.04231982823234457,0.0
2024-01-18,0.9883348131410932,0.011665186858907465,0.0
2024-01-19,0.9784077582025439,0.02159224179745618,0.0
2024-01-22,0.9889881171467485,0.011011882853251515,0.0
2024-01-23,0.976782878905841,0.02321712109415854,0.0
2024-01-24,0.9615344068500806,0.03846559314991965,0.0
2024-01-25,0.9891621946573663,0.010837805342634062,0.0
2024-01-26,0.9920267342545962,0.007973265745403834,0.0
2024-01-29,0.9703345630045939,0.029665436995406448,0.0
2024-01-30,0.9817400211846393,0.018259978815361108,0.0
2024-01-31,0.8076025890830938,0.19239741091690604,0.0
2024-02-01,0.8664862696864276,0.1335137303135716,0.0
2024-02-02,0.7298590175295767,0.2701409824704242,0.0
2024-02-05,0.9334280088608484,0.0665719911391516,0.0
2024-02-06,0.985135970127077,0.014864029872923233,0.0
2024-02-07,0.9871485872370538,0.012851412762946332,0.0
2024-02-08,0.9875157117563866,0.012484288243613409,0.0
2024-02-09,0.9890820684477244,0.010917931552275727,0.0
2024-02-12,0.9896661029148763,0.010333897085123474,0.0
2024-02-13,0.4889873357190469,0.5110126642809525,0.0
2024-02-14,0.9641129053255697,0.03588709467443065,0.0
2024-02-15,0.976171104534494,0.023828895465506292,0.0
2024-02-16,0.9894571623739548,0.01054283762604523,0.0
2024-02-20,0.9762620355031619,0.023737964496837904,0.0
2024-02-21,0.9860772821937773,0.013922717806222689,0.0
2024-02-22,0.8038298936138791,0.19617010638612037,0.0
2024-02-23,0.9486977406002589,0.05130225939974072,0.0
2024-02-26,0.9861572439267807,0.013842756073218793,0.0
2024-02-27,0.9856049621964521,0.014395037803547815,0.0
2024-02-28,0.9884393148778299,0.01156068512216986,0.0
2024-02-29,0.9817539021454248,0.01824609785457565,0.0
2024-03-01,0.9765697153518191,0.02343028464818097,0.0
2024-03-04,0.9523817132264139,0.04761828677358586,0.0
2024-03-05,0.943900151571068,0.05609984842893156,0.0
2024-03-06,0.9863926542186295,0.013607345781370945,0.0
2024-03-07,0.9814754165485302,0.018524583451468925,0.0
2024-03-08,0.9790479542063693,0.020952045793630768,0.0
2024-03-11,0.9783754736587689,0.021624526341230698,0.0
2024-03-12,0.9705508345326646,0.029449165467335326,0.0
2024-03-13,0.9780756122733989,0.02192438772660158,0.0
2024-03-14,0.9782425959633617,0.02175740403663876,0.0
2024-03-15,0.9855259299887774,0.014474070011222527,0.0
2024-03-18,0.9874767029269232,0.012523297073076775,0.0
2024-03-19,0.9795698391055995,0.02043016089440086,0.0
2024-03-20,0.9335505098002567,0.06644949019974328,0.0
2024-03-21,0.9889274223936483,0.011072577606351936,0.0
2024-03-22,0.9817158618543386,0.018284138145661825,0.0
2024-03-25,0.9883914787637603,0.01160852123623934,0.0
2024-03-26,0.9872977036586793,0.012702296341320933,0.0
2024-03-27,0.9472907164767158,0.05270928352328358,0.0
2024-03-28,0.9742003628638205,0.02579963713617957,0.0
2024-04-01,0.9572445661189218,0.04275543388107804,0.0
2024-04-02,0.9734802002582199,0.02651979974178072,0.0
2024-04-03,0.9720664481264606,0.027933551873539218,0.0
2024-04-04,0.9500169656271694,0.04998303437283093,0.0
2024-04-05,0.9486980884481936,0.05130191155180607,0.0
2024-04-08,0.9909539054835169,0.009046094516483222,0.0
2024-04-09,0.979630053571053,0.020369946428946885,0.0
2024-04-10,0.8265226292372201,0.17347737076278041,0.0
2024-04-11,0.965361043131421,0.03463895686857928,0.0
2024-04-12,0.9137710045877504,0.0862289954122495,0.0
2024-04-15,0.9682006974593794,0.03179930254062036,0.0
2024-04-16,0.9846276861254148,0.015372313874584976,0.0
2024-04-17,0.9661652385774943,0.03383476142250579,0.0
2024-04-18,0.990250576553405,0.009749423446594569,0.0
2024-04-19,0.9645785023285722,0.035421497671427805,0.0
2024-04-22,0.8916746478752217,0.10832535212477813,0.0
2024-04-23,0.977086422682591,0.022913577317408597,0.0
2024-04-24,0.9883306968005313,0.011669303199468751,0.0
2024-04-25,0.9529422655309258,0.047057734469074346,0.0
2024-04-26,0.9814207128746357,0.018579287125364694,0.0
2024-04-29,0.9847002851130812,0.015299714886918503,0.0
2024-04-30,0.7631411724537899,0.23685882754621046,0.0
2024-05-01,0.9653862834901586,0.03461371650984154,0.0
2024-05-02,0.9673820395517387,0.03261796044826194,0.0
2024-05-03,0.9419592710396627,0.058040728960337,0.0
2024-05-06,0.9770735807844877,0.02292641921551256,0.0
2024-05-07,0.990205723508752,0.009794276491247275,0.0
2024-05-08,0.986290500038115,0.013709499961884601,0.0
2024-05-09,0.9779704984389423,0.02202950156105709,0.0
2024-05-10,0.9907970142954001,0.009202985704599117,0.0
2024-05-13,0.9871449718682471,0.012855028131752686,0.0
2024-05-14,0.9877463838501382,0.012253616149861396,0.0
2024-05-15,0.9463451397351924,0.053654860264807355,0.0
2024-05-16,0.9900513696810123,0.009948630318987963,0.0
2024-05-17,0.9116970790676086,0.08830292093239163,0.0
2024-05-20,0.9728389341361982,0.027161065863802285,0.0
2024-05-21,0.9883427455496245,0.011657254450376154,0.0
2024-05-22,0.9474007638680098,0.05259923613199069,0.0
2024-05-23,0.9603706948855213,0.03962930511447884,0.0
2024-05-24,0.9881163446614822,0.011883655338517965,0.0
2024-05-28,0.9362843875225688,0.0637156124774313,0.0
2024-05-29,0.9315577522268986,0.06844224777310119,0.0
2024-05-30,0.8874537206241279,0.1125462793758721,0.0
2024-05-31,0.9501408162035285,0.04985918379647192,0.0
2024-06-03,0.9729826918283117,0.027017308171687907,0.0
2024-06-04,0.5825814488977912,0.4174185511022084,0.0
2024-06-05,0.9850514810675821,0.014948518932417726,0.0
2024-06-06,0.9455594223059217,0.05444057769407834,0.0
2024-06-07,0.3315168330521145,0.6684831669478862,0.0
2024-06-10,0.9753297732475491,0.024670226752450782,0.0
2024-06-11,0.9836891715614859,0.016310828438513225,0.0
2024-06-12,0.8838037992304518,0.11619620076954773,0.0
2024-06-13,0.9716215712418949,0.028378428758105742,0.0
2024-06-14,0.9846336457649277,0.015366354235072766,0.0
2024-06-17,0.9816253230246995,0.018374676975299955,0.0
2024-06-18,0.9837638217203247,0.016236178279675516,0.0
2024-06-20,0.970690788039997,0.029309211960002347,0.0
2024-06-21,0.9768632427104228,0.02313675728957776,0.0
2024-06-24,0.9841199762087965,0.01588002379120283,0.0
2024-06-25,0.9664368531177004,0.033563146882299624,0.0
2024-06-26,0.9795249140494809,0.020475085950519317,0.0
2024-06-27,0.9890729018127643,0.010927098187235728,0.0
2024-06-28,0.9867840864536488,0.013215913546350667,0.0
2024-07-01,0.9829402274902699,0.017059772509729853,0.0
2024-07-02,0.9865713902249257,0.013428609775074181,0.0
2024-07-03,0.9403548753616741,0.05964512463832572,0.0
2024-07-05,0.9773446823039187,0.022655317696081385,0.0
2024-07-08,0.967812647850223,0.03218735214977634,0.0
2024-07-09,0.9846839785747171,0.015316021425283195,0.0
2024-07-10,0.9629143226362613,0.037085677363738766,0.0
2024-07-11,0.8594816231234841,0.140518376876517,0.0
2024-07-12,0.9862890446027737,0.013710955397226492,0.0
2024-07-15,0.9703830998416293,0.029616900158370516,0.0
2024-07-16,0.9714648254005835,0.02853517459941611,0.0
2024-07-17,0.9134511230456478,0.08654887695435248,0.0
2024-07-18,0.9774351147412405,0.022564885258759576,0.0
2024-07-19,0.9293546289580604,0.0706453710419385,0.0
2024-07-22,0.9849477226192896,0.01505227738071018,0.0
2024-07-23,0.9848864887269322,0.015113511273068057,0.0
2024-07-24,0.705782857242569,0.29421714275743077,0.0
2024-07-25,0.9584292680897816,0.04157073191021832,0.0
2024-07-26,0.9539993771547627,0.04600062284523727,0.0
2024-07-29,0.9850447510607886,0.014955248939212141,0.0
2024-07-30,0.987614827730844,0.01238517226915635,0.0
2024-07-31,0.8837240349003138,0.11627596509968563,0.0
2024-08-01,0.7915599699752903,0.20844003002470912,0.0
2024-08-02,0.0008262057399405196,0.9991737942600598,0.0
2024-08-05,7.409154706798424e-06,0.999992590845293,0.0
2024-08-06,0.812931053912266,0.1870689460877342,0.0
2024-08-07,0.913797424375138,0.08620257562486211,0.0
2024-08-08,0.9323945760812075,0.06760542391879187,0.0
2024-08-09,0.9856549031201417,0.014345096879858597,0.0
2024-08-12,0.9502743026600943,0.04972569733990567,0.0
2024-08-13,0.7026805248412091,0.29731947515879115,0.0
2024-08-14,0.9766239407669142,0.02337605923308567,0.0
2024-08-15,0.8356824575884291,0.16431754241157154,0.0
2024-08-16,0.9720499026932844,0.027950097306715518,0.0
2024-08-19,0.9735807483034135,0.02641925169658643,0.0
2024-08-20,0.9797886947979396,0.02021130520206162,0.0
2024-08-21,0.984889141856476,0.0151108581435233,0.0
2024-08-22,0.968913370092405,0.03108662990759581,0.0
2024-08-23,0.9408094711020091,0.05919052889799149,0.0
2024-08-26,0.9802333798664715,0.01976662013352874,0.0
2024-08-27,0.9883382766387541,0.011661723361245036,0.0
2024-08-28,0.9663289158739072,0.033671084126092134,0.0
2024-08-29,0.9814340438823248,0.01856595611767421,0.0
2024-08-30,0.9480769306717445,0.05192306932825619,0.0
2024-09-03,0.39612347897293415,0.6038765210270658,0.0
2024-09-04,0.8919042935396927,0.10809570646030739,0.0
2024-09-05,0.9825938270935503,0.017406172906449587,0.0
2024-09-06,0.4823596032608751,0.5176403967391258,0.0
2024-09-09,0.9754869379223112,0.024513062077688455,0.0
2024-09-10,0.9618424831704514,0.038157516829548224,0.0
2024-09-11,0.9779974072625286,0.022002592737471433,0.0
2024-09-12,0.7635802165955644,0.2364197834044365,0.0
2024-09-13,0.9646082424025806,0.03539175759741919,0.0
2024-09-16,0.9771456623824024,0.022854337617596747,0.0
2024-09-17,0.9873084174175742,0.012691582582425531,0.0
2024-09-18,0.9854800307850281,0.014519969214972164,0.0
2024-09-19,0.9219293337508555,0.07807066624914515,0.0
2024-09-20,0.981360914166135,0.018639085833864966,0.0
2024-09-23,0.9804608413890181,0.019539158610981856,0.0
2024-09-24,0.9652061336382861,0.03479386636171401,0.0
2024-09-25,0.9872760085945395,0.012723991405460985,0.0
2024-09-26,0.9793795907690619,0.02062040923093858,0.0
2024-09-27,0.8987459739119087,0.10125402608809149,0.0
2024-09-30,0.9804508739708391,0.019549126029160674,0.0
2024-10-01,0.9421453193808565,0.05785468061914313,0.0
2024-10-02,0.9751692914387853,0.02483070856121472,0.0
2024-10-03,0.9691682552515866,0.030831744748413548,0.0
2024-10-04,0.9203387901681446,0.07966120983185503,0.0
2024-10-07,0.981998570550618,0.018001429449382312,0.0
2024-10-08,0.7474503374173702,0.2525496625826298,0.0
2024-10-09,0.9687036560255763,0.03129634397442423,0.0
2024-10-10,0.9591280791251936,0.04087192087480649,0.0
2024-10-11,0.9880210458040848,0.011978954195914751,0.0
2024-10-14,0.9269118141827153,0.07308818581728387,0.0
2024-10-15,0.9117489647467483,0.08825103525325241,0.0
2024-10-16,0.9871153921584661,0.01288460784153431,0.0
2024-10-17,0.9805954236820054,0.019404576317994925,0.0
2024-10-18,0.8746172299880438,0.12538277001195622,0.0
2024-10-21,0.9608874141765009,0.039112585823499524,0.0
2024-10-22,0.9483510058022793,0.05164899419772111,0.0
2024-10-23,0.9664574464074583,0.033542553592542025,0.0
2024-10-24,0.9641109979979767,0.03588900200202268,0.0
2024-10-25,0.9804812715612569,0.0195187284387431,0.0
2024-10-28,0.7573786423050965,0.24262135769490367,0.0
2024-10-29,0.9850844551738887,0.014915544826110955,0.0
2024-10-30,0.9790184535537225,0.020981546446277286,0.0
2024-10-31,0.7742479564374039,0.22575204356259548,0.0
2024-11-01,0.9834271995968171,0.016572800403182743,0.0
2024-11-04,0.9434287603740505,0.05657123962594912,0.0
2024-11-05,0.9795094391260417,0.02049056087395886,0.0
2024-11-06,0.05892570117071605,0.9410742988292833,0.0
2024-11-07,0.9273714756577623,0.07262852434223857,0.0
2024-11-08,0.9540147559206122,0.045985244079387734,0.0
2024-11-11,0.582448115957801,0.417551884042199,0.0
2024-11-12,0.965297624680803,0.03470237531919753,0.0
2024-11-13,0.9851750077702404,0.014824992229759627,0.0
2024-11-14,0.9724186970741784,0.02758130292582254,0.0
2024-11-15,0.9504740095259004,0.04952599047409876,0.0
2024-11-18,0.8953385267743428,0.10466147322565714,0.0
2024-11-19,0.9774472215808185,0.022552778419182018,0.0
2024-11-20,0.9768536729707766,0.02314632702922352,0.0
2024-11-21,0.9845577447564172,0.01544225524358251,0.0
2024-11-22,0.9851959831254893,0.014804016874510181,0.0
2024-11-25,0.4989077020692005,0.5010922979307989,0.0
2024-11-26,0.9862935221169311,0.013706477883068575,0.0
2024-11-27,0.8993119991888627,0.10068800081113688,0.0
2024-11-29,0.9738410062537873,0.02615899374621221,0.0
2024-12-02,0.9519990004540784,0.04800099954592177,0.0
2024-12-03,0.9678596919413273,0.032140308058672545,0.0
2024-12-04,0.9779064942088291,0.02209350579117077,0.0
2024-12-05,0.9845809281097868,0.015419071890212552,0.0
2024-12-06,0.975740475268801,0.024259524731198998,0.0
2024-12-09,0.921640220354243,0.07835977964575724,0.0
2024-12-10,0.9771322833560275,0.022867716643972892,0.0
2024-12-11,0.9458947679218475,0.0541052320781523,0.0
2024-12-12,0.9310464064315493,0.06895359356845208,0.0
2024-12-13,0.9703994794910082,0.02960052050899212,0.0
2024-12-16,0.97941825163793,0.02058174836206936,0.0
2024-12-17,0.9761286729255563,0.023871327074443893,0.0
2024-12-18,0.24170911451017651,0.7582908854898235,0.0
2024-12-19,0.8559967524967057,0.14400324750329366,0.0
2024-12-20,0.9723464761111582,0.02765352388884259,0.0
2024-12-23,0.9798802531936179,0.020119746806382476,0.0
2024-12-24,0.9770545721787645,0.022945427821235806,0.0
2024-12-26,0.9858597895190635,0.014140210480936999,0.0
2024-12-27,0.9781198732239302,0.021880126776070964,0.0
2024-12-30,0.8794291770115847,0.12057082298841583,0.0
2024-12-31,0.9824196379496337,0.01758036205036619,0.0
2025-01-02,0.8807369949176336,0.11926300508236583,0.0
2025-01-03,0.8921066788755354,0.10789332112446398,0.0
2025-01-06,0.9693812539630512,0.03061874603694903,0.0
2025-01-07,0.9588286040851334,0.0411713959148665,0.0
2025-01-08,0.9589314758665826,0.041068524133416794,0.0
2025-01-10,0.34329778398957045,0.6567022160104301,0.0
2025-01-13,0.9707344995904728,0.0292655004095278,0.0
2025-01-14,0.9638532887130825,0.036146711286917335,0.0
2025-01-15,0.6995206694910392,0.3004793305089602,0.0
2025-01-16,0.9825853345735042,0.017414665426496143,0.0
2025-01-17,0.9695855524842375,0.030414447515762624,0.0
2025-01-21,0.9664607947279424,0.033539205272058,0.0
2025-01-22,0.9838994107031107,0.016100589296888963,0.0
2025-01-23,0.9832329902840875,0.01676700971591144,0.0
2025-01-24,0.9629490365263709,0.037050963473629454,0.0
2025-01-27,0.6773140745474703,0.3226859254525296,0.0
2025-01-28,0.9777065804766463,0.02229341952335466,0.0
2025-01-29,0.9808480985049493,0.019151901495050434,0.0
2025-01-30,0.9291807873937642,0.0708192126062366,0.0
2025-01-31,0.9800343993516814,0.0199656006483191,0.0
2025-02-03,0.7846104316246425,0.21538956837535736,0.0
2025-02-04,0.979140548809234,0.02085945119076581,0.0
2025-02-05,0.9219229065978563,0.07807709340214479,0.0
2025-02-06,0.985237395050784,0.014762604949215106,0.0
2025-02-07,0.973181823398017,0.026818176601983174,0.0
2025-02-10,0.9575925421530939,0.04240745784690623,0.0
2025-02-11,0.9806007584432885,0.019399241556712056,0.0
2025-02-12,0.9634061509622482,0.03659384903775216,0.0
2025-02-13,0.915817569399383,0.08418243060061677,0.0
2025-02-14,0.7768635032923366,0.22313649670766356,0.0
2025-02-18,0.9589173435175034,0.04108265648249676,0.0
2025-02-19,0.9861895615039624,0.013810438496037587,0.0
2025-02-20,0.956607613942239,0.043392386057760725,0.0
2025-02-21,0.6145028588348787,0.38549714116512024,0.0
2025-02-24,0.9463876757153429,0.05361232428465675,0.0
2025-02-25,0.9213679810103068,0.07863201898969314,0.0
2025-02-26,0.959338014583858,0.0406619854161419,0.0
2025-02-27,0.7894478900375357,0.21055210996246462,0.0
2025-02-28,0.7216327591575773,0.2783672408424229,0.0
2025-03-03,0.8878367962171185,0.1121632037828821,0.0
2025-03-04,0.8375663620363326,0.16243363796366758,0.0
2025-03-05,0.8400935624425013,0.15990643755749911,0.0
2025-03-06,0.9180636505022912,0.08193634949770844,0.0
2025-03-07,0.981289305945951,0.018710694054048096,0.0
2025-03-10,0.08223067879808575,0.9177693212019138,0.0
2025-03-11,0.7647947969054744,0.23520520309452517,0.0
2025-03-12,0.9683676826694168,0.031632317330583824,0.0
2025-03-13,0.7536847580825959,0.24631524191740484,0.0
2025-03-14,0.7889345134734121,0.21106548652658816,0.0
2025-03-17,0.9588258039776208,0.04117419602237906,0.0
2025-03-18,0.9672429070136932,0.03275709298630624,0.0
2025-03-19,0.9736982932355646,0.026301706764435214,0.0
2025-03-20,0.9780415477772747,0.021958452222725935,0.0
2025-03-21,0.9765310458369995,0.023468954163001158,0.0
2025-03-24,0.8912460415323299,0.10875395846766985,0.0
2025-03-25,0.9787139381405449,0.021286061859454794,0.0
2025-03-26,0.953326180817907,0.04667381918209398,0.0
2025-03-27,0.9669966100225511,0.03300338997744781,0.0
2025-03-28,0.3768513585760996,0.6231486414239001,0.0
2025-03-31,0.9760069432588004,0.02399305674120009,0.0
2025-04-01,0.9771667168616677,0.022833283138331963,0.0
2025-04-02,0.9811367892863428,0.018863210713657267,0.0
2025-04-03,5.113290376858695e-11,0.999999999948867,0.0
2025-04-04,1.4387775352220935e-15,0.9999999999999988,0.0
2025-04-07,0.03807770827904541,0.9619222917209546,0.0
2025-04-08,0.955546815799503,0.04445318420049776,0.0
2025-04-09,1.9651598233923567e-12,0.9999999999980348,0.0
2025-04-10,0.40269387538383566,0.5973061246161644,0.0
2025-04-11,0.49202722289870554,0.5079727771012942,0.0
2025-04-14,0.878603912036137,0.12139608796386252,0.0
2025-04-15,0.9821409297313743,0.01785907026862559,0.0
2025-04-16,0.13623943866013913,0.8637605613398615,0.0
2025-04-17,0.9672104689575113,0.03278953104248907,0.0
2025-04-21,0.48032619634188034,0.5196738036581192,0.0
2025-04-22,0.6209700262544203,0.3790299737455793,0.0
2025-04-23,0.546727817894014,0.45327218210598536,0.0
2025-04-24,0.8881523921946491,0.11184760780535045,0.0
2025-04-25,0.9429734645883734,0.057026535411626354,0.0
2025-04-28,0.9780488829672559,0.02195111703274379,0.0
2025-04-29,0.9505122190845497,0.04948778091545148,0.0
2025-04-30,0.8345587374059198,0.1654412625940795,0.0
2025-05-01,0.8583382966937302,0.14166170330626923,0.0
2025-05-02,0.8641753456818672,0.13582465431813215,0.0
2025-05-05,0.9192225897273903,0.08077741027260964,0.0
2025-05-06,0.7616606656790349,0.23833933432096466,0.0
2025-05-07,0.9556145793836216,0.04438542061637832,0.0
2025-05-08,0.9185246068389689,0.08147539316103027,0.0
2025-05-09,0.9283367199827102,0.07166328001728946,0.0
2025-05-12,9.049453692608257e-06,0.9999909505463078,0.0
2025-05-13,0.9689749788701331,0.03102502112986789,0.0
2025-05-14,0.9402470889203958,0.059752911079604794,0.0
2025-05-15,0.9437997427218338,0.05620025727816566,0.0
2025-05-16,0.9648323627029985,0.035167637297002154,0.0
2025-05-19,0.9649512897988249,0.03504871020117476,0.0
2025-05-20,0.9136812991241788,0.08631870087582183,0.0
2025-05-21,0.887723371912777,0.11227662808722295,0.0
2025-05-22,0.9726908453975694,0.027309154602429886,0.0
2025-05-23,0.8728063236076169,0.12719367639238166,0.0
2025-05-27,0.7905003128285578,0.20949968717144268,0.0
2025-05-28,0.9360950801672205,0.06390491983277805,0.0
2025-05-29,0.9672927290992349,0.032707270900764814,0.0
2025-05-30,0.9623996343112727,0.03760036568872667,0.0
2025-06-02,0.3639745707452675,0.6360254292547334,0.0
2025-06-03,0.9819681331581316,0.018031866841868492,0.0
2025-06-04,0.9699204577858299,0.030079542214169988,0.0
2025-06-05,0.9719869500021392,0.028013049997861028,0.0
2025-06-06,0.9155006022312906,0.08449939776870903,0.0
2025-06-09,0.9804827258702575,0.019517274129743706,0.0
2025-06-10,0.964196367619816,0.03580363238018462,0.0
2025-06-11,0.9739315487603659,0.0260684512396328,0.0
2025-06-12,0.9342038746854829,0.06579612531451637,0.0
2025-06-13,0.414749911722808,0.5852500882771932,0.0
2025-06-16,0.9703319958249781,0.029668004175020496,0.0
2025-06-17,0.9103704084899347,0.08962959151006504,0.0
2025-06-18,0.9786629645010324,0.021337035498968374,0.0
2025-06-20,0.968078286441233,0.03192171355876715,0.0
2025-06-23,0.7434974269058684,0.256502573094132,0.0
2025-06-24,0.01541644707209847,0.9845835529279027,0.0
2025-06-25,0.9812770801792279,0.01872291982077208,0.0
2025-06-26,0.9543075647962377,0.045692435203762885,0.0
2025-06-27,0.8554234221802992,0.14457657781970107,0.0
2025-06-30,0.905936017136505,0.09406398286349496,0.0
2025-07-01,0.9757718980148707,0.024228101985128526,0.0
2025-07-02,0.9288918270056736,0.07110817299432734,0.0
2025-07-03,0.9726301061867837,0.027369893813216698,0.0
2025-07-07,0.929407507524032,0.07059249247596776,0.0
2025-07-08,0.662126990260336,0.3378730097396628,0.0
2025-07-09,0.955116681228739,0.04488331877126016,0.0
2025-07-10,0.9835496414466767,0.016450358553322154,0.0
2025-07-11,0.9603066651155584,0.03969333488444189,0.0
2025-07-14,0.9833979875026506,0.016602012497349133,0.0
2025-07-15,0.9728296741638308,0.027170325836170704,0.0
2025-07-16,0.9831446011412885,0.016855398858711713,0.0
2025-07-17,0.9779887712071738,0.022011228792826187,0.0
2025-07-18,0.9747291251961323,0.02527087480386702,0.0
2025-07-21,0.8387924609383672,0.16120753906163393,0.0
2025-07-22,0.9522828516538212,0.047717148346178836,0.0
2025-07-23,0.9419144355730039,0.0580855644269964,0.0
2025-07-24,0.9813852114175114,0.018614788582487714,0.0
2025-07-25,0.9675562850565191,0.032443714943481666,0.0
2025-07-28,0.9725524579882322,0.027447542011767613,0.0
2025-07-29,0.9711249868511124,0.028875013148887466,0.0
2025-07-30,0.9376192931604499,0.0623807068395493,0.0
2025-07-31,0.6480670893669185,0.3519329106330805,0.0
2025-08-01,0.22576039467176978,0.7742396053282307,0.0
2025-08-04,0.738452427756001,0.26154757224399927,0.0
2025-08-05,0.9445648211332964,0.055435178866704266,0.0
2025-08-06,0.9782394510205039,0.021760548979495493,0.0
2025-08-07,0.9773598908870071,0.02264010911299113,0.0
2025-08-08,0.9795176338446892,0.02048236615531022,0.0
2025-08-11,0.9809415066983346,0.01905849330166476,0.0
2025-08-12,0.9557375579692036,0.04426244203079792,0.0
2025-08-13,0.9500344412015264,0.04996555879847427,0.0
2025-08-14,0.9764104435415395,0.023589556458460427,0.0
2025-08-15,0.983288103959432,0.01671189604056629,0.0
2025-08-18,0.9813731283586794,0.01862687164132089,0.0
2025-08-19,0.9324382123421334,0.06756178765786638,0.0
2025-08-20,0.9667179154762372,0.033282084523763626,0.0
2025-08-21,0.939313647561852,0.06068635243814748,0.0
2025-08-22,0.8958321837997796,0.10416781620022168,0.0
2025-08-25,0.9870093927628965,0.01299060723710466,0.0
2025-08-26,0.9763317908528562,0.023668209147143158,0.0
2025-08-27,0.9898974846526297,0.010102515347370144,0.0
2025-08-28,0.9778307967236366,0.02216920327636263,0.0
2025-08-29,0.950648798172557,0.04935120182744297,0.0
2025-09-02,0.9160876681582341,0.08391233184176701,0.0
2025-09-03,0.9843875347092504,0.015612465290750761,0.0
2025-09-04,0.9709872266848222,0.02901277331517806,0.0
2025-09-05,0.8539528426476327,0.14604715735236878,0.0
2025-09-08,0.9840653975074718,0.015934602492529055,0.0
2025-09-09,0.9873017045560438,0.012698295443956764,0.0
2025-09-10,0.9825845018126309,0.017415498187369875,0.0
2025-09-11,0.9813656223951187,0.018634377604879685,0.0
2025-09-12,0.9873569989532658,0.012643001046735854,0.0
2025-09-15,0.9835552308211263,0.01644476917887343,0.0
2025-09-16,0.9387960499156327,0.06120395008436886,0.0
2025-09-17,0.9678806813568057,0.03211931864319602,0.0
2025-09-18,0.9507306954110141,0.049269304588986595,0.0
2025-09-19,0.8175636066899669,0.1824363933100313,0.0
2025-09-22,0.9794059034506587,0.02059409654934307,0.0
2025-09-23,0.9793555231950433,0.020644476804956895,0.0
2025-09-24,0.955312042156699,0.04468795784330159,0.0
2025-09-25,0.9769752728602894,0.023024727139710773,0.0
2025-09-26,0.9850865538839189,0.014913446116080854,0.0
2025-09-29,0.9800363647169645,0.019963635283037042,0.0
2025-09-30,0.9829733104602689,0.017026689539732166,0.0
2025-10-01,0.9872943677919812,0.012705632208017636,0.0
2025-10-02,0.9863882881876224,0.013611711812378227,0.0
2025-10-03,0.9895264610347354,0.010473538965265785,0.0
2025-10-06,0.9781523580694611,0.02184764193053797,0.0
2025-10-07,0.9797687742055884,0.02023122579441084,0.0
2025-10-08,0.9774494118562576,0.02255058814374109,0.0
2025-10-09,0.8983535346323883,0.10164646536761086,0.0
2025-10-10,0.039261383144431526,0.9607386168555676,0.0
2025-10-13,0.8641127492483869,0.1358872507516123,0.0
2025-10-14,0.9773302071612385,0.022669792838761253,0.0
2025-10-15,0.9588855264181004,0.04111447358190007,0.0
2025-10-16,0.9414601179512258,0.0585398820487732,0.0
2025-10-17,0.17205049413430684,0.8279495058656944,0.0
2025-10-20,0.9254993939600631,0.07450060603993575,0.0
2025-10-21,0.0008231778825088455,0.9991768221174911,0.0
2025-10-22,0.9850522089480712,0.014947791051929905,0.0
2025-10-23,0.9490180276745558,0.050981972325444755,0.0
2025-10-24,0.9807717719988049,0.019228228001194322,0.0
2025-10-27,0.7414176698808191,0.2585823301191792,0.0
2025-10-28,0.9769074184919688,0.023092581508030157,0.0
2025-10-29,0.9877946427637846,0.012205357236216819,0.0
2025-10-30,0.9197973547541779,0.08020264524582095,0.0
2025-10-31,0.9848373428055497,0.015162657194451224,0.0
2025-11-03,0.9822493248418076,0.017750675158191204,0.0
2025-11-04,0.8084511019760583,0.1915488980239427,0.0
2025-11-05,0.9708260461075376,0.029173953892463047,0.0
2025-11-06,0.9356718912442555,0.06432810875574509,0.0
2025-11-07,0.9815726768816391,0.01842732311836006,0.0
2025-11-10,0.8094376459640812,0.19056235403591726,0.0
2025-11-11,0.9864738922150669,0.013526107784934472,0.0
2025-11-12,0.9684717613271905,0.031528238672809204,0.0
2025-11-13,0.8875995260609321,0.11240047393906809,0.0
2025-11-14,0.9739980959617036,0.026001904038296147,0.0
2025-11-17,0.9706068158065547,0.02939318419344642,0.0
2025-11-18,0.9460085143613881,0.05399148563861147,0.0
2025-11-19,0.9812936145691741,0.018706385430826266,0.0
2025-11-20,0.6845917925809115,0.3154082074190881,0.0
