date,p_0,p_1
2000-10-31,0.00968254116497931,0.9903174588350195
2000-11-30,0.02209281273516191,0.9779071872648389
2000-12-29,6.58349230588291e-08,0.999999934165077
2001-01-16,0.972431800446393,0.02756819955360546
2001-01-17,0.9436487672969837,0.05635123270301565
2001-01-18,0.9293133813302324,0.0706866186697663
2001-01-19,0.9722120397641841,0.02778796023581612
2001-01-22,0.4241703260470007,0.5758296739530008
2001-01-23,0.9469791930107498,0.05302080698924847
2001-01-24,0.6961405622139701,0.3038594377860304
2001-01-25,0.9606307851003807,0.039369214899620565
2001-01-26,0.9730980144857516,0.02690198551424809
2001-01-29,0.9743445395174759,0.025655460482523172
2001-01-30,0.9568836566738236,0.04311634332617737
2001-01-31,0.9445583933208781,0.055441606679122686
2001-02-02,0.45706171391175615,0.5429382860882435
2001-02-05,0.9553252540239741,0.04467474597602446
2001-02-06,0.9451251386581607,0.05487486134183777
2001-02-07,0.9506660131008607,0.04933398689913917
2001-02-08,0.9274251358355985,0.07257486416440016
2001-02-09,0.8577715084350662,0.14222849156493245
2001-02-12,0.9339625628020528,0.0660374371979463
2001-02-13,0.9610367120741123,0.03896328792588677
2001-02-14,0.9643709999830168,0.03562900001698183
2001-02-15,0.9467352944992143,0.05326470550078619
2001-02-16,0.1798047718208766,0.8201952281791225
2001-02-20,0.8709682870675206,0.1290317129324804
2001-02-21,0.7618367356536169,0.23816326434638407
2001-02-22,0.8736660581267598,0.1263339418732401
2001-02-23,0.7392182673472043,0.26078173265279636
2001-02-26,0.2689007266113967,0.731099273388605
2001-02-27,0.9285570026804892,0.07144299731951066
2001-02-28,0.9244222653192935,0.07557773468070492
2001-03-01,0.9470942571679487,0.05290574283204987
2001-03-02,0.9526614111438552,0.047338588856144975
2001-03-05,0.9408226030964705,0.05917739690352947
2001-03-06,0.8210753623737201,0.1789246376262802
2001-03-07,0.9673918209877755,0.03260817901222334
2001-03-08,0.24384497994564,0.7561550200543584
2001-03-09,0.6850836427830361,0.31491635721696465
2001-03-12,5.6286571259179605e-05,0.9999437134287424
2001-03-13,0.9540348370618024,0.04596516293819648
2001-03-14,0.18580157913118847,0.814198420868811
2001-03-15,0.6924091473018928,0.30759085269810693
2001-03-16,0.22227335191143413,0.7777266480885668
2001-03-19,0.9478363303516303,0.05216366964837079
2001-03-20,0.9464283855819507,0.053571614418048565
2001-03-21,0.9008815489604216,0.09911845103957867
2001-03-22,0.16395833644395125,0.8360416635560491
2001-03-23,0.0453472727584517,0.9546527272415468
2001-03-26,0.1462431115373485,0.853756888462651
2001-03-27,0.05596387156477222,0.9440361284352294
2001-03-28,0.5344211405057703,0.46557885949423083
2001-03-29,0.9436919154734876,0.05630808452651331
2001-03-30,0.9586135530673553,0.04138644693264316
2001-04-02,0.9290395845961538,0.07096041540384596
2001-04-03,0.0024855099279515037,0.9975144900720485
2001-04-04,0.87916635170283,0.12083364829716896
2001-04-05,0.0023071041758708083,0.9976928958241301
2001-04-06,0.7395215924734007,0.26047840752659895
2001-04-09,0.9627624874015849,0.03723751259841363
2001-04-10,0.2212574566525808,0.7787425433474208
2001-04-11,0.9650434311319417,0.034956568868059396
2001-04-12,0.9026114033845936,0.0973885966154063
2001-04-16,0.8763392560131142,0.12366074398688512
2001-04-17,0.9486110846041933,0.05138891539580692
2001-04-18,0.002215935168581019,0.9977840648314189
2001-04-19,0.7049967157537755,0.2950032842462241
2001-04-20,0.9266611896585593,0.07333881034143966
2001-04-23,0.7388633129715879,0.2611366870284118
2001-04-26,0.7340719620718323,0.26592803792816666
2001-04-27,0.6094133074568344,0.39058669254316547
2001-04-30,0.9395787108597285,0.06042128914027161
2001-05-01,0.8038031961261272,0.19619680387387226
2001-05-02,0.9654341771061626,0.034565822893837014
2001-05-03,0.4414909372117572,0.5585090627882426
2001-05-04,0.9262522084418586,0.07374779155814197
2001-05-07,0.953787465653336,0.04621253434666481
2001-05-08,0.9529370732951141,0.04706292670488445
2001-05-09,0.08700875383872925,0.9129912461612714
2001-05-10,0.9454856329261629,0.054514367073836695
2001-05-11,0.9155008298842189,0.08449917011578245
2001-05-14,0.926353841779654,0.07364615822034677
2001-05-15,0.945220066304447,0.054779933695552945
2001-05-16,0.3558768878688029,0.6441231121311974
2001-05-17,0.9140510607138008,0.08594893928620001
2001-05-18,0.8927005327819582,0.10729946721804236
2001-05-21,0.9225997110277124,0.07740028897228647
2001-05-22,0.7841634546414773,0.21583654535852326
2001-05-23,0.8164565892960496,0.18354341070395108
2001-05-24,0.909162580580128,0.09083741941987203
2001-05-25,0.596813788810781,0.40318621118921943
2001-05-29,0.9333983559758813,0.06660164402411883
2001-05-30,0.6323796653570537,0.3676203346429464
2001-05-31,0.9509837781165997,0.0490162218833991
2001-06-01,0.9563463556456604,0.043653644354338564
2001-06-04,0.9624038627956171,0.03759613720438394
2001-06-05,0.9392470849283248,0.06075291507167548
2001-06-06,0.8940209799386276,0.10597902006137377
2001-06-07,0.9540871929951146,0.04591280700488541
2001-06-08,0.7083515577860104,0.291648442213991
2001-06-11,0.8473325654145893,0.15266743458541063
2001-06-12,0.8251066981833215,0.17489330181667778
2001-06-13,0.9538490093362841,0.04615099066371648
2001-06-14,0.5501058381054738,0.4498941618945258
2001-06-15,0.94844740831364,0.05155259168636031
2001-06-18,0.9493770043577514,0.05062299564224753
2001-06-19,0.9665592093889217,0.03344079061107783
2001-06-20,0.9462446278048299,0.05375537219517049
2001-06-21,0.9165242326316128,0.08347576736838784
2001-06-22,0.9469503560347192,0.05304964396528099
2001-06-25,0.9434292552944209,0.05657074470557797
2001-06-26,0.9348608615148501,0.06513913848514992
2001-06-27,0.9617856411480736,0.03821435885192655
2001-06-29,0.943936232211408,0.056063767788591234
2001-07-02,0.5718390832863304,0.4281609167136692
2001-07-03,0.9331328133581274,0.06686718664187313
2001-07-05,0.8506641522354552,0.14933584776454364
2001-07-06,0.1745620848724354,0.8254379151275648
2001-07-09,0.9622880717720581,0.03771192822794263
2001-07-10,0.8669464615262659,0.1330535384737333
2001-07-11,0.7488249578823456,0.25117504211765396
2001-07-12,0.47365267279665296,0.5263473272033474
2001-07-13,0.9566208648903072,0.04337913510969198
2001-07-16,0.9352459509156008,0.06475404908439802
2001-07-17,0.9670136764043517,0.03298632359564764
2001-07-18,0.07977395643789521,0.9202260435621037
2001-07-19,0.9439259174042484,0.05607408259575153
2001-07-20,0.9407999356715947,0.05920006432840492
2001-07-23,0.8397940413650579,0.16020595863494305
2001-07-24,0.5906268861164853,0.40937311388351433
2001-07-25,0.8190071287190834,0.18099287128091657
2001-07-26,0.8138525779443118,0.18614742205568838
2001-07-27,0.9600064927035117,0.03999350729648806
2001-07-30,0.921373703028593,0.07862629697140738
2001-07-31,0.9337418473268716,0.06625815267312792
2001-08-01,0.954713429676595,0.04528657032340582
2001-08-02,0.9289588839098575,0.07104111609014278
2001-08-03,0.9177734181294932,0.08222658187050612
2001-08-06,0.9082195091827864,0.09178049081721235
2001-08-07,0.9468019225410252,0.053198077458974896
2001-08-08,0.2761045106871212,0.7238954893128792
2001-08-09,0.2361614333927997,0.7638385666072004
2001-08-10,0.8843170551373737,0.11568294486262574
2001-08-13,0.9302666871530638,0.06973331284693564
2001-08-14,0.9423141694115964,0.05768583058840369
2001-08-15,0.7299824064810106,0.2700175935189895
2001-08-16,0.943954853982167,0.0560451460178328
2001-08-17,0.3955726093678162,0.6044273906321834
2001-08-20,0.9594517448750454,0.04054825512495469
2001-08-21,0.9584555258968406,0.04154447410315924
2001-08-22,0.9399896982770883,0.060010301722911503
2001-08-23,0.8997381623270404,0.10026183767295926
2001-08-24,0.60342967744135,0.39657032255864966
2001-08-27,0.9571652383280776,0.042834761671922315
2001-08-28,0.6954301539086343,0.3045698460913655
2001-08-29,0.8453271543626645,0.15467284563733572
2001-08-30,0.19862025159540833,0.8013797484045915
2001-08-31,0.9545393433889561,0.0454606566110441
2001-09-04,0.6516872528535039,0.34831274714649635
2001-09-05,0.9176260699995012,0.08237393000049774
2001-09-06,0.22750626759309509,0.7724937324069057
2001-09-07,0.08490220775984603,0.9150977922401529
2001-09-10,0.9469785936290799,0.053021406370920704
2001-09-20,6.597164212966266e-20,1.0
2001-09-24,9.19414265549452e-05,0.9999080585734448
2001-09-25,0.8223817115380494,0.17761828846195124
2001-09-26,0.8852471860355191,0.11475281396448138
2001-09-27,0.907445106326946,0.09255489367305379
2001-09-28,0.07773780175148096,0.9222621982485185
2001-10-01,0.9041106829240043,0.09588931707599557
2001-10-02,0.9036667725026305,0.09633322749736911
2001-10-03,0.3453309830141916,0.6546690169858081
2001-10-04,0.838027472363163,0.16197252763683678
2001-10-05,0.87534451258521,0.12465548741478916
2001-10-09,0.9006942999298224,0.09930570007017736
2001-10-11,0.08295317286620149,0.917046827133798
2001-10-12,0.22598357295877422,0.7740164270412263
2001-10-15,0.8131962736081229,0.1868037263918767
2001-10-16,0.9389759250036075,0.061024074996392175
2001-10-17,0.945624837531438,0.054375162468563276
2001-10-18,0.7457969602955633,0.25420303970443703
2001-10-19,0.9149404762038625,0.0850595237961372
2001-10-22,0.6333898905530341,0.36661010944696654
2001-10-23,0.9395064202469646,0.06049357975303537
2001-10-24,0.960269214273176,0.03973078572682464
2001-10-25,0.9396464957363899,0.06035350426360977
2001-10-26,0.9288913897608743,0.07110861023912507
2001-10-29,0.01942153368091932,0.980578466319081
2001-10-30,0.03267000028227185,0.9673299997177278
2001-10-31,0.9537490064849741,0.04625099351502618
2001-11-01,0.6036912382339847,0.39630876176601526
2001-11-02,0.8568003333299501,0.14319966667005
2001-11-05,0.7011489793918322,0.298851020608168
2001-11-06,0.9042067268469794,0.09579327315301986
2001-11-07,0.9145462205353825,0.0854537794646171
2001-11-08,0.15344424268973839,0.8465557573102609
2001-11-09,0.9554353849517674,0.044564615048231976
2001-11-13,0.009847808381855174,0.9901521916181452
2001-11-19,0.439988192149357,0.5600118078506438
2001-11-20,0.8225107655786182,0.1774892344213821
2001-11-21,0.930788868252371,0.06921113174762888
2001-11-27,0.7032332867127282,0.2967667132872712
2001-11-28,0.0920364565002568,0.907963543499743
2001-11-29,0.9298265838453197,0.07017341615468017
2001-11-30,0.9430115572196136,0.056988442780386506
2001-12-03,0.7317510226705833,0.26824897732941694
2001-12-04,0.8649342151311772,0.13506578486882245
2001-12-06,0.9285764607189828,0.07142353928101725
2001-12-07,0.8700076141367812,0.1299923858632191
2001-12-10,0.35618771282504125,0.6438122871749595
2001-12-11,0.9474807437154016,0.05251925628459878
2001-12-12,0.8392827917916884,0.16071720820831176
2001-12-17,0.6695835620544509,0.3304164379455495
2001-12-18,0.8868208954415127,0.11317910455848679
2001-12-19,0.6393303568108375,0.36066964318916317
2001-12-20,0.779374431714502,0.2206255682854976
2001-12-21,0.8383007639838806,0.16169923601611996
2001-12-26,0.9224066729190706,0.07759332708092934
2001-12-27,0.7942806245978742,0.2057193754021262
2001-12-28,0.938665084981019,0.06133491501898049
2001-12-31,0.7012566412996185,0.2987433587003809
2002-01-02,0.9554932463498287,0.04450675365017174
2002-01-03,0.9041943602151425,0.09580563978485769
2002-01-04,0.9156998322185704,0.08430016778142896
2002-01-07,0.8492159818881455,0.15078401811185502
2002-01-08,0.9261701669898375,0.0738298330101622
2002-01-09,0.4768049273354502,0.5231950726645506
2002-01-10,0.9012624561297296,0.09873754387026976
2002-01-11,0.9226550352857845,0.07734496471421598
2002-01-14,0.6699630731282662,0.3300369268717337
2002-01-15,0.945913863853134,0.054086136146865804
2002-01-17,0.8642290756990816,0.13577092430091872
2002-01-18,0.9342550120213848,0.06574498797861471
2002-01-22,0.9147781871544962,0.08522181284550362
2002-01-23,0.8647932461043547,0.13520675389564663
2002-01-24,0.9020830124548395,0.09791698754516126
2002-01-28,0.9509983793291306,0.049001620670869786
2002-01-29,0.002664499072661213,0.997335500927338
2002-01-30,0.954624415128221,0.04537558487177859
2002-01-31,0.7187839485540961,0.2812160514459032
2002-02-04,0.0034651755727224233,0.9965348244272774
2002-02-06,0.6848547469057706,0.31514525309422936
2002-02-07,0.7945035113841525,0.2054964886158483
2002-02-08,0.9154538016017253,0.08454619839827493
2002-02-11,0.005009065494694123,0.9949909345053063
2002-02-12,0.8759467098976179,0.1240532901023826
2002-02-14,0.9107153124312969,0.08928468756870195
2002-02-15,0.8071600280199505,0.19283997198004987
2002-02-19,0.18531391752841744,0.8146860824715829
2002-02-20,0.9304223809295222,0.06957761907047859
2002-02-22,0.926036589069412,0.07396341093058752
2002-02-25,0.6698229578666876,0.3301770421333116
2002-02-26,0.6363196619516918,0.36368033804830746
2002-02-27,0.7909247552144187,0.20907524478558157
2002-03-01,0.21166969429146917,0.7883303057085305
2002-03-04,0.019297736200621293,0.9807022637993782
2002-03-05,0.9318381386650678,0.06816186133493231
2002-03-06,0.8739320082356334,0.1260679917643665
2002-03-08,0.7293897873896179,0.27061021261038176
2002-03-11,0.9481267045086728,0.05187329549132765
2002-03-12,0.7024370058542692,0.2975629941457305
2002-03-13,0.8735615675950832,0.1264384324049174
2002-03-15,0.8167622967135827,0.18323770328641692
2002-03-18,0.5806357466359342,0.41936425336406613
2002-03-19,0.9419127861632267,0.058087213836773954
2002-03-21,0.9552665732369704,0.044733426763030285
2002-03-22,0.5317998191841845,0.4682001808158149
2002-03-25,0.21114625344254273,0.7888537465574579
2002-03-26,0.795568788042052,0.20443121195794758
2002-03-27,0.38514185982313187,0.6148581401768677
2002-03-28,0.8584837294490585,0.1415162705509408
2002-04-01,0.9612469945136215,0.03875300548637868
2002-04-02,0.9148373359549902,0.08516266404500983
2002-04-03,0.8431439636388832,0.1568560363611169
2002-04-04,0.8771840355140812,0.12281596448591867
2002-04-05,0.941800259351042,0.058199740648958484
2002-04-08,0.9442182268888434,0.055781773111156285
2002-04-09,0.9246265851239841,0.07537341487601676
2002-04-10,0.6522219023527006,0.34777809764730006
2002-04-11,0.101742764562556,0.8982572354374438
2002-04-15,0.9491753784039773,0.05082462159602188
2002-04-16,0.09687500158279258,0.9031249984172071
2002-04-17,0.8462413073949042,0.15375869260509512
2002-04-18,0.8903441947081194,0.10965580529188088
2002-04-22,0.7397916795243579,0.26020832047564246
2002-04-24,0.8713590228002092,0.12864097719979034
2002-04-25,0.8665430771731362,0.13345692282686364
2002-04-29,0.9208610029936489,0.07913899700635087
2002-04-30,0.2652202400398541,0.7347797599601453
2002-05-02,0.9486684309613475,0.051331569038652325
2002-05-03,0.5682677091950868,0.43173229080491293
2002-05-06,0.3696444279212546,0.6303555720787458
2002-05-07,0.8523297857015371,0.14767021429846328
2002-05-08,0.0001778435021408205,0.9998221564978594
2002-05-09,0.6226119944608328,0.3773880055391662
2002-05-10,0.47963920003865707,0.520360799961343
2002-05-13,0.7871193107509391,0.2128806892490601
2002-05-14,0.000957467421875379,0.9990425325781251
2002-05-15,0.9210610307783569,0.07893896922164331
2002-05-16,0.9288643530711213,0.07113564692887961
2002-05-20,0.31851775287266715,0.6814822471273321
2002-05-21,0.42537813129655505,0.5746218687034451
2002-05-22,0.9424084304093003,0.057591569590699464
2002-05-23,0.897552257755575,0.10244774224442421
2002-05-28,0.4173139931963573,0.5826860068036422
2002-05-29,0.7273058259630977,0.27269417403690166
2002-05-30,0.7791480879809036,0.22085191201909668
2002-06-03,0.07931498476748113,0.920685015232519
2002-06-04,0.9140413359873321,0.08595866401266776
2002-06-05,0.8899160473964004,0.11008395260359886
2002-06-06,0.48413311212887544,0.5158668878711253
2002-06-07,0.22936928971521442,0.7706307102847851
2002-06-10,0.6228869621272327,0.3771130378727672
2002-06-11,0.32711598576954265,0.6728840142304571
2002-06-13,0.6722230576244842,0.32777694237551663
2002-06-14,0.11614316034851173,0.8838568396514882
2002-06-17,0.00037099274070845865,0.9996290072592912
2002-06-19,0.18219437077878517,0.8178056292212147
2002-06-21,0.4049023505886129,0.5950976494113872
2002-06-24,0.916243444406594,0.0837565555934061
2002-06-25,0.939650964295056,0.060349035704944036
2002-06-27,0.039041770755815615,0.9609582292441843
2002-06-28,0.1797224763924665,0.8202775236075337
2002-07-01,0.048940243486697545,0.9510597565133021
2002-07-02,0.007278621457002313,0.9927213785429979
2002-07-03,0.9277907346676125,0.07220926533238663
2002-07-08,0.04863258084160577,0.9513674191583935
2002-07-09,0.00048522130215504104,0.999514778697845
2002-07-11,0.4638046292728488,0.5361953707271516
2002-07-12,0.9389669831987724,0.06103301680122749
2002-07-15,0.020007933742488382,0.9799920662575121
2002-07-16,0.8349094094676933,0.16509059053230632
2002-07-17,0.29335245740826227,0.7066475425917383
2002-07-19,3.831884335827674e-07,0.999999616811567
2002-07-22,1.4609036272484721e-05,0.9999853909637281
2002-07-23,5.614572259585344e-05,0.9999438542774034
2002-07-24,0.02400049032711481,0.9759995096728847
2002-07-25,0.10629697904069908,0.8937030209593013
2002-07-26,0.015458112734780663,0.9845418872652196
2002-07-29,9.558104966665576e-11,0.9999999999044192
2002-07-31,0.859728805271013,0.1402711947289864
2002-08-01,7.915449720120017e-06,0.9999920845502799
2002-08-02,0.19199490272701392,0.8080050972729863
2002-08-05,0.0001086788277881856,0.9998913211722118
2002-08-06,0.00019588949316753308,0.9998041105068324
2002-08-07,0.8178525822306016,0.18214741776939755
2002-08-09,0.14652883478591916,0.8534711652140804
2002-08-12,0.6940911814938828,0.30590881850611695
2002-08-13,0.7663849153192338,0.23361508468076578
2002-08-14,0.06768208604088459,0.9323179139591152
2002-08-15,0.08466877672374805,0.9153312232762518
2002-08-16,0.8852245740827457,0.11477542591725477
2002-08-19,0.0030150981852526217,0.9969849018147471
2002-08-20,0.2251879849672711,0.7748120150327283
2002-08-21,0.4872845737481581,0.5127154262518417
2002-08-22,0.38342223352358445,0.6165777664764159
2002-08-26,0.5357803593741128,0.4642196406258869
2002-08-27,0.5722098500931974,0.4277901499068024
2002-08-29,0.14608914658968997,0.8539108534103104
2002-08-30,0.9509318108104395,0.049068189189560796
2002-09-03,2.2847334502717335e-09,0.999999997715267
2002-09-04,0.450150007253396,0.5498499927466042
2002-09-05,0.24456441612136373,0.7554355838786367
2002-09-09,0.8473681254776609,0.15263187452233964
2002-09-10,0.016430137149330466,0.9835698628506694
2002-09-12,2.1361299754203234e-05,0.9999786387002457
2002-09-13,0.9181131585905781,0.08188684140942236
2002-09-16,0.934920563195158,0.06507943680484252
2002-09-17,0.6114073770448015,0.3885926229551981
2002-09-18,0.6067447580538755,0.3932552419461246
2002-09-19,0.0029310157373132312,0.9970689842626866
2002-09-20,0.9385534420541695,0.06144655794583043
2002-09-23,0.2640522358807943,0.7359477641192055
2002-09-24,0.04143713856334527,0.9585628614366547
2002-09-26,0.00015595961439879668,0.9998440403856015
2002-09-27,0.37321228894320874,0.6267877110567914
2002-09-30,0.0011638750596049592,0.9988361249403951
2002-10-02,0.928880236585683,0.07111976341431629
2002-10-03,0.5266725949441263,0.47332740505587373
2002-10-07,0.24416290580012023,0.7558370941998799
2002-10-08,0.48286901163152607,0.5171309883684737
2002-10-09,0.11778831446283236,0.8822116855371666
2002-10-10,0.004196520370092121,0.9958034796299078
2002-10-15,3.6647806230787585e-13,0.9999999999996335
2002-10-17,0.03815911295390707,0.9618408870460932
2002-10-18,0.9402568985207694,0.05974310147923053
2002-10-21,0.8719682457660635,0.12803175423393695
2002-10-23,0.7897593238983477,0.21024067610165179
2002-10-24,0.9321246348917901,0.06787536510820967
2002-10-25,0.9010364340432758,0.09896356595672393
2002-10-28,0.753938880197215,0.2460611198027856
2002-10-29,0.024764720445451256,0.9752352795545489
2002-10-30,0.7697377912522736,0.23026220874772552
2002-10-31,0.5691695860687455,0.43083041393125404
2002-11-01,0.6168834953219485,0.38311650467805125
2002-11-04,0.6539995014845132,0.3460004985154863
2002-11-05,0.9167222614409145,0.0832777385590857
2002-11-06,0.8830880184995663,0.11691198150043382
2002-11-07,0.0182697238278769,0.9817302761721234
2002-11-12,0.9188797831033879,0.08112021689661127
2002-11-13,0.8540561094331915,0.14594389056680865
2002-11-15,0.8250000953823856,0.17499990461761397
2002-11-18,0.8461909497019148,0.15380905029808548
2002-11-19,0.846847821637604,0.15315217836239606
2002-11-21,0.007612829551360077,0.9923871704486398
2002-11-25,0.9504408465000773,0.04955915349992356
2002-11-27,0.0063482928960839746,0.9936517071039164
2002-12-02,0.939439843491421,0.06056015650857912
2002-12-04,0.8509289296906335,0.14907107030936678
2002-12-05,0.6354444229673429,0.36455557703265723
2002-12-09,0.07433190720385321,0.9256680927961468
2002-12-11,0.9048770685343335,0.09512293146566694
2002-12-13,0.23512492571278104,0.7648750742872188
2002-12-16,0.1503269861102449,0.8496730138897547
2002-12-18,0.0594574549707406,0.9405425450292592
2002-12-20,0.8956540323247905,0.1043459676752094
2002-12-23,0.8946949470272002,0.10530505297279942
2002-12-26,0.514074808552777,0.48592519144722257
2002-12-27,0.10846040492984044,0.8915395950701593
2002-12-30,0.803685550978357,0.19631444902164258
2003-01-02,5.0309927868549534e-05,0.9999496900721315
2003-01-06,0.24908163371702896,0.7509183662829707
2003-01-08,0.07570179262693565,0.924298207373064
2003-01-10,0.8505459553058191,0.1494540446941812
2003-01-13,0.9139335254348016,0.08606647456519814
2003-01-15,0.7638055824507234,0.23619441754927653
2003-01-17,0.3772491014400371,0.6227508985599632
2003-01-21,0.7405468244945755,0.25945317550542485
2003-01-22,0.3432044998983456,0.6567955001016549
2003-01-24,0.031037396256859473,0.9689626037431402
2003-01-27,0.11695596469637816,0.8830440353036207
2003-01-28,0.925494908407092,0.07450509159290845
2003-01-30,0.8152267193415079,0.18477328065849188
2003-02-03,0.8163159249934206,0.18368407500658016
2003-02-05,0.47109981890970515,0.5289001810902947
2003-02-07,0.8658192542919546,0.13418074570804567
2003-02-10,0.7987933819078963,0.20120661809210402
2003-02-11,0.8380678207751772,0.1619321792248227
2003-02-13,0.34368052035678165,0.6563194796432184
2003-02-18,0.8152281798009667,0.18477182019903338
2003-02-19,0.6136634829851141,0.38633651701488586
2003-02-21,0.34053225876166093,0.659467741238339
2003-02-24,0.617048099109814,0.3829519008901863
2003-02-26,0.8775891501214872,0.1224108498785125
2003-02-28,0.9258206325286344,0.07417936747136533
2003-03-03,0.8266691778202222,0.17333082217977758
2003-03-05,0.9396108734224194,0.06038912657758018
2003-03-06,0.9043915809837494,0.09560841901625118
2003-03-07,0.5673456770853862,0.43265432291461353
2003-03-10,0.09646986069803733,0.9035301393019631
2003-03-12,0.8995535537344268,0.10044644626557327
2003-03-17,0.0017472312746504663,0.9982527687253495
2003-03-19,0.8249701466056273,0.1750298533943729
2003-03-20,0.9318494529928987,0.06815054700710185
2003-03-24,0.0005721400860820648,0.9994278599139179
2003-03-25,0.9285594124303792,0.07144058756962063
2003-03-27,0.7858466469935879,0.21415335300641208
2003-03-28,0.006626695836041063,0.993373304163959
2003-03-31,0.014326446545610036,0.9856735534543902
2003-04-01,0.7348826773471455,0.2651173226528547
2003-04-03,0.9587288133405744,0.04127118665942577
2003-04-04,0.9497306095310504,0.050269390468949064
2003-04-08,0.8533352009913139,0.146664799008686
2003-04-10,0.8307300470659197,0.16926995293408012
2003-04-14,0.7373860624857197,0.2626139375142802
2003-04-15,0.9213195465373849,0.07868045346261501
2003-04-16,0.7831283447446653,0.21687165525533386
2003-04-21,0.8512479138057389,0.14875208619426114
2003-04-22,0.6600209558214544,0.33997904417854585
2003-04-23,0.9156893872839404,0.08431061271605948
2003-04-25,0.7125550363225156,0.28744496367748484
2003-04-28,0.7044967750406648,0.29550322495933534
2003-04-29,0.9284618037630438,0.07153819623695647
2003-05-01,0.7656963708425564,0.23430362915744324
2003-05-05,0.9554763027029607,0.04452369729703999
2003-05-06,0.8727701148420509,0.1272298851579496
2003-05-08,0.3870881117565207,0.6129118882434793
2003-05-12,0.9333004100798541,0.06669958992014602
2003-05-14,0.9461178962519038,0.05388210374809543
2003-05-15,0.9467363750634913,0.05326362493650847
2003-05-19,0.0005473830497535107,0.9994526169502463
2003-05-23,0.9424319503305886,0.05756804966941205
2003-05-27,0.8680299844566187,0.13197001554338128
2003-05-29,0.9214049120128963,0.07859508798710314
2003-05-30,0.9099344754641236,0.09006552453587607
2003-06-02,0.8801111276337222,0.11988887236627764
2003-06-03,0.9482638266605774,0.05173617333942219
2003-06-04,0.8809560975570112,0.11904390244298911
2003-06-05,0.8242371126842496,0.1757628873157504
2003-06-09,0.569411032046539,0.4305889679534618
2003-06-10,0.9195055990606217,0.08049440093937887
2003-06-11,0.8384600112035172,0.16153998879648343
2003-06-12,0.9400064563518777,0.05999354364812177
2003-06-13,0.30270628367341146,0.6972937163265887
2003-06-16,0.61513409008269,0.38486590991730996
2003-06-18,0.9070240922926406,0.09297590770735964
2003-06-19,0.6756612502615076,0.32433874973849175
2003-06-23,0.6341516556124853,0.3658483443875152
2003-06-24,0.9333898928713735,0.06661010712862667
2003-06-25,0.9408361349553414,0.059163865044659106
2003-06-26,0.6427290239293377,0.35727097607066244
2003-06-27,0.949404847319495,0.05059515268050513
2003-06-30,0.9165412590753522,0.08345874092464761
2003-07-01,0.8985335028533503,0.1014664971466497
2003-07-07,0.1440465677252669,0.8559534322747329
2003-07-10,0.6039760892885289,0.39602391071147086
2003-07-14,0.9216612788236694,0.07833872117633071
2003-07-15,0.6281832009925783,0.3718167990074217
2003-07-17,0.5790353100679138,0.420964689932086
2003-07-21,0.40320809423514764,0.5967919057648525
2003-07-24,0.9597327099371739,0.04026729006282632
2003-07-28,0.8869825218571987,0.11301747814280172
2003-07-30,0.9453540136725125,0.054645986327487316
2003-08-01,0.9020953391860047,0.09790466081399503
2003-08-04,0.8898007315450696,0.11019926845493057
2003-08-06,0.8417198574996448,0.15828014250035552
2003-08-07,0.9324079867471118,0.06759201325288831
2003-08-11,0.9496025106947921,0.050397489305207994
2003-08-12,0.856590837606179,0.14340916239382073
2003-08-15,0.9647445840534448,0.03525541594655484
2003-08-18,0.8059770108017308,0.19402298919826924
2003-08-20,0.9545027008692037,0.045497299130796295
2003-08-22,0.9367028048909619,0.06329719510903804
2003-08-25,0.9514179125387042,0.04858208746129581
2003-08-28,0.9490254051585434,0.050974594841456326
2003-09-02,0.7899006906438141,0.21009930935618615
2003-09-03,0.9361940406582794,0.06380595934172004
2003-09-05,0.7401713438657345,0.25982865613426526
2003-09-08,0.9232767448421382,0.07672325515786219
2003-09-09,0.9271400691837497,0.07285993081625039
2003-09-11,0.9582210518937353,0.04177894810626439
2003-09-15,0.9628514112556648,0.03714858874433522
2003-09-16,0.8639080668944605,0.1360919331055394
2003-09-18,0.8561681613566685,0.14383183864333135
2003-09-22,0.16635167726575778,0.8336483227342417
2003-09-24,0.8624329548639235,0.13756704513607648
2003-09-26,0.7911738626139336,0.20882613738606634
2003-09-29,0.9585990483147309,0.04140095168526895
2003-10-01,0.4373756328844347,0.5626243671155651
2003-10-03,0.007771165256577088,0.9922288347434226
2003-10-06,0.9642983395226116,0.03570166047738833
2003-10-08,0.9209917176601962,0.079008282339804
2003-10-14,0.9594994257700377,0.04050057422996222
2003-10-16,0.9170464313935314,0.0829535686064685
2003-10-20,0.9616860705608339,0.038313929439165964
2003-10-22,0.4594506801006605,0.540549319899339
2003-10-27,0.9566707094133375,0.04332929058666218
2003-10-28,0.8138915163961884,0.18610848360381105
2003-10-30,0.9500255310758882,0.049974468924112135
2003-11-03,0.7184809735224496,0.28151902647755045
2003-11-04,0.9300875329169878,0.06991246708301233
2003-11-06,0.9382670419953606,0.06173295800463917
2003-11-10,0.871481759940184,0.12851824005981594
2003-11-12,0.5618630550649883,0.4381369449350111
2003-11-13,0.9095555089563647,0.09044449104363567
2003-11-17,0.6500151116805972,0.34998488831940283
2003-11-18,0.6238422603660316,0.3761577396339683
2003-11-20,0.9501857740623004,0.049814225937699144
2003-11-24,0.5625776326731955,0.4374223673268044
2003-11-25,0.9559723611136586,0.04402763888634088
2003-12-02,0.9462215713230475,0.053778428676952345
2003-12-04,0.868667399447089,0.13133260055291068
2003-12-08,0.8735025232621972,0.12649747673780254
2003-12-09,0.906432809383011,0.09356719061698814
2003-12-11,0.8650924363613876,0.13490756363861256
2003-12-15,0.9587124679490131,0.04128753205098665
2003-12-16,0.8717521710844551,0.12824782891554504
2003-12-18,0.8882021126296777,0.11179788737032292
2003-12-22,0.8945746560845043,0.10542534391549578
2003-12-23,0.9612111616689468,0.03878883833105359
2003-12-29,0.8928647239873854,0.10713527601261477
2003-12-31,0.9571953547774921,0.04280464522250821
2004-01-05,0.6955862706036796,0.30441372939632033
2004-01-07,0.9518143876654254,0.04818561233457425
2004-01-08,0.9526246435187545,0.04737535648124539
2004-01-12,0.951046626403065,0.04895337359693491
2004-01-13,0.926309853936163,0.07369014606383631
2004-01-15,0.8786993492863052,0.12130065071369467
2004-01-20,0.9495658340006118,0.0504341659993877
2004-01-22,0.9098093085615957,0.09019069143840454
2004-01-26,0.937349950005373,0.0626500499946266
2004-01-29,0.9063210671631576,0.09367893283684237
2004-02-02,0.9674975224333231,0.032502477566676825
2004-02-03,0.9517519936884857,0.048248006311514456
2004-02-05,0.9608092253857945,0.03919077461420546
2004-02-09,0.9686981530048249,0.031301846995175145
2004-02-10,0.9599317311683215,0.040068268831678085
2004-02-12,0.9004678048448458,0.09953219515515464
2004-02-17,0.9309837832058824,0.06901621679411817
2004-02-18,0.7329746974747838,0.2670253025252164
2004-02-23,0.9610396917444604,0.03896030825553999
2004-02-25,0.9507329255115368,0.04926707448846308
2004-02-27,0.9680450173697599,0.03195498263023934
2004-03-04,0.9666768932040217,0.03332310679597862
2004-03-05,0.6827364085210714,0.317263591478928
2004-03-08,0.9387457386897233,0.06125426131027693
2004-03-10,0.7765350497597664,0.22346495024023344
2004-03-15,0.710998064014604,0.2890019359853956
2004-03-17,0.9092225794169254,0.09077742058307549
2004-03-19,0.9438573555574037,0.0561426444425963
2004-03-22,0.6673303984294228,0.33266960157057784
2004-03-24,0.9454798367588136,0.0545201632411864
2004-03-26,0.9509885436377958,0.04901145636220356
2004-03-29,0.8893149163815453,0.11068508361845415
2004-03-31,0.9101003432418369,0.08989965675816289
2004-04-05,0.8152941207888895,0.18470587921111037
2004-04-07,0.9237245220423432,0.07627547795765652
2004-04-12,0.9659120421754206,0.03408795782457909
2004-04-14,0.9209069925219879,0.07909300747801193
2004-04-16,0.9380491424596477,0.061950857540352636
2004-04-19,0.9681281502193124,0.03187184978068801
2004-04-22,0.9417031907710782,0.05829680922892226
2004-04-23,0.9328600399522127,0.0671399600477873
2004-04-26,0.965146607552424,0.03485339244757567
2004-04-28,0.13397835519905818,0.866021644800942
2004-04-29,0.9348471992639009,0.06515280073609855
2004-05-03,0.9376170414652523,0.062382958534747554
2004-05-05,0.8482058051878585,0.15179419481214163
2004-05-06,0.8866603592347329,0.11333964076526706
2004-05-07,0.15107369783985775,0.8489263021601425
2004-05-10,0.0014743813739482553,0.9985256186260516
2004-05-11,0.941476167217609,0.05852383278239098
2004-05-12,0.9481343883882489,0.05186561161175106
2004-05-14,0.9186564161279304,0.08134358387207
2004-05-17,0.4301599310459805,0.5698400689540197
2004-05-20,0.9447398072170425,0.05526019278295733
2004-05-24,0.9428430114769462,0.057156988523054356
2004-05-26,0.9626096761578161,0.03739032384218409
2004-05-28,0.9598595444515767,0.04014045554842306
2004-06-01,0.6414246097331395,0.3585753902668609
2004-06-02,0.9251508475042058,0.0748491524957938
2004-06-04,0.9395887657114099,0.060411234288590125
2004-06-07,0.7933436577010038,0.20665634229899602
2004-06-08,0.962039357504349,0.037960642495650704
2004-06-09,0.648591272145958,0.35140872785404215
2004-06-14,0.8629859440821974,0.13701405591780216
2004-06-15,0.8692870998464031,0.13071290015359668
2004-06-16,0.9576468767036386,0.04235312329636172
2004-06-17,0.9706149419919566,0.029385058008042877
2004-06-21,0.9664319271527024,0.033568072847297965
2004-06-24,0.9263363477547117,0.07366365224528792
2004-06-28,0.9048287148651535,0.09517128513484682
2004-06-29,0.9646708256379416,0.035329174362058964
2004-06-30,0.9542081949026774,0.045791805097322676
2004-07-01,0.9371011100852192,0.06289888991478076
2004-07-02,0.7413570021668557,0.2586429978331442
2004-07-06,0.9487960403948822,0.05120395960511788
2004-07-07,0.8170992942612272,0.18290070573877323
2004-07-08,0.9405170643289467,0.05948293567105248
2004-07-12,0.9620894808707852,0.03791051912921413
2004-07-13,0.9592895957329947,0.04071040426700566
2004-07-15,0.9411907307007545,0.05880926929924563
2004-07-19,0.9589755137022099,0.0410244862977904
2004-07-21,0.8851701476234886,0.11482985237651148
2004-07-23,0.8934126202190993,0.10658737978090081
2004-07-26,0.9514406464379093,0.04855935356209035
2004-07-27,0.9112943634596593,0.08870563654034062
2004-07-28,0.965654024874988,0.034345975125012314
2004-07-29,0.9633618496366343,0.036638150363365596
2004-07-30,0.9623399418960195,0.03766005810398034
2004-08-02,0.9693741244493512,0.03062587555064934
2004-08-04,0.9507747992601818,0.049225200739817815
2004-08-05,0.8862663647584348,0.11373363524156498
2004-08-06,0.012418039629392532,0.9875819603706077
2004-08-09,0.9681411895465064,0.03185881045349366
2004-08-11,0.9573326361805982,0.04266736381940171
2004-08-12,0.9085625216943695,0.09143747830563059
2004-08-13,0.9290293086977655,0.07097069130223445
2004-08-16,0.9226250961029879,0.07737490389701249
2004-08-18,0.9560656028906448,0.04393439710935476
2004-08-19,0.909319017320835,0.09068098267916459
2004-08-23,0.9326008256291461,0.06739917437085347
2004-08-24,0.9570961943140958,0.04290380568590446
2004-08-26,0.9634290343592589,0.03657096564074107
2004-08-30,0.949833830086407,0.05016616991359342
2004-09-01,0.9654771282743887,0.034522871725611144
2004-09-02,0.9359419687910783,0.06405803120892183
2004-09-03,0.9356177751464269,0.06438222485357319
2004-09-07,0.9603542781599738,0.03964572184002721
2004-09-13,0.9520359608859569,0.047964039114042525
2004-09-15,0.9297366965331842,0.07026330346681636
2004-09-16,0.9657960517526717,0.03420394824732809
2004-09-20,0.9530992136470168,0.0469007863529834
2004-09-21,0.9462373212353591,0.05376267876464058
2004-09-22,0.9044089040838955,0.09559109591610458
2004-09-23,0.9529019500989727,0.04709804990102722
2004-09-24,0.9683452159537385,0.031654784046261666
2004-09-27,0.9466910936539605,0.05330890634603946
2004-09-28,0.9295168080833662,0.07048319191663416
2004-09-29,0.9371698154893745,0.06283018451062555
2004-09-30,0.9345281645460634,0.06547183545393709
2004-10-01,0.5767559466350729,0.42324405336492693
2004-10-04,0.9389222639765861,0.06107773602341407
2004-10-05,0.9632832635074872,0.03671673649251312
2004-10-06,0.9679258397445284,0.032074160255470996
2004-10-07,0.9572983842950039,0.042701615704996365
2004-10-12,0.9247096457948739,0.0752903542051259
2004-10-13,0.9420746645101544,0.05792533548984541
2004-10-15,0.9636753382428189,0.036324661757181444
2004-10-18,0.9628523909049372,0.03714760909506234
2004-10-20,0.9034927416534346,0.09650725834656536
2004-10-22,0.9634298438028123,0.036570156197188224
2004-10-25,0.4598274607339455,0.5401725392660549
2004-10-27,0.7179281142593311,0.28207188574066866
2004-10-28,0.9560085285689195,0.04399147143108004
2004-10-29,0.96700563393357,0.03299436606643033
2004-11-02,0.9290168556994259,0.07098314430057441
2004-11-03,0.9495363654009225,0.050463634599077344
2004-11-08,0.9667077602598407,0.03329223974015931
2004-11-09,0.96699339999862,0.03300660000137978
2004-11-10,0.9484579508640046,0.051542049135995256
2004-11-12,0.9409669960862711,0.05903300391372887
2004-11-15,0.9550785134102556,0.04492148658974469
2004-11-16,0.844840360323186,0.15515963967681373
2004-11-17,0.9598930097718048,0.04010699022819556
2004-11-18,0.9654005024022941,0.034599497597705996
2004-11-22,0.9655075109207246,0.03449248907927532
2004-11-23,0.9168640744618664,0.08313592553813327
2004-11-24,0.906597182479778,0.09340281752022157
2004-11-29,0.9671834907777598,0.032816509222239686
2004-12-01,0.8739170884921909,0.1260829115078087
2004-12-02,0.8497138086704075,0.15028619132959262
2004-12-03,0.9292615529869804,0.07073844701301961
2004-12-06,0.9512128668987945,0.048787133101205575
2004-12-08,0.9310554891761456,0.06894451082385426
2004-12-09,0.9721730237447802,0.027826976255219574
2004-12-10,0.9710493014284625,0.028950698571537804
2004-12-13,0.9444871316691145,0.05551286833088561
2004-12-14,0.965162433506907,0.0348375664930929
2004-12-15,0.9105889174395796,0.08941108256042023
2004-12-16,0.9473736946815713,0.05262630531842902
2004-12-17,0.9235446212224409,0.07645537877755891
2004-12-20,0.9419449600388972,0.058055039961103005
2004-12-21,0.9617789866251704,0.03822101337482987
2004-12-22,0.9602283958356103,0.039771604164389456
2004-12-23,0.9614036946704535,0.03859630532954629
2004-12-27,0.8833299270383526,0.11667007296164715
2004-12-28,0.9604139399241802,0.03958606007581943
2004-12-29,0.9519991097449161,0.04800089025508386
2004-12-30,0.9571958115846982,0.042804188415301654
2005-01-03,0.9197340095969273,0.08026599040307231
2005-01-05,0.9518816216835392,0.04811837831646094
2005-01-06,0.9355666070556982,0.06443339294430202
2005-01-07,0.9680090160461203,0.03199098395387982
2005-01-10,0.9704873605364831,0.02951263946351713
2005-01-11,0.950900353513886,0.04909964648611446
2005-01-12,0.9232949146415663,0.07670508535843337
2005-01-13,0.9427599911472456,0.05724000885275451
2005-01-18,0.9687518781544338,0.031248121845565743
2005-01-19,0.9612458902681569,0.03875410973184357
2005-01-20,0.9361684979653679,0.06383150203463206
2005-01-21,0.9422247842203705,0.05777521577962985
2005-01-24,0.9592667215315219,0.04073327846847781
2005-01-25,0.8650338871267659,0.13496611287323357
2005-01-27,0.9730838515057779,0.02691614849422187
2005-01-31,0.9506829688622951,0.04931703113770481
2005-02-01,0.9676977560598264,0.032302243940173406
2005-02-02,0.9699395919812878,0.030060408018712657
2005-02-03,0.9668258405559462,0.03317415944405388
2005-02-04,0.9460708503471088,0.053929149652891376
2005-02-07,0.9428622879216704,0.05713771207832926
2005-02-08,0.9663565678203822,0.03364343217961793
2005-02-09,0.946007744190311,0.05399225580968859
2005-02-10,0.9353405674389155,0.06465943256108468
2005-02-11,0.9588823834007679,0.0411176165992319
2005-02-14,0.9703983485461998,0.02960165145380023
2005-02-15,0.9692073526912589,0.030792647308741112
2005-02-16,0.9732439401670775,0.026756059832921973
2005-02-17,0.9523330142369208,0.04766698576307915
2005-02-18,0.9682422764122941,0.031757723587705906
2005-02-22,0.6224768831390897,0.37752311686091083
2005-02-23,0.9733866063421817,0.02661339365781815
2005-02-24,0.9636662294182794,0.03633377058172091
2005-02-25,0.9266216322957704,0.07337836770422969
2005-02-28,0.9604159814410912,0.0395840185589082
2005-03-01,0.9392229138942552,0.06077708610574538
2005-03-02,0.9615803764837831,0.03841962351621691
2005-03-03,0.9686789325529406,0.031321067447058884
2005-03-04,0.9201678936588823,0.07983210634111804
2005-03-07,0.9735727910104901,0.02642720898951018
2005-03-08,0.9112999547577412,0.08870004524225861
2005-03-09,0.9371720609138301,0.0628279390861697
2005-03-10,0.9687142653083165,0.03128573469168326
2005-03-11,0.9698538877745972,0.030146112225402814
2005-03-14,0.9639294314843999,0.03607056851559993
2005-03-15,0.9667227909659608,0.03327720903403878
2005-03-16,0.9261385635003881,0.07386143649961187
2005-03-17,0.9735663709961955,0.02643362900380478
2005-03-18,0.9687431133036112,0.0312568866963887
2005-03-21,0.946648136113171,0.05335186388682925
2005-03-22,0.9445763228195717,0.055423677180428066
2005-03-23,0.9180629565049312,0.08193704349506926
2005-03-24,0.9713649961983174,0.02863500380168299
2005-03-28,0.9705554003690348,0.029444599630965317
2005-03-29,0.9616193942940598,0.03838060570593979
2005-03-30,0.9686489307254841,0.03135106927451544
2005-03-31,0.9677094167542142,0.032290583245785744
2005-04-01,0.9727878726561076,0.027212127343892428
2005-04-04,0.962477181768616,0.03752281823138383
2005-04-05,0.9688131887228308,0.031186811277169282
2005-04-06,0.9750314806762315,0.024968519323768423
2005-04-07,0.9569009151598706,0.04309908484012925
2005-04-08,0.9629002508475111,0.03709974915248865
2005-04-11,0.9466494976499858,0.053350502350014116
2005-04-12,0.9711442477572642,0.028855752242735414
2005-04-13,0.9253392368357868,0.07466076316421315
2005-04-14,0.8967163068969916,0.10328369310300821
2005-04-15,0.581505266445064,0.4184947335549364
2005-04-18,0.7606548229889427,0.23934517701105734
2005-04-19,0.9449222598516235,0.055077740148376325
2005-04-20,0.9445904969761454,0.055409503023854986
2005-04-21,0.8891733845278161,0.11082661547218324
2005-04-25,0.9718010800348249,0.028198919965175172
2005-04-27,0.8529797434406302,0.14702025655936915
2005-04-28,0.9461058132384893,0.05389418676151125
2005-04-29,0.9380435371602336,0.06195646283976635
2005-05-02,0.9724748295942908,0.027525170405709343
2005-05-03,0.9341659146898439,0.06583408531015685
2005-05-04,0.9495216810740047,0.050478318925995316
2005-05-05,0.9761384499263166,0.023861550073683454
2005-05-06,0.9376046800991386,0.06239531990086195
2005-05-09,0.9751657360451923,0.024834263954807364
2005-05-10,0.9040477885100885,0.09595221148991159
2005-05-11,0.9746316330072226,0.025368366992776913
2005-05-12,0.925228365642082,0.07477163435791738
2005-05-13,0.9651399621454938,0.03486003785450618
2005-05-16,0.9751291475574773,0.024870852442523
2005-05-17,0.9663625448298794,0.03363745517012066
2005-05-18,0.9529453772345357,0.0470546227654644
2005-05-19,0.9640061798478927,0.035993820152106955
2005-05-20,0.9697759305273186,0.03022406947268109
2005-05-23,0.971616893980275,0.028383106019725473
2005-05-25,0.9720116658514494,0.027988334148550564
2005-05-26,0.9529074498889882,0.047092550111012085
2005-05-27,0.8960675275514921,0.10393247244850802
2005-05-31,0.9545404105278956,0.045459589472104475
2005-06-01,0.9440449679626337,0.055955032037365855
2005-06-02,0.9738811013428881,0.02611889865711198
2005-06-03,0.9603350570236753,0.0396649429763246
2005-06-06,0.9636961302718926,0.036303869728107625
2005-06-07,0.9529280148950242,0.04707198510497567
2005-06-08,0.9666204514783144,0.03337954852168571
2005-06-09,0.9518710936050641,0.048128906394935736
2005-06-10,0.6293045833415638,0.37069541665843614
2005-06-13,0.9420552882388236,0.057944711761176305
2005-06-14,0.9628967688685188,0.03710323113148146
2005-06-15,0.9755898555686864,0.02441014443131323
2005-06-16,0.9446370719339756,0.0553629280660241
2005-06-17,0.9497689785489645,0.05023102145103514
2005-06-20,0.9517560036782298,0.048243996321770496
2005-06-21,0.948159190113955,0.05184080988604537
2005-06-22,0.969308939090385,0.030691060909615188
2005-06-23,0.9534836754429789,0.046516324557020886
2005-06-24,0.9396260633330806,0.06037393666691898
2005-06-27,0.9472783800992701,0.05272161990072977
2005-06-28,0.910478545358908,0.08952145464109204
2005-06-29,0.8223681009930929,0.177631899006907
2005-06-30,0.9555640558447409,0.04443594415525894
2005-07-01,0.9093500759697937,0.09064992403020647
2005-07-05,0.3755004822489812,0.624499517751019
2005-07-06,0.9741309482846502,0.02586905171535008
2005-07-07,0.9496413910215108,0.050358608978489226
2005-07-08,0.9271251424012857,0.07287485759871455
2005-07-11,0.9494926410269208,0.05050735897307944
2005-07-12,0.9524276325629245,0.04757236743707534
2005-07-13,0.9549426496959611,0.04505735030403884
2005-07-14,0.9315025724519688,0.06849742754803122
2005-07-15,0.9708359695087382,0.02916403049126216
2005-07-18,0.9584745811382244,0.04152541886177546
2005-07-19,0.9608571335430699,0.03914286645692987
2005-07-20,0.9753318125649936,0.024668187435006535
2005-07-21,0.5157094291208166,0.4842905708791834
2005-07-22,0.9749679455134227,0.025032054486577297
2005-07-25,0.9725455816688537,0.027454418331146497
2005-07-26,0.9646738885100598,0.03532611148994107
2005-07-27,0.9739303757052227,0.026069624294777476
2005-07-28,0.9588404255628137,0.0411595744371863
2005-07-29,0.9692978059423112,0.030702194057689338
2005-08-01,0.9733331538254434,0.026666846174556058
2005-08-02,0.964099588965708,0.03590041103429155
2005-08-03,0.7224012471294846,0.277598752870515
2005-08-04,0.9631185699965752,0.036881430003424844
2005-08-05,0.9517119443969478,0.04828805560305264
2005-08-08,0.9712857034178862,0.028714296582114038
2005-08-09,0.9703944442868025,0.029605555713197274
2005-08-10,0.9630455985293929,0.0369544014706071
2005-08-11,0.9270298446000967,0.07297015539990341
2005-08-12,0.9557128594043779,0.044287140595622096
2005-08-15,0.9752809608047325,0.024719039195268067
2005-08-16,0.9512951222700993,0.04870487772990083
2005-08-17,0.953295659913902,0.04670434008609782
2005-08-18,0.9541764815148566,0.04582351848514437
2005-08-19,0.9749976354666685,0.02500236453333125
2005-08-22,0.9588184057595553,0.04118159424044383
2005-08-23,0.9720316906831804,0.027968309316819723
2005-08-24,0.9430966540473207,0.05690334595267911
2005-08-25,0.9668384902003915,0.03316150979960873
2005-08-26,0.9651516311991636,0.03484836880083585
2005-08-29,0.9314882177460077,0.06851178225399278
2005-08-30,0.9048582870132317,0.0951417129867687
2005-08-31,0.895432687916064,0.10456731208393563
2005-09-01,0.9064357339309493,0.09356426606905065
2005-09-02,0.9580528340796487,0.0419471659203513
2005-09-06,0.9414471070387638,0.05855289296123613
2005-09-07,0.963233113933133,0.03676688606686736
2005-09-08,0.951630799971007,0.048369200028992636
2005-09-09,0.948883772773827,0.05111622722617304
2005-09-12,0.9490540420878318,0.050945957912167966
2005-09-13,0.9566894822758527,0.043310517724147034
2005-09-14,0.9048389840486476,0.09516101595135233
2005-09-15,0.9381143668806406,0.06188563311935905
2005-09-16,0.734375726639202,0.2656242733607977
2005-09-19,0.266309489326164,0.733690510673836
2005-09-20,0.9624354904203136,0.03756450957968608
2005-09-21,0.7314476881540295,0.2685523118459703
2005-09-22,0.9706730798653922,0.029326920134607935
2005-09-23,0.9596062851087436,0.0403937148912557
2005-09-26,0.9416009205198242,0.058399079480175704
2005-09-27,0.9711861051226547,0.02881389487734508
2005-09-28,0.9480701104814006,0.05192988951859954
2005-09-29,0.9650737041838541,0.034926295816146105
2005-09-30,0.9690857716096054,0.030914228390394306
2005-10-03,0.9454899496689327,0.05451005033106738
2005-10-04,0.9616520198873098,0.03834798011269031
2005-10-05,0.7801216587426153,0.21987834125738479
2005-10-06,0.24549477678188242,0.7545052232181175
2005-10-07,0.9416340046731179,0.058365995326881685
2005-10-11,0.9533830067738231,0.046616993226176705
2005-10-12,0.927522960664377,0.07247703933562286
2005-10-14,0.9261500804819837,0.07384991951801657
2005-10-17,0.9563067990680126,0.04369320093198709
2005-10-18,0.9359744667147669,0.06402553328523314
2005-10-19,0.94531479550243,0.054685204497569855
2005-10-20,0.9378356121387781,0.062164387861222255
2005-10-21,0.9042308359177939,0.09576916408220609
2005-10-24,0.9266462095918376,0.07335379040816238
2005-10-25,0.8462476648600921,0.1537523351399082
2005-10-26,0.9515213571970922,0.048478642802907694
2005-10-27,0.9179956932870454,0.08200430671295457
2005-10-31,0.8751369979260399,0.12486300207396021
2005-11-01,0.9778853725941933,0.022114627405806588
2005-11-02,0.9532794271222497,0.046720572877750124
2005-11-03,0.8417026511021574,0.1582973488978425
2005-11-04,0.9276034757836465,0.0723965242163533
2005-11-07,0.9798881481888454,0.020111851811154553
2005-11-08,0.9744313993652077,0.025568600634792462
2005-11-09,0.8641437085569204,0.13585629144307998
2005-11-10,0.9698334928357454,0.03016650716425459
2005-11-14,0.9750007467082757,0.024999253291724165
2005-11-15,0.9643717606589515,0.035628239341048376
2005-11-16,0.5808758638247264,0.4191241361752734
2005-11-17,0.9402759076162636,0.059724092383735786
2005-11-18,0.9572262279634247,0.04277377203657518
2005-11-21,0.9516921171755376,0.04830788282446273
2005-11-22,0.978440931737245,0.021559068262754482
2005-11-23,0.8855324281093263,0.11446757189067341
2005-11-28,0.9565269850185659,0.04347301498143398
2005-11-29,0.9746260034861406,0.02537399651385939
2005-11-30,0.8411366890485119,0.15886331095148828
2005-12-01,0.867542717438954,0.13245728256104608
2005-12-02,0.8840607611918958,0.11593923880810435
2005-12-05,0.9796512422005196,0.020348757799480397
2005-12-06,0.9169827468445764,0.08301725315542377
2005-12-07,0.9498618318010619,0.050138168198938265
2005-12-08,0.9084472322184206,0.09155276778157928
2005-12-09,0.9683291532037681,0.0316708467962318
2005-12-12,0.9457048593828526,0.05429514061714768
2005-12-13,0.9720282112892007,0.027971788710798987
2005-12-14,0.5795659484433439,0.42043405155665586
2005-12-15,0.9029821473631005,0.09701785263689953
2005-12-16,0.964333379954024,0.03566662004597615
2005-12-19,0.9736058020346292,0.026394197965370948
2005-12-20,0.9661369950999431,0.03386300490005678
2005-12-21,0.9346405983779512,0.06535940162204859
2005-12-22,0.908201035390812,0.09179896460918838
2005-12-23,0.9752542782239475,0.024745721776052557
2005-12-27,0.9395050094285363,0.06049499057146369
2005-12-28,0.9716057250889628,0.028394274911036823
2005-12-29,0.9512587099994183,0.04874129000058211
2005-12-30,0.9597839404541502,0.04021605954585014
2006-01-03,0.36162930804432314,0.6383706919556771
2006-01-04,0.9413770963715657,0.05862290362843417
2006-01-05,0.9560345308445777,0.04396546915542224
2006-01-06,0.9428120315426486,0.05718796845735185
2006-01-09,0.9772831884259117,0.022716811574088332
2006-01-10,0.9728085400943598,0.027191459905640324
2006-01-11,0.972264803193105,0.02773519680689489
2006-01-12,0.9724653624022246,0.027534637597775687
2006-01-13,0.9157058614411034,0.08429413855889632
2006-01-18,0.8963334395484336,0.10366656045156641
2006-01-19,0.9363246928473951,0.06367530715260467
2006-01-20,0.9145630235979739,0.08543697640202554
2006-01-23,0.9364163506068524,0.06358364939314787
2006-01-24,0.9782134802185937,0.021786519781406256
2006-01-25,0.9515721114088327,0.048427888591167936
2006-01-26,0.9483093161176235,0.0516906838823765
2006-01-27,0.8969340275097987,0.10306597249020123
2006-01-30,0.9662817564518688,0.033718243548131195
2006-01-31,0.9004028393775034,0.09959716062249674
2006-02-01,0.9715025073408358,0.02849749265916426
2006-02-02,0.9619086195894218,0.0380913804105785
2006-02-03,0.8992230919797339,0.10077690802026616
2006-02-06,0.8853532487444847,0.11464675125551502
2006-02-07,0.22687650818827582,0.7731234918117245
2006-02-08,0.979339604842586,0.02066039515741411
2006-02-09,0.9767342436596965,0.023265756340303558
2006-02-10,0.9303655314540331,0.06963446854596692
2006-02-13,0.9629109763157087,0.03708902368429072
2006-02-14,0.9633352671362365,0.0366647328637636
2006-02-15,0.9547725343811445,0.045227465618855336
2006-02-16,0.9675899611923926,0.032410038807607885
2006-02-17,0.9742076049811565,0.025792395018843624
2006-02-21,0.967256744235385,0.03274325576461507
2006-02-22,0.9631702431502042,0.036829756849795885
2006-02-23,0.86576711887233,0.13423288112766987
2006-02-24,0.9632986882431201,0.03670131175687998
2006-02-27,0.8584843154212335,0.14151568457876604
2006-02-28,0.8904960829230852,0.10950391707691479
2006-03-01,0.9716325025044121,0.028367497495588017
2006-03-02,0.9550163503001011,0.04498364969989894
2006-03-03,0.9707588354258834,0.029241164574116935
2006-03-06,0.9439434135781357,0.05605658642186409
2006-03-07,0.9572572122287537,0.04274278777124634
2006-03-08,0.9670091860338919,0.0329908139661082
2006-03-09,0.9502953421158926,0.0497046578841077
2006-03-10,0.9382577572436918,0.06174224275630804
2006-03-13,0.9724560872101624,0.027543912789838053
2006-03-14,0.9423916030625783,0.05760839693742201
2006-03-15,0.9686821783469656,0.03131782165303455
2006-03-16,0.9531349329068675,0.04686506709313295
2006-03-17,0.9766886338185995,0.02331136618140049
2006-03-20,0.9741588895212762,0.025841110478723468
2006-03-21,0.9517327463315882,0.0482672536684115
2006-03-22,0.977898473881493,0.02210152611850718
2006-03-23,0.9312876362534355,0.06871236374656448
2006-03-24,0.9613436558491242,0.03865634415087575
2006-03-27,0.905898638539784,0.09410136146021553
2006-03-28,0.9444151382483137,0.05558486175168602
2006-03-29,0.8201892273992397,0.17981077260076028
2006-03-30,0.9538502516293694,0.046149748370630995
2006-03-31,0.9670000372461812,0.032999962753818425
2006-04-03,0.9704705529895475,0.02952944701045229
2006-04-04,0.9487365490725956,0.051263450927404336
2006-04-05,0.9751144428588894,0.02488555714111059
2006-04-06,0.9726995912822233,0.027300408717776503
2006-04-07,0.9456183077695769,0.05438169223042353
2006-04-10,0.973682614208421,0.026317385791578857
2006-04-11,0.9265089594564702,0.07349104054352987
2006-04-12,0.9382312311891735,0.061768768810826366
2006-04-13,0.9744977314401301,0.0255022685598695
2006-04-17,0.8492652575104755,0.15073474248952468
2006-04-18,0.9342659875111776,0.06573401248882237
2006-04-19,0.9513673654900013,0.04863263450999861
2006-04-20,0.3598551994362533,0.6401448005637466
2006-04-21,0.9603541506517417,0.039645849348258405
2006-04-24,0.8896266549106474,0.11037334508935266
2006-04-25,0.9775566432319096,0.022443356768091085
2006-04-26,0.9725092448770243,0.027490755122976277
2006-04-27,0.7366231160363557,0.26337688396364467
2006-04-28,0.8804522165007503,0.11954778349924945
2006-05-01,0.970618591068015,0.029381408931985178
2006-05-02,0.9717370209688966,0.028262979031103436
2006-05-03,0.9698358269653198,0.03016417303468048
2006-05-04,0.9710178256739336,0.028982174326066115
2006-05-05,0.9178967852345091,0.0821032147654911
2006-05-08,0.9755707924640745,0.024429207535925125
2006-05-09,0.9179496607294239,0.08205033927057592
2006-05-10,0.9707494779387861,0.02925052206121396
2006-05-11,0.8951021407086541,0.10489785929134551
2006-05-12,0.7539873292397979,0.24601267076020156
2006-05-15,0.4702387920147706,0.5297612079852291
2006-05-16,0.9665689791843999,0.03343102081559987
2006-05-17,0.6927216366845989,0.3072783633154008
2006-05-18,0.9306907239259967,0.06930927607400295
2006-05-19,0.9224848138454784,0.07751518615452163
2006-05-22,0.8312944518529246,0.16870554814707595
2006-05-23,0.9176343579678962,0.0823656420321036
2006-05-24,0.7999277353031204,0.20007226469687953
2006-05-25,0.8719935402520602,0.1280064597479399
2006-05-26,0.908913628815696,0.09108637118430411
2006-05-30,0.8082484502554772,0.1917515497445227
2006-05-31,0.9468177889260573,0.05318221107394259
2006-06-01,0.95477201747819,0.045227982521810116
2006-06-02,0.8595030854485808,0.14049691455141924
2006-06-05,0.8899782198682469,0.11002178013175284
2006-06-06,0.7558741161986343,0.2441258838013656
2006-06-07,0.9534165443274704,0.04658345567252925
2006-06-08,0.7011925150187214,0.2988074849812785
2006-06-09,0.969044379967884,0.030955620032115813
2006-06-12,0.9183356950104768,0.08166430498952332
2006-06-13,0.22431790031065912,0.7756820996893402
2006-06-14,0.9660546217258786,0.0339453782741212
2006-06-15,0.3030119892268541,0.6969880107731463
2006-06-16,0.975307922607841,0.02469207739215873
2006-06-19,0.9463340437107308,0.05366595628926891
2006-06-20,0.9580223225944818,0.0419776774055181
2006-06-21,0.9277482961362072,0.07225170386379262
2006-06-22,0.9711492800612724,0.02885071993872754
2006-06-23,0.9558288613382877,0.04417113866171181
2006-06-26,0.9808165122730637,0.01918348772693677
2006-06-27,0.9396189460726201,0.060381053927379656
2006-06-28,0.9781449716713444,0.02185502832865531
2006-06-29,0.28747582937114535,0.7125241706288545
2006-06-30,0.5708026513735139,0.42919734862648573
2006-07-03,0.9105139721665275,0.08948602783347274
2006-07-05,0.8804391051874765,0.1195608948125234
2006-07-06,0.9768439069257688,0.02315609307423085
2006-07-07,0.9107827649717368,0.08921723502826312
2006-07-10,0.979036541810891,0.020963458189109
2006-07-11,0.9659924932110457,0.03400750678895486
2006-07-12,0.9521414654891092,0.04785853451089061
2006-07-13,0.7766012359931275,0.22339876400687292
2006-07-14,0.8077993544600299,0.19220064553997038
2006-07-17,0.8947219705929679,0.10527802940703185
2006-07-18,0.9647168690000745,0.0352831309999252
2006-07-19,0.7383133442319924,0.2616866557680075
2006-07-20,0.6835447257249266,0.31645527427507303
2006-07-21,0.9006838743461214,0.0993161256538783
2006-07-24,0.8802982378009977,0.11970176219900266
2006-07-25,0.9507630706047033,0.04923692939529668
2006-07-26,0.9751954453825582,0.0248045546174415
2006-07-27,0.5561736224924488,0.44382637750755094
2006-07-28,0.942976323832773,0.05702367616722697
2006-07-31,0.9593095208899203,0.040690479110079586
2006-08-01,0.848789994296339,0.1512100057036606
2006-08-02,0.9674530059965095,0.03254699400349035
2006-08-03,0.9681727896198967,0.03182721038010314
2006-08-04,0.9355554052533068,0.06444459474669312
2006-08-07,0.9193676634252426,0.08063233657475749
2006-08-08,0.979088048863479,0.020911951136521008
2006-08-09,0.975865313732379,0.024134686267620963
2006-08-10,0.9687686948083548,0.03123130519164507
2006-08-11,0.9669550586913895,0.033044941308610146
2006-08-14,0.9646593673692611,0.035340632630738944
2006-08-15,0.9530427330802117,0.0469572669197881
2006-08-16,0.9619761830358289,0.03802381696417084
2006-08-17,0.9576421858478447,0.042357814152155344
2006-08-18,0.9820550573748361,0.017944942625163596
2006-08-21,0.7530554853058805,0.24694451469411957
2006-08-22,0.9807937562604804,0.019206243739519346
2006-08-23,0.9762144479260443,0.023785552073955683
2006-08-24,0.9677249915252711,0.03227500847472893
2006-08-25,0.9772360789936299,0.02276392100637021
2006-08-28,0.9582603404458256,0.04173965955417435
2006-08-29,0.9780403923758713,0.02195960762412899
2006-08-30,0.9778970077588917,0.022102992241108285
2006-08-31,0.9800444932220004,0.019955506777999503
2006-09-01,0.976529195186281,0.02347080481371913
2006-09-05,0.9320933503964273,0.06790664960357287
2006-09-06,0.9438266454130438,0.05617335458695618
2006-09-07,0.9124996820546983,0.08750031794530194
2006-09-08,0.954030358924877,0.04596964107512318
2006-09-11,0.23840426598488307,0.7615957340151168
2006-09-12,0.9551990430202494,0.044800956979750395
2006-09-13,0.9806172761840656,0.01938272381593418
2006-09-14,0.8293405577791153,0.17065944222088492
2006-09-15,0.9724590674190856,0.027540932580914706
2006-09-18,0.9608957611341665,0.03910423886583328
2006-09-19,0.7972870342104046,0.20271296578959547
2006-09-20,0.9786471967689468,0.02135280323105309
2006-09-21,0.9766174716246001,0.023382528375399503
2006-09-22,0.8899985827916443,0.11000141720835585
2006-09-25,0.9790431481157148,0.020956851884285015
2006-09-26,0.9361977328879463,0.06380226711205393
2006-09-27,0.9739483862902709,0.026051613709729065
2006-09-28,0.9742442142349793,0.025755785765020935
2006-09-29,0.9781096846793469,0.02189031532065322
2006-10-02,0.9714558161266894,0.028544183873311046
2006-10-03,0.29140356144810114,0.7085964385518986
2006-10-04,0.9769746247515712,0.02302537524842871
2006-10-05,0.9638492099819412,0.03615079001805872
2006-10-06,0.9539400737530719,0.04605992624692833
2006-10-10,0.9559732467896418,0.0440267532103582
2006-10-11,0.9614351240694199,0.03856487593058009
2006-10-12,0.9644086968210823,0.035591303178918225
2006-10-13,0.9575079289107447,0.04249207108925518
2006-10-16,0.9601397712591643,0.039860228740835855
2006-10-17,0.9575682001440534,0.04243179985594712
2006-10-18,0.9680375994601053,0.03196240053989474
2006-10-19,0.9503674876833116,0.049632512316688394
2006-10-20,0.9652169311064716,0.03478306889352809
2006-10-23,0.9685684365070757,0.031431563492924475
2006-10-24,0.9825081598559365,0.017491840144063558
2006-10-25,0.970360194019471,0.029639805980528997
2006-10-26,0.9597786970892045,0.040221302910795974
2006-10-27,0.942511610871454,0.057488389128546105
2006-10-30,0.9465043296078963,0.05349567039210409
2006-10-31,0.9298986748496558,0.07010132515034449
2006-11-01,0.9767294733914708,0.023270526608529303
2006-11-02,0.979886670967271,0.020113329032729194
2006-11-03,0.9591279520950472,0.04087204790495307
2006-11-06,0.9073215943747168,0.09267840562528333
2006-11-07,0.9622692573366092,0.037730742663390444
2006-11-08,0.97909510111667,0.020904898883330202
2006-11-09,0.8105251047294073,0.18947489527059294
2006-11-10,0.8349077816010376,0.16509221839896232
2006-11-13,0.9800459503736636,0.019954049626336037
2006-11-14,0.9698973458864957,0.030102654113504317
2006-11-15,0.9785466659405525,0.021453334059447673
2006-11-16,0.9029155508222851,0.09708444917771496
2006-11-17,0.9779036674495165,0.022096332550483593
2006-11-20,0.9799988885085533,0.020001111491446753
2006-11-21,0.9498388751819705,0.050161124818029534
2006-11-22,0.957366856464754,0.04263314353524606
2006-11-27,0.850750265863112,0.14924973413688808
2006-11-28,0.978854977037955,0.02114502296204489
2006-11-29,0.9259495963629417,0.07405040363705839
2006-11-30,0.9332141341123503,0.06678586588764991
2006-12-01,0.9556182403567448,0.04438175964325476
2006-12-04,0.939068785729483,0.060931214270516995
2006-12-05,0.9647020343035038,0.03529796569649617
2006-12-06,0.9693236783397383,0.030676321660261813
2006-12-07,0.9799113494480016,0.02008865055199823
2006-12-08,0.9725590460000468,0.027440953999952965
2006-12-11,0.9673148797018909,0.03268512029810891
2006-12-12,0.9781003507483514,0.021899649251648338
2006-12-13,0.9765510097400766,0.023448990259923926
2006-12-14,0.9631322692476303,0.036867730752369536
2006-12-15,0.9780371645231896,0.021962835476811143
2006-12-18,0.977663852904547,0.022336147095452816
2006-12-19,0.9619513508298626,0.038048649170137325
2006-12-20,0.9631931937429226,0.03680680625707712
2006-12-21,0.9748518387935137,0.025148161206486185
2006-12-22,0.9753895878875463,0.02461041211245357
2006-12-26,0.9815469978575477,0.01845300214245194
2006-12-27,0.9586703572547428,0.041329642745257085
2006-12-28,0.9822950415692121,0.01770495843078724
2006-12-29,0.9785563327181146,0.02144366728188532
2007-01-03,0.753837774362954,0.24616222563704548
2007-01-04,0.97483448666302,0.025165513336980354
2007-01-05,0.9442502328078435,0.05574976719215635
2007-01-08,0.9814258543672125,0.018574145632787867
2007-01-09,0.9808468905047139,0.01915310949528608
2007-01-10,0.969287173490619,0.030712826509381112
2007-01-11,0.9660086245136374,0.03399137548636272
2007-01-12,0.963137226433749,0.03686277356625085
2007-01-17,0.9811076689325192,0.018892331067480388
2007-01-18,0.9745496843617231,0.025450315638277026
2007-01-19,0.9715544814458233,0.02844551855417642
2007-01-22,0.9775574528892756,0.02244254711072465
2007-01-23,0.9212530073158914,0.0787469926841087
2007-01-24,0.9602254612432274,0.03977453875677277
2007-01-25,0.9636971559839917,0.03630284401600821
2007-01-26,0.9715477864252889,0.02845221357471107
2007-01-29,0.9677420853785563,0.03225791462144378
2007-01-30,0.9411491454325768,0.05885085456742332
2007-01-31,0.9798371543199227,0.020162845680077646
2007-02-01,0.9643700059751434,0.03562999402485684
2007-02-02,0.9717952115810023,0.028204788418997852
2007-02-05,0.97924148725156,0.020758512748440244
2007-02-06,0.9820905086935001,0.017909491306499985
2007-02-07,0.9790496588321208,0.020950341167879315
2007-02-08,0.9663173194615595,0.033682680538440396
2007-02-09,0.9770129642883071,0.02298703571169251
2007-02-12,0.9481069441442552,0.051893055855744566
2007-02-13,0.9700033906501595,0.029996609349840556
2007-02-14,0.9264234639596228,0.07357653604037717
2007-02-15,0.9789798563275846,0.02102014367241542
2007-02-16,0.974636962908368,0.025363037091632207
2007-02-20,0.9754981629393387,0.02450183706066163
2007-02-21,0.868680694481594,0.131319305518406
2007-02-22,0.9732122204497339,0.02678777955026595
2007-02-23,0.9769013039729938,0.023098696027006687
2007-02-26,0.9779877675102444,0.02201223248975574
2007-02-27,0.001873052764095056,0.9981269472359052
2007-02-28,0.8692453449356481,0.13075465506435194
2007-03-01,0.9616035956579477,0.038396404342052486
2007-03-02,0.9187413569870946,0.08125864301290561
2007-03-05,0.7476752664776488,0.25232473352235135
2007-03-06,0.9064291738256621,0.09357082617433739
2007-03-07,0.9771549614681645,0.022845038531835282
2007-03-08,0.9550768024854103,0.0449231975145898
2007-03-09,0.976684476563824,0.023315523436175805
2007-03-12,0.9741650458979974,0.025834954102002754
2007-03-13,0.7101017779281797,0.28989822207182
2007-03-14,0.8919320439264832,0.10806795607351638
2007-03-15,0.9488769231141335,0.05112307688586678
2007-03-16,0.9774787667940871,0.022521233205913253
2007-03-19,0.9419115310060718,0.05808846899392854
2007-03-20,0.9783082522695257,0.02169174773047403
2007-03-21,0.95961302377951,0.04038697622049035
2007-03-22,0.9020021240714498,0.09799787592855046
2007-03-23,0.9803446659791222,0.019655334020877872
2007-03-26,0.9798100214343742,0.020189978565625696
2007-03-27,0.9780508210347639,0.021949178965235835
2007-03-28,0.9648889436511032,0.035111056348896816
2007-03-29,0.9672094078004383,0.03279059219956186
2007-03-30,0.9831245271437421,0.016875472856257557
2007-04-02,0.9735497926327431,0.026450207367256888
2007-04-03,0.9547252438013032,0.0452747561986967
2007-04-04,0.9816450296630104,0.01835497033698997
2007-04-05,0.9811174639977708,0.018882536002229368
2007-04-09,0.9768008741076951,0.023199125892305317
2007-04-10,0.9800667769541105,0.01993322304588959
2007-04-11,0.9805164372988623,0.01948356270113743
2007-04-12,0.9833125415066475,0.016687458493352812
2007-04-13,0.9695950975296439,0.030404902470356175
2007-04-16,0.9413532741609749,0.058646725839024826
2007-04-17,0.9767534618410572,0.02324653815894229
2007-04-18,0.9766943711697642,0.02330562883023573
2007-04-19,0.9578405721068572,0.04215942789314268
2007-04-20,0.9679437264590881,0.03205627354091185
2007-04-23,0.9792758635679958,0.020724136432004606
2007-04-24,0.968609410259584,0.0313905897404162
2007-04-25,0.9733894789840409,0.02661052101595946
2007-04-26,0.9620507561639158,0.037949243836083835
2007-04-27,0.9811212644506169,0.01887873554938308
2007-04-30,0.9607664589950581,0.03923354100494214
2007-05-01,0.9827882719025176,0.017211728097482205
2007-05-02,0.9448750214357997,0.05512497856419969
2007-05-03,0.9797118810354893,0.02028811896451075
2007-05-04,0.9810678984164956,0.018932101583504616
2007-05-07,0.9785817254473185,0.021418274552681655
2007-05-08,0.9775150529299587,0.022484947070041384
2007-05-09,0.9828616380309604,0.017138361969039537
2007-05-10,0.9316806245506015,0.06831937544939842
2007-05-11,0.9774408460476953,0.022559153952304584
2007-05-14,0.9793774346089875,0.02062256539101246
2007-05-15,0.9848832478196122,0.015116752180387792
2007-05-16,0.9810997816839235,0.018900218316076432
2007-05-17,0.9773124704745859,0.02268752952541381
2007-05-18,0.9785563467081336,0.021443653291866177
2007-05-21,0.9832328771611228,0.016767122838876995
2007-05-22,0.9650342840159922,0.034965715984007786
2007-05-23,0.980289226282426,0.01971077371757423
2007-05-24,0.9519709990448575,0.0480290009551421
2007-05-25,0.9838731769440805,0.016126823055919445
2007-05-29,0.9789554968458847,0.021044503154115227
2007-05-30,0.9836805958208604,0.016319404179139255
2007-05-31,0.9741952218746162,0.025804778125383877
2007-06-01,0.9695316147355066,0.030468385264492893
2007-06-04,0.9775265527784278,0.02247344722157208
2007-06-05,0.981189818524431,0.018810181475569114
2007-06-06,0.930561761786007,0.06943823821399302
2007-06-07,0.7854965982247688,0.21450340177523097
2007-06-08,0.8901788616957343,0.10982113830426554
2007-06-11,0.9789971174813215,0.021002882518678233
2007-06-12,0.960075040696321,0.03992495930367891
2007-06-13,0.974149216699274,0.025850783300725988
2007-06-14,0.9632993329989313,0.036700667001068624
2007-06-15,0.969923915544646,0.030076084455353785
2007-06-18,0.9841470919797828,0.01585290802021701
2007-06-19,0.955763469866511,0.04423653013348881
2007-06-20,0.9721221839582794,0.02787781604172056
2007-06-21,0.975349368928979,0.02465063107102108
2007-06-22,0.9545484710376744,0.04545152896232574
2007-06-25,0.96135392629961,0.03864607370039012
2007-06-26,0.9575227171811853,0.042477282818814736
2007-06-27,0.977917841044718,0.022082158955282195
2007-06-28,0.9816935359764052,0.018306464023594635
2007-06-29,0.9834798045603138,0.01652019543968637
2007-07-02,0.9486796460046072,0.051320353995392774
2007-07-03,0.9783880339124374,0.02161196608756225
2007-07-05,0.9740610927568696,0.025938907243130544
2007-07-06,0.9553114532358414,0.04468854676415883
2007-07-09,0.9845855042892566,0.01541449571074346
2007-07-10,0.8074499355921974,0.19255006440780278
2007-07-11,0.9806685975262391,0.019331402473760674
2007-07-12,0.8795767813281886,0.12042321867181112
2007-07-13,0.9820547486428357,0.01794525135716439
2007-07-16,0.9487802824789127,0.051219717521087185
2007-07-17,0.9824727194323906,0.017527280567609424
2007-07-18,0.8440591279818934,0.1559408720181063
2007-07-19,0.9759407763572325,0.024059223642767726
2007-07-20,0.8954862280476024,0.10451377195239771
2007-07-23,0.9561357714705796,0.04386422852942036
2007-07-24,0.8424833059175804,0.15751669408241953
2007-07-25,0.9781330583531659,0.021866941646834403
2007-07-26,0.2578417577679411,0.7421582422320586
2007-07-27,0.7300760048445913,0.26992399515540844
2007-07-30,0.9485397871103395,0.05146021288966067
2007-07-31,0.9824653677324522,0.017534632267547704
2007-08-01,0.9614082486214107,0.03859175137858899
2007-08-02,0.9812579167281166,0.018742083271883526
2007-08-03,0.707331703086635,0.2926682969133648
2007-08-06,0.9357238690827823,0.06427613091721764
2007-08-07,0.9795857745260655,0.020414225473934244
2007-08-08,0.8033709837035802,0.19662901629641988
2007-08-09,0.5307388413820006,0.4692611586179996
2007-08-10,0.6860367771937802,0.3139632228062195
2007-08-13,0.9698074010230716,0.030192598976928615
2007-08-14,0.8484934572978281,0.1515065427021722
2007-08-15,0.7023619558672539,0.29763804413274625
2007-08-16,0.04825093013352055,0.9517490698664796
2007-08-17,0.8624679057506924,0.1375320942493071
2007-08-20,0.9008107808222829,0.09918921917771709
2007-08-21,0.9833353029693604,0.01666469703063948
2007-08-22,0.8960504694958844,0.1039495305041153
2007-08-23,0.9588841754039917,0.041115824596008696
2007-08-24,0.9762518409611483,0.023748159038851715
2007-08-27,0.9754334581521992,0.024566541847800626
2007-08-28,0.6817276701562598,0.3182723298437405
2007-08-29,0.9463078044001569,0.05369219559984264
2007-08-30,0.985768239753986,0.014231760246013945
2007-08-31,0.9072444056809497,0.09275559431905012
2007-09-05,0.8368085560515135,0.16319144394848634
2007-09-06,0.6009165533267875,0.39908344667321227
2007-09-07,0.6428528972747498,0.35714710272525013
2007-09-10,0.9634108038778304,0.036589196122169515
2007-09-11,0.9088866925792866,0.09111330742071364
2007-09-12,0.9783136337427095,0.02168636625729068
2007-09-13,0.9648497054661794,0.03515029453382075
2007-09-14,0.9853202357617817,0.014679764238218087
2007-09-17,0.9562176048568933,0.043782395143107194
2007-09-18,0.753653296841346,0.24634670315865442
2007-09-19,0.7452068161484009,0.2547931838515991
2007-09-20,0.9018448989834413,0.09815510101655872
2007-09-21,0.9763444552718162,0.023655544728183913
2007-09-24,0.984842683318182,0.01515731668181743
2007-09-25,0.9747630880708531,0.02523691192914699
2007-09-26,0.9534683430973482,0.04653165690265151
2007-09-27,0.9716243963962009,0.028375603603799517
2007-09-28,0.9586377299459773,0.04136227005402313
2007-10-03,0.9839811076894909,0.01601889231050906
2007-10-04,0.9797910519502555,0.020208948049744394
2007-10-05,0.9438331892607031,0.056166810739296844
2007-10-09,0.974161132639783,0.025838867360216684
2007-10-10,0.9823675893795103,0.01763241062048968
2007-10-11,0.9842716892374961,0.015728310762504194
2007-10-15,0.9650007638212734,0.034999236178726675
2007-10-16,0.9491366370946025,0.05086336290539757
2007-10-17,0.9516601084397711,0.04833989156022852
2007-10-18,0.9573071658566896,0.04269283414331025
2007-10-19,0.6720827089058614,0.32791729109413864
2007-10-22,0.9356219815893454,0.06437801841065449
2007-10-24,0.974313283508906,0.02568671649109386
2007-10-25,0.9780505432318009,0.021949456768198854
2007-10-29,0.9767861570101191,0.023213842989880634
2007-10-30,0.9650555627748367,0.03494443722516286
2007-10-31,0.8651908803011258,0.134809119698874
2007-11-01,0.675671802574401,0.3243281974255992
2007-11-02,0.8699587052414264,0.13004129475857376
2007-11-05,0.9540343737322985,0.04596562626770143
2007-11-07,0.7309206320421041,0.2690793679578959
2007-11-08,0.9650976440294693,0.03490235597053119
2007-11-09,0.7200966067360215,0.27990339326397795
2007-11-13,0.7800124747001912,0.21998752529980842
2007-11-14,0.976812687384666,0.023187312615334348
2007-11-15,0.7355169954200127,0.26448300457998725
2007-11-19,0.5415956653164271,0.45840433468357294
2007-11-20,0.9250295633583756,0.07497043664162426
2007-11-21,0.5955603703490764,0.40443962965092367
2007-11-23,0.9012692366608185,0.09873076333918193
2007-11-26,0.736985479707316,0.26301452029268396
2007-11-28,0.11473775486020057,0.8852622451397995
2007-11-29,0.9816206129890581,0.018379387010942175
2007-11-30,0.9319467469961272,0.0680532530038727
2007-12-03,0.9729156138233727,0.027084386176627534
2007-12-04,0.9462108296486287,0.05378917035137125
2007-12-05,0.8853926798149093,0.11460732018509046
2007-12-06,0.9322398704278134,0.06776012957218641
2007-12-07,0.9809563650648074,0.019043634935192448
2007-12-10,0.9863596216066279,0.013640378393372562
2007-12-11,0.5028448564652837,0.4971551435347162
2007-12-12,0.8895064327380924,0.11049356726190722
2007-12-13,0.8821995757826577,0.1178004242173419
2007-12-14,0.810096366641687,0.1899036333583128
2007-12-17,0.6220092876850669,0.37799071231493314
2007-12-18,0.9815043687423177,0.018495631257682325
2007-12-19,0.9841702987946688,0.015829701205331035
2007-12-20,0.9892194425023939,0.010780557497606083
2007-12-21,0.7089894685002615,0.29101053149973877
2007-12-26,0.979659353361804,0.020340646638195632
2007-12-27,0.9778331645064682,0.02216683549353212
2007-12-28,0.8567504432504055,0.14324955674959444
2007-12-31,0.9797109555390302,0.020289044460969574
2008-01-02,0.02626075560845372,0.9737392443915457
2008-01-04,0.3439160737374126,0.6560839262625876
2008-01-07,0.9817211827381085,0.018278817261891425
2008-01-08,0.7726378033225016,0.22736219667749807
2008-01-09,0.9858384581287636,0.014161541871236749
2008-01-10,0.9726903853316587,0.027309614668340608
2008-01-11,0.9369390349583719,0.06306096504162824
2008-01-14,0.9674015946921866,0.032598405307813806
2008-01-15,0.18869073399033104,0.8113092660096685
2008-01-16,0.6141795694789824,0.38582043052101783
2008-01-17,0.8450801687250019,0.15491983127499812
2008-01-18,0.9576598126725073,0.04234018732749228
2008-01-22,0.8691532767911248,0.13084672320887494
2008-01-23,0.7202552858468884,0.27974471415311136
2008-01-24,0.005118463341813442,0.9948815366581865
2008-01-25,0.9662814224985393,0.03371857750146078
2008-01-28,0.9804612749873851,0.019538725012614826
2008-01-29,0.9124861104372867,0.08751388956271303
2008-01-30,0.9714950389502868,0.028504961049713097
2008-01-31,0.7894500204907231,0.21054997950927662
2008-02-01,0.8069551834369426,0.19304481656305703
2008-02-04,0.9481265263386692,0.051873473661330806
2008-02-05,0.005131790977300439,0.9948682090226996
2008-02-06,0.9635638579549297,0.03643614204507039
2008-02-07,0.8673992228259045,0.13260077717409552
2008-02-11,0.9884437096579797,0.011556290342020287
2008-02-12,0.32067140616805745,0.6793285938319426
2008-02-13,0.9823586618411255,0.017641338158874476
2008-02-14,0.8830904994790025,0.11690950052099788
2008-02-15,0.9752314943525437,0.024768505647456432
2008-02-19,0.5806333532085863,0.419366646791414
2008-02-20,0.897462973625878,0.1025370263741218
2008-02-21,0.965536479727119,0.034463520272881146
2008-02-22,0.9866757273272999,0.013324272672700649
2008-02-25,0.7991843892707475,0.20081561072925233
2008-02-26,0.9738504710580953,0.026149528941904872
2008-02-27,0.940196468467413,0.05980353153258721
2008-02-28,0.644506609655166,0.3554933903448344
2008-02-29,0.1998989134703125,0.8001010865296874
2008-03-03,0.7541008151380367,0.24589918486196352
2008-03-04,0.8857965572650418,0.11420344273495812
2008-03-05,0.6003963860791055,0.3996036139208953
2008-03-06,0.8660082617991567,0.1339917382008431
2008-03-07,0.9232414482471406,0.07675855175285981
2008-03-10,0.624210362380829,0.3757896376191708
2008-03-11,0.01871580441539394,0.9812841955846062
2008-03-13,0.7598813532967544,0.24011864670324545
2008-03-14,0.7122858224985928,0.28771417750140704
2008-03-17,1.2372003472479899e-05,0.9999876279965276
2008-03-18,3.6172509695966877e-06,0.9999963827490304
2008-03-19,0.008583498248623799,0.9914165017513762
2008-03-24,0.8912571277638651,0.10874287223613481
2008-03-25,0.4248743953082813,0.5751256046917186
2008-03-26,0.9558123160816023,0.044187683918397905
2008-03-28,0.9784123753132332,0.021587624686766775
2008-03-31,0.9375333841226852,0.06246661587731499
2008-04-01,0.0007122102256404485,0.9992877897743597
2008-04-03,0.990514540301198,0.009485459698801858
2008-04-04,0.9490461967464346,0.050953803253565036
2008-04-07,0.9666919810611938,0.033308018938806014
2008-04-08,0.9829024968288916,0.017097503171108464
2008-04-09,0.6820590968691175,0.31794090313088275
2008-04-10,0.9789562077176353,0.021043792282365078
2008-04-11,0.9273033272021713,0.07269667279782885
2008-04-14,0.9780961400413801,0.021903859958619935
2008-04-18,0.3832962385400699,0.61670376145993
2008-04-21,0.7877915619171001,0.21220843808290027
2008-04-22,0.96375076579045,0.03624923420954973
2008-04-23,0.9450928559147986,0.054907144085201476
2008-04-24,0.7943197925192473,0.20568020748075258
2008-04-28,0.9816019021121649,0.018398097887834818
2008-04-29,0.6840323443641955,0.3159676556358049
2008-04-30,0.9157984875470776,0.08420151245292248
2008-05-01,0.8324877059413218,0.167512294058678
2008-05-02,0.7174756787498162,0.2825243212501838
2008-05-05,0.9656770757978416,0.03432292420215842
2008-05-08,0.8960735278265284,0.10392647217347122
2008-05-09,0.9243140290536239,0.07568597094637579
2008-05-12,0.9795152338962516,0.02048476610374813
2008-05-13,0.9583321037470383,0.04166789625296203
2008-05-14,0.9695745809408332,0.030425419059166757
2008-05-15,0.9264250453382756,0.07357495466172441
2008-05-19,0.9864512904209629,0.013548709579036894
2008-05-20,0.829456461819945,0.17054353818005477
2008-05-21,0.8371296833218735,0.1628703166781266
2008-05-22,0.9590808131872259,0.04091918681277341
2008-05-23,0.9254076347728308,0.07459236522716975
2008-05-27,0.9513972446337456,0.048602755366253914
2008-05-28,0.9830390129450282,0.01696098705497171
2008-05-30,0.978629931413278,0.021370068586721712
2008-06-02,0.9770887148180419,0.022911285181958122
2008-06-03,0.985137899942736,0.014862100057264255
2008-06-04,0.9860304929033298,0.013969507096670334
2008-06-05,0.8342769676043981,0.1657230323956019
2008-06-06,0.07918867349165512,0.9208113265083451
2008-06-09,0.940497218828264,0.059502781171735644
2008-06-10,0.3571050487564565,0.6428949512435433
2008-06-11,0.48300359196177817,0.5169964080382219
2008-06-13,0.9712005826983501,0.028799417301650004
2008-06-16,0.9889536898417151,0.011046310158284571
2008-06-17,0.9934267049569129,0.006573295043087356
2008-06-18,0.962866291262922,0.037133708737077845
2008-06-19,0.9643954191853237,0.03560458081467634
2008-06-20,0.7075635928477797,0.29243640715221986
2008-06-23,0.9766614768328935,0.0233385231671063
2008-06-24,0.9881073459446483,0.011892654055351785
2008-06-25,0.9918867648851446,0.008113235114855214
2008-06-26,0.0024925601789821134,0.9975074398210175
2008-06-27,0.9180047603914124,0.08199523960858765
2008-06-30,0.9922701336703579,0.00772986632964226
2008-07-01,0.9766741418824786,0.023325858117521234
2008-07-02,0.5107285351817801,0.4892714648182202
2008-07-07,0.8196308868438946,0.1803691131561059
2008-07-08,0.6220979934827355,0.3779020065172645
2008-07-09,0.9913610572030415,0.00863894279695857
2008-07-10,0.9474179489145133,0.05258205108548647
2008-07-11,0.4281220596546748,0.5718779403453255
2008-07-14,0.9261800290174227,0.0738199709825774
2008-07-15,0.28147183588664737,0.7185281641133526
2008-07-16,0.5544705332544881,0.4455294667455115
2008-07-18,0.891705278375228,0.10829472162477231
2008-07-21,0.9888298447169129,0.011170155283087086
2008-07-23,0.3173671824979808,0.682632817502019
2008-07-24,0.8335885854373604,0.16641141456263964
2008-07-25,0.9886366146812737,0.011363385318726405
2008-07-28,0.9160028286102383,0.08399717138976129
2008-07-29,0.9651555990105075,0.03484440098949244
2008-07-30,0.9143800443937062,0.08561995560629407
2008-07-31,0.9823615860328534,0.017638413967146268
2008-08-01,0.9346832371756794,0.06531676282432045
2008-08-04,0.27866457692532787,0.7213354230746724
2008-08-05,0.037704605627700415,0.9622953943722994
2008-08-06,0.8540996419300916,0.14590035806990856
2008-08-07,0.9177525929242316,0.0822474070757688
2008-08-08,0.07141694681399992,0.928583053186
2008-08-11,0.18689440789678216,0.8131055921032179
2008-08-12,0.8001450659878498,0.1998549340121503
2008-08-13,0.01589156456611015,0.9841084354338898
2008-08-14,0.7957614969951535,0.20423850300484667
2008-08-15,0.867542263738453,0.1324577362615472
2008-08-18,0.9836978226670219,0.016302177332977782
2008-08-19,0.4802682822751204,0.5197317177248797
2008-08-20,0.9917811459941648,0.008218854005835448
2008-08-21,0.25684842588889334,0.7431515741111067
2008-08-22,0.2905536109611366,0.7094463890388634
2008-08-25,0.9820072878275626,0.01799271217243708
2008-08-26,0.9929880857352913,0.007011914264708791
2008-08-27,0.9895888729846426,0.010411127015357537
2008-08-29,0.9907893158076948,0.009210684192305241
2008-09-02,0.14721930263173816,0.8527806973682617
2008-09-03,0.9688612703705857,0.03113872962941458
2008-09-04,0.06290711880657884,0.9370928811934214
2008-09-05,0.506415177021326,0.49358482297867373
2008-09-08,0.006193019046013365,0.9938069809539865
2008-09-09,0.00027207198745670183,0.9997279280125433
2008-09-10,0.2119756879248719,0.7880243120751278
2008-09-11,0.9729014540451567,0.027098545954843123
2008-09-12,0.0044947120973229645,0.995505287902677
2008-09-15,2.002726972817722e-08,0.9999999799727304
2008-09-16,3.947179268594447e-05,0.9999605282073141
2008-09-17,1.2229869804148665e-13,0.9999999999998778
2008-09-18,0.026175971808754035,0.9738240281912457
2008-09-19,8.620277665919519e-13,0.999999999999138
2008-09-22,5.8775254905989454e-06,0.9999941224745093
2008-09-23,0.8115761617476681,0.1884238382523315
2008-09-24,0.9938525790245215,0.0061474209754790125
2008-09-25,0.15249235974594874,0.8475076402540511
2008-09-29,1.7886180727019842e-24,1.0
2008-09-30,2.6935460075937873e-09,0.9999999973064542
2008-10-01,0.9890774482541923,0.010922551745807968
2008-10-02,5.08793202462626e-13,0.9999999999994914
2008-10-03,0.9935766128067167,0.00642338719328317
2008-10-06,1.3787553811682183e-19,1.0
2008-10-07,0.003327640738016111,0.9966723592619839
2008-10-08,2.956427728367756e-34,1.0
2008-10-10,7.9994389978235e-16,0.9999999999999993
2008-10-14,0.023412471677488875,0.9765875283225112
2008-10-15,8.356040602305184e-23,1.0
2008-10-16,0.0648257723697201,0.9351742276302797
2008-10-17,0.08130363759540318,0.918696362404597
2008-10-20,2.9982962806709844e-08,0.9999999700170374
2008-10-21,0.00028264332286464676,0.9997173566771353
2008-10-22,4.333333842437501e-22,1.0
2008-10-23,0.5084026291771279,0.4915973708228716
2008-10-24,2.4842849547195845e-19,1.0
2008-10-28,1.3470563033216553e-20,1.0
2008-10-29,1.7699554285927687e-08,0.9999999823004458
2008-10-30,2.6829656525042306e-06,0.9999973170343477
2008-10-31,0.02162986319882644,0.9783701368011736
2008-11-03,0.9935495639264881,0.00645043607351189
2008-11-04,3.1839025903552894e-12,0.9999999999968164
2008-11-05,0.0013227711711633592,0.9986772288288368
2008-11-06,2.9389279824564225e-14,0.9999999999999709
2008-11-10,0.49102605981956116,0.5089739401804387
2008-11-12,5.1807610792846375e-08,0.9999999481923894
2008-11-13,1.1637909756586292e-07,0.9999998836209025
2008-11-14,0.22226298608079542,0.7777370139192044
2008-11-17,0.22734276038307763,0.7726572396169227
2008-11-19,1.9141303049420832e-08,0.9999999808586975
2008-11-20,3.505285166233276e-18,1.0
2008-12-03,0.03028215884890028,0.9697178411511
2008-12-08,7.558196433262822e-11,0.9999999999244181
2008-12-09,0.9803813128642366,0.01961868713576341
2009-01-02,0.005649014553795705,0.9943509854462041
2009-01-05,0.10781807409972755,0.8921819259002726
2009-01-08,0.020592637250468754,0.979407362749531
2009-01-21,0.0074932241571925295,0.9925067758428077
2009-01-28,0.008458706611536313,0.9915412933884639
2009-01-30,0.21589020130836492,0.7841097986916354
2009-02-03,0.7973566640998817,0.20264333590011838
2009-02-05,0.980771224998638,0.019228775001362032
2009-02-10,7.072406804674143e-05,0.9999292759319534
2009-02-17,1.9940814049806317e-12,0.999999999998006
2009-02-19,0.24080225468945254,0.7591977453105476
2009-02-25,0.7740862427630438,0.22591375723695598
2009-02-27,0.844554701800804,0.1554452981991961
2009-03-03,0.45693405346207616,0.5430659465379242
2009-03-06,0.9502855425979554,0.04971445740204475
2009-03-12,0.18919853630918843,0.8108014636908116
2009-03-16,0.9116072893086562,0.08839271069134365
2009-03-17,0.5666420829556943,0.43335791704430593
2009-03-23,1.516379420782668e-09,0.9999999984836203
2009-03-25,0.8806018063220451,0.11939819367795494
2009-03-26,0.9388678487689497,0.06113215123105026
2009-03-27,0.26716874551636893,0.7328312544836313
2009-03-31,0.21289006960656354,0.7871099303934366
2009-04-01,0.39080319382796724,0.6091968061720326
2009-04-02,5.038540630027142e-13,0.9999999999994963
2009-04-06,0.9352467997212447,0.0647532002787551
2009-04-13,0.9263424222995731,0.07365757770042644
2009-04-14,0.9871515688835084,0.012848431116491508
2009-04-15,0.991739321256845,0.008260678743154665
2009-04-27,0.9175595965035518,0.08244040349644821
2009-05-01,0.420771800276396,0.5792281997236038
2009-05-04,0.03529141201978328,0.964708587980217
2009-05-07,0.9852633534784745,0.014736646521525306
2009-05-14,0.9951078545978638,0.004892145402136087
2009-05-26,0.9303944033499404,0.06960559665005997
2009-06-01,6.554293002837597e-05,0.9999344570699717
2009-06-05,0.27087725184450995,0.7291227481554905
2009-06-09,0.4530305680164182,0.5469694319835816
2009-06-15,0.056398002550858105,0.9436019974491417
2009-06-16,0.9670807311228982,0.032919268877101796
2009-06-17,0.9799089257935524,0.02009107420644759
2009-06-18,0.9834759526124272,0.016524047387572814
2009-06-22,0.0021914047719076217,0.9978085952280921
2009-06-23,0.9163159365015513,0.0836840634984488
2009-06-24,0.9631372325286147,0.03686276747138544
2009-06-25,0.8306806825307481,0.16931931746925177
2009-06-26,0.6411875209772573,0.35881247902274255
2009-07-01,0.9732150656565098,0.02678493434349023
2009-07-09,0.9669497851716345,0.03305021482836519
2009-07-15,0.08790020323750178,0.9120997967624985
2009-07-16,0.9896011833156875,0.01039881668431254
2009-07-27,0.9944043234771337,0.005595676522866218
2009-08-05,0.989362931431969,0.010637068568030907
2009-08-12,0.9882046297407335,0.011795370259266236
2009-08-19,0.9788078319210062,0.021192168078993545
2009-08-26,0.9936107367631444,0.006389263236855941
2009-09-02,0.0007137128668147051,0.9992862871331851
2009-09-14,0.9946842862127658,0.005315713787234234
2009-09-17,0.9811009821769285,0.018899017823071466
2009-09-24,0.864196402302491,0.1358035976975092
2009-09-30,0.6200903592767001,0.3799096407232997
2009-10-01,0.2513501751070429,0.7486498248929573
2009-10-21,0.8124855110499396,0.1875144889500609
2009-11-13,0.9925742384756324,0.007425761524367583
2009-12-07,0.9940395544471741,0.005960445552826071
2009-12-08,0.8945887562566799,0.10541124374332025
2009-12-09,0.8113443553935948,0.1886556446064055
2009-12-31,0.995826425682598,0.004173574317401904
2010-01-05,0.9927919152492926,0.007208084750707351
2010-01-11,0.7451594107740228,0.2548405892259769
2010-01-13,0.9927426901157791,0.007257309884221376
2010-01-14,0.9926633394289117,0.007336660571088037
2010-01-15,0.9811096236770839,0.018890376322915875
2010-01-22,0.8862316211885917,0.11376837881140793
2010-01-26,0.9832004777128185,0.016799522287181737
2010-01-27,0.9466401353914456,0.05335986460855452
2010-02-01,0.6654913714372481,0.334508628562752
2010-02-10,0.9939690468440698,0.006030953155930418
2010-03-05,0.9434028772472898,0.05659712275271045
2010-03-09,0.9954294189370809,0.004570581062919009
2010-03-22,0.995381014045966,0.0046189859540339455
2010-04-09,0.989348899889482,0.010651100110518084
2010-04-19,0.9737421428257207,0.026257857174279066
2010-05-04,0.027174876710534406,0.9728251232894658
2010-05-06,0.0034902286836592405,0.9965097713163408
2010-05-11,0.30403805000194295,0.6959619499980567
2010-05-13,0.9925508997128247,0.007449100287175045
2010-05-25,0.03486244706957873,0.9651375529304215
2010-06-02,0.8599551666198543,0.14004483338014606
2010-06-07,0.36704817416785945,0.6329518258321409
2010-06-09,0.987024716478891,0.01297528352110872
2010-06-11,0.9895839125823173,0.010416087417682867
2010-06-16,0.9953034418003832,0.004696558199616718
2010-06-17,0.9892537158478814,0.010746284152118315
2010-06-18,0.9924707401064248,0.007529259893575333
2010-06-25,0.9239424932474243,0.07605750675257594
2010-06-28,0.9741196449927612,0.02588035500723847
2010-06-30,0.9663912262154142,0.03360877378458584
2010-07-01,0.27312133327596405,0.7268786667240354
2010-07-12,0.9932922408526739,0.006707759147325842
2010-07-21,0.9925720929405509,0.007427907059448622
2010-07-30,0.9166658923052337,0.08333410769476599
2010-08-12,0.9583894251110875,0.041610574888912136
2010-08-24,0.7231709288034638,0.2768290711965357
2010-09-02,0.991902253000658,0.008097746999342115
2010-09-23,0.9905094914779126,0.00949050852208726
2010-09-28,0.9904299200510038,0.009570079948996304
2010-09-29,0.9943997768178072,0.00560022318219266
2010-10-05,0.6158276534766489,0.38417234652335086
2010-10-21,0.9861093209206959,0.013890679079303853
2010-11-01,0.9963200454108442,0.0036799545891556527
2010-11-10,0.14213358076862326,0.8578664192313766
2010-12-02,0.9301110150282206,0.06988898497177938
2010-12-07,0.9821006606160447,0.0178993393839551
2010-12-16,0.9908248492834583,0.0091751507165416
2010-12-27,0.995556836190491,0.004443163809509135
2011-01-03,0.9899625249485133,0.010037475051486734
2011-01-04,0.9745995299666752,0.025400470033324407
2011-01-05,0.47949031110277823,0.5205096888972218
2011-01-13,0.3247443641281098,0.6752556358718907
2011-01-27,0.9822570980625447,0.017742901937455178
2011-02-03,0.8864214044040226,0.11357859559597705
2011-02-10,0.9847903503322462,0.015209649667753886
2011-02-16,0.9948582178068222,0.0051417821931777855
2011-03-04,0.9902306810765251,0.00976931892347478
2011-03-09,0.9906662458956326,0.009333754104367573
2011-03-22,0.994722586370183,0.005277413629817097
2011-04-01,0.9808130641216761,0.019186935878323836
2011-04-06,0.9944971721460709,0.005502827853929077
2011-04-14,0.9928589240323624,0.007141075967637404
2011-04-18,0.9055598702022527,0.09444012979774749
2011-05-04,0.9246207105901989,0.07537928940980093
2011-05-10,0.9718400846127772,0.0281599153872233
2011-05-11,0.44319269927986343,0.5568073007201364
2011-06-21,0.9290842604632706,0.07091573953672932
2011-07-26,0.9779117043333307,0.022088295666669193
2011-08-01,0.9912352330625561,0.008764766937444034
2011-08-02,0.14159239674163365,0.8584076032583662
2011-08-03,0.980412555793739,0.019587444206261007
2011-10-04,0.8864776936609925,0.1135223063390077
2011-10-06,0.2792580825260177,0.7207419174739826
2011-10-20,0.9837486722030107,0.0162513277969892
2011-10-27,2.7896891086178856e-06,0.9999972103108912
2011-10-28,0.9595514993256851,0.04044850067431506
2011-12-01,0.9945524192880468,0.005447580711953332
2011-12-02,0.9185690735283588,0.08143092647164113
2011-12-08,0.6762675144047801,0.3237324855952199
2011-12-13,0.9231237573151168,0.07687624268488324
2012-01-26,0.5562784512297906,0.44372154877020975
2012-01-30,0.9859488260281295,0.014051173971870876
2012-02-02,0.9957306134402633,0.004269386559736857
2012-02-06,0.993210620631953,0.006789379368047186
2012-02-09,0.9949675569751086,0.005032443024891556
2012-02-16,0.9144921816861236,0.08550781831387705
2012-03-01,0.992338786893043,0.007661213106957191
2012-03-26,0.985530542275867,0.014469457724132875
2012-04-18,0.9921897632496672,0.007810236750332685
2012-04-24,0.9941160968737796,0.005883903126220542
2012-04-27,0.9935620866394054,0.006437913360594817
2012-05-09,0.9620998537622043,0.037900146237795515
2012-05-10,0.9957021064521561,0.004297893547843895
2012-05-16,0.9744165126336817,0.025583487366317992
2012-05-30,0.8157138480617661,0.18428615193823408
2012-06-19,0.9738136676728555,0.02618633232714406
2012-06-20,0.9926750989836434,0.007324901016356524
2012-06-25,0.4780852552644306,0.5219147447355691
2012-06-26,0.99245567313176,0.007544326868239937
2012-06-27,0.9883715360680958,0.011628463931903879
2012-07-19,0.9722742801718647,0.027725719828135188
2012-07-24,0.984338408049412,0.015661591950587868
2012-07-26,0.33378541491699576,0.6662145850830042
2012-08-02,0.9049803473219595,0.09501965267804051
2012-08-07,0.9850542614088551,0.01494573859114487
2012-08-15,0.9875096983686337,0.012490301631365991
2012-09-10,0.9898318323821608,0.010168167617839338
2012-09-20,0.9934356065097807,0.006564393490219103
2012-10-02,0.9951429609685809,0.004857039031419055
2012-10-03,0.987371278935736,0.012628721064264114
2012-10-04,0.9838392792102596,0.016160720789740443
2012-10-09,0.9546464053712599,0.04535359462874054
2012-10-10,0.9901021780049032,0.00989782199509682
2012-10-15,0.9818678236387072,0.0181321763612931
2012-10-26,0.9929881278686453,0.0070118721313546534
2012-11-07,0.6859319496007713,0.31406805039922847
2012-11-09,0.991084381376328,0.008915618623671991
2012-11-13,0.9936371975020863,0.006362802497913843
2012-11-19,0.6297887421599341,0.3702112578400662
2012-11-20,0.9936210929299758,0.006378907070023927
2012-11-27,0.9857877499337622,0.01421225006623766
2012-12-10,0.9942644238448868,0.005735576155112878
2012-12-13,0.9858239180187123,0.014176081981287706
2013-01-02,0.6419578466825399,0.3580421533174603
2013-01-15,0.9942086678857696,0.00579133211423016
2013-01-16,0.9945958718888432,0.00540412811115701
2013-01-22,0.9904468404943165,0.009553159505683417
2013-01-24,0.97089049020469,0.02910950979530972
2013-01-25,0.9726904373099512,0.02730956269004884
2013-02-14,0.9942978229626304,0.005702177037370072
2013-02-21,0.7774733291478435,0.22252667085215694
2013-03-04,0.9595623548727609,0.04043764512723895
2013-03-13,0.9887561748372798,0.011243825162720582
2013-03-28,0.9642974659286516,0.03570253407134849
2013-04-15,0.0007494590722999684,0.9992505409277003
2013-05-06,0.994382932547599,0.005617067452401337
2013-06-27,0.9709129453258543,0.029087054674145824
2013-06-28,0.0164783968550984,0.9835216031449013
2013-07-01,0.9916387293188802,0.008361270681120053
2013-08-21,0.933131282790424,0.06686871720957606
2013-10-04,0.9946456564448989,0.005354343555101063
2013-10-09,0.9887609456778946,0.011239054322105344
2013-10-10,0.8747268986960922,0.1252731013039075
2013-10-11,0.9782028001061761,0.021797199893823862
2013-10-15,0.9301415992922052,0.06985840070779457
2013-10-16,0.9832887695519466,0.016711230448053265
2013-10-17,0.30489273478080914,0.6951072652191909
2013-11-20,0.9669460405932832,0.03305395940671682
2013-12-12,0.9887841196964778,0.011215880303521861
2014-01-13,0.9770164202648628,0.02298357973513711
2014-01-24,0.33117983221366787,0.6688201677863322
2014-01-30,0.9840608067292648,0.015939193270735404
2014-01-31,0.9932651181124745,0.00673488188752572
2014-02-07,0.9554376946114365,0.04456230538856348
2014-02-10,0.9719997417086311,0.028000258291368946
2014-02-12,0.9759806068840563,0.024019393115943966
2014-03-24,0.7364658469230458,0.2635341530769539
2014-05-08,0.9959188836926417,0.004081116307358081
2014-05-09,0.9918041643400342,0.008195835659965647
2014-05-14,0.993773172569141,0.006226827430858942
2014-05-22,0.995692112185397,0.004307887814602573
2014-05-23,0.9953378928396827,0.004662107160317461
2014-05-28,0.9884140735021022,0.011585926497897598
2014-06-02,0.9921329718197944,0.007867028180205354
2014-06-03,0.9936403282255271,0.006359671774473061
2014-06-04,0.9957588935706501,0.00424110642934998
2014-07-02,0.9888109729074024,0.011189027092597469
2014-07-03,0.9944431147546393,0.005556885245360812
2014-07-15,0.9853609074128977,0.014639092587101906
2014-07-22,0.9911892827498464,0.00881071725015318
2014-07-24,0.9928350496671626,0.007164950332837082
2014-07-25,0.9690852897109405,0.030914710289059594
2014-07-29,0.9947974076893397,0.005202592310660066
2014-10-08,0.042859571412301144,0.9571404285876991
2014-10-09,0.7025458983997864,0.29745410160021357
2014-10-30,0.12325922694154615,0.8767407730584538
2014-11-03,0.7285255009070373,0.2714744990929629
2014-11-17,0.9921083253992542,0.00789167460074577
2014-11-25,0.9735101908126479,0.026489809187351932
2014-11-26,0.9901760118515531,0.009823988148447139
2014-12-02,0.6671354536283566,0.3328645463716434
2014-12-03,0.9341782466143631,0.06582175338563674
2014-12-04,0.9799858122031118,0.020014187796888464
2014-12-05,0.9611355451915801,0.038864454808419616
2014-12-10,0.893435793402789,0.106564206597211
2014-12-11,0.994196715597598,0.005803284402402298
2014-12-18,0.10727677970181819,0.892723220298182
2014-12-19,0.9928418488988326,0.007158151101167435
2015-03-20,0.7491543065124897,0.25084569348751046
2015-03-24,0.9954790264229446,0.0045209735770555225
2015-03-30,0.9822285551811133,0.017771444818886758
2015-03-31,0.9801044873905205,0.019895512609479228
2015-04-06,0.9237838975603239,0.0762161024396765
2015-04-07,0.9485530364289568,0.05144696357104315
2015-04-20,0.9872771854103183,0.012722814589681813
2015-05-06,0.9867762661570134,0.013223733842986859
2015-05-07,0.9720730584605646,0.027926941539435694
2015-07-09,0.9587614908658129,0.04123850913418711
2015-07-13,0.9719994009089516,0.02800059909104811
2015-07-20,8.109280252766143e-06,0.9999918907197468
2015-07-21,0.983718241906104,0.016281758093895617
2015-07-24,0.7572234241703176,0.24277657582968243
2015-07-31,0.9376808687724612,0.062319131227538516
2015-08-19,0.8154433028083959,0.1845566971916041
2015-11-13,0.9779291391740346,0.022070860825965148
2015-11-24,0.9560188564755184,0.043981143524481785
2015-12-01,0.9685915487322692,0.031408451267731126
2015-12-02,0.9513454165319475,0.048654583468052175
2015-12-08,0.9760069342262103,0.023993065773789797
2015-12-10,0.9945717958890499,0.005428204110950054
2015-12-15,0.89711226416784,0.10288773583216032
2015-12-16,0.4682196113045564,0.531780388695444
2015-12-18,0.5085691969942715,0.4914308030057284
2015-12-22,0.9871990573928013,0.012800942607199165
2015-12-23,0.875317372037973,0.12468262796202695
2015-12-24,0.9894319651632806,0.010568034836719285
2015-12-30,0.98335662483089,0.016643375169110203
2016-01-05,0.9951962996931952,0.0048037003068049835
2016-01-07,0.04174630878148125,0.9582536912185189
2016-01-08,0.8920605889297513,0.10793941107024904
2016-01-29,0.6399214884039048,0.3600785115960948
2016-02-01,0.5589567576167213,0.44104324238327886
2016-02-04,0.7251817322256583,0.2748182677743415
2016-02-08,0.44575193340180563,0.5542480665981941
2016-02-19,0.9890672744323954,0.010932725567604674
2016-02-29,0.9622699558628295,0.037730044137170085
2016-03-03,0.9221276859919415,0.07787231400805852
2016-03-16,0.1827046806081722,0.8172953193918282
2016-03-22,0.9946966422791036,0.005303357720896489
2016-03-28,0.9940088568998234,0.005991143100176669
2016-03-29,0.711673120092702,0.28832687990729783
2016-03-30,0.7953743435763554,0.20462565642364483
2016-04-01,0.9805054867869254,0.019494513213074466
2016-04-04,0.8771556924023935,0.12284430759760619
2016-04-11,0.47394786278249945,0.5260521372175007
2016-04-18,0.9956660462346167,0.004333953765383438
2016-04-27,0.9894641407994532,0.010535859200546881
2016-05-02,0.9605911136455644,0.03940888635443566
2016-05-09,0.06430520479846677,0.9356947952015334
2016-05-20,0.9932906519240827,0.006709348075916976
2016-05-26,0.9912069545993267,0.008793045400673145
2016-06-01,0.9874902669895516,0.012509733010448238
2016-06-02,0.9903548092115649,0.00964519078843522
2016-06-03,3.4865906632399756e-05,0.9999651340933674
2016-06-06,0.9911251169453298,0.008874883054670216
2016-06-15,0.8906672919222751,0.10933270807772517
2016-06-27,0.23655613111934864,0.7634438688806513
2016-07-05,0.2827388934238919,0.7172611065761082
2016-07-18,0.9956007989750273,0.004399201024972734
2016-07-22,0.9955731032272481,0.004426896772751719
2016-07-27,0.7379036863341843,0.2620963136658153
2016-08-01,0.8563988631843932,0.14360113681560657
2016-08-03,0.9855526771843266,0.014447322815673427
2016-08-11,0.9874307189917382,0.012569281008262106
2016-08-12,0.9944545064224741,0.005545493577526045
2016-08-18,0.9887741934328302,0.011225806567169788
2016-08-24,0.01092332072501125,0.989076679274989
2016-08-31,0.9880333030574873,0.011966696942512837
2016-09-06,0.7282522684220955,0.2717477315779047
2016-09-13,0.754963421007934,0.24503657899206618
2016-09-15,0.9934245600546816,0.006575439945318005
2016-09-19,0.995059482645493,0.0049405173545069994
2016-09-21,0.1959072379925112,0.8040927620074886
2016-09-22,0.8348964769663445,0.1651035230336558
2016-09-23,0.964951718113789,0.035048281886211424
2016-10-03,0.9892425593190065,0.010757440680993605
2016-10-04,0.0001400442893826832,0.9998599557106174
2016-10-06,0.9845374172686686,0.015462582731331161
2016-10-11,0.9651070098499708,0.034892990150029356
2016-10-13,0.9880604925213735,0.011939507478626392
2016-10-14,0.9885837406911193,0.011416259308880457
2016-10-17,0.9926952893407673,0.007304710659232861
2016-10-19,0.9896605914174281,0.010339408582571695
2016-10-25,0.9793035173804402,0.020696482619559958
2016-10-31,0.922166715997754,0.07783328400224566
2016-11-01,0.9698045598257895,0.03019544017421043
2016-11-10,0.0018063589675340462,0.9981936410324661
2016-11-15,0.9141945219565857,0.08580547804341437
2016-11-17,0.9845725285832276,0.01542747141677242
2016-11-21,0.8740160527748195,0.12598394722518036
2016-11-28,0.9294268727677435,0.07057312723225638
2016-11-30,0.6243224887435828,0.37567751125641724
2016-12-05,0.9783275298033794,0.021672470196620303
2016-12-09,0.910400294169647,0.08959970583035315
2016-12-12,0.9954048959220035,0.004595104077996322
2016-12-15,0.004591762521447709,0.9954082374785523
2016-12-19,0.9711637277267682,0.028836272273231406
2016-12-22,0.9956480380112114,0.00435196198878872
2016-12-27,0.9603258133339978,0.03967418666600216
2016-12-29,0.3228646342457475,0.6771353657542523
2017-01-04,0.9778677100402815,0.022132289959718585
2017-01-09,0.9859640144339433,0.014035985566056544
2017-01-17,0.9395858820971201,0.06041411790287972
2017-01-18,0.9904312697400952,0.009568730259904604
2017-01-19,0.8158966657884245,0.18410333421157576
2017-01-23,0.8591888885516731,0.1408111114483268
2017-01-26,0.9731235862493494,0.026876413750650606
2017-01-30,0.9809205274450241,0.019079472554976058
2017-02-02,0.9888737006646497,0.011126299335350023
2017-02-09,0.9766602681918529,0.02333973180814701
2017-02-13,0.9897625765005313,0.010237423499468632
2017-02-16,0.9430586260512832,0.05694137394871647
2017-02-21,0.992222740508318,0.007777259491681938
2017-02-22,0.9895149303964498,0.010485069603550196
2017-02-27,0.7776783346244368,0.22232166537556308
2017-02-28,0.9933216235831928,0.00667837641680717
2017-03-01,0.5150254159131007,0.484974584086899
2017-03-03,0.9947168239059098,0.005283176094090352
2017-03-06,0.973683403869463,0.026316596130537124
2017-03-15,0.1747073148099232,0.8252926851900767
2017-03-17,0.9942980691707408,0.005701930829259012
2017-03-22,0.9919769730975077,0.008023026902492444
2017-03-27,0.9889533036101931,0.011046696389806399
2017-03-28,0.9631935135476146,0.036806486452385184
2017-03-30,0.995293495608157,0.004706504391843068
2017-04-03,0.9843098500158375,0.015690149984162315
2017-04-04,0.9937827391204221,0.006217260879577616
2017-04-05,0.9941666376278702,0.005833362372129978
2017-04-06,0.9959742357693055,0.004025764230694232
2017-04-10,0.9949276668957671,0.005072333104233077
2017-04-11,0.9775143685141302,0.02248563148586975
2017-04-13,0.988214012495644,0.011785987504355635
2017-04-17,0.9847772639444775,0.015222736055521973
2017-04-18,0.9838962175670851,0.016103782432915145
2017-04-20,0.9928010375120919,0.007198962487908004
2017-04-24,0.8137394452772986,0.18626055472270134
2017-04-25,0.9136887934247218,0.08631120657527809
2017-04-27,0.9817568855376836,0.018243114462316242
2017-04-28,0.9881191394503295,0.011880860549670334
2017-05-04,0.8934324784352139,0.10656752156478617
2017-05-08,0.9929374821032202,0.0070625178967797814
2017-05-09,0.9876030473708034,0.012396952629196541
2017-05-10,0.9922686064713645,0.007731393528635824
2017-05-11,0.9820893968828543,0.01791060311714536
2017-05-15,0.9953745605586782,0.004625439441322014
2017-05-17,0.5852952912271799,0.41470470877281984
2017-05-22,0.9936891438064358,0.006310856193564319
2017-05-25,0.9860508068176578,0.0139491931823421
2017-05-30,0.9882404932484069,0.0117595067515929
2017-06-01,0.9908675754107007,0.00913242458929973
2017-06-05,0.9950774084389323,0.004922591561067575
2017-06-06,0.7673417505080112,0.23265824949198874
2017-06-08,0.992939160669396,0.007060839330604095
2017-06-12,0.9841295366483692,0.015870463351630705
2017-06-13,0.9946746046887552,0.0053253953112450325
2017-06-15,0.8927724542444327,0.10722754575556695
2017-06-19,0.98678797702696,0.013212022973040355
2017-06-20,0.9894685018104582,0.010531498189541789
2017-06-21,0.9903095874665906,0.009690412533409397
2017-06-22,0.9906803244099833,0.009319675590016872
2017-06-23,0.9934473609924096,0.00655263900759037
2017-06-26,0.9951891247455888,0.0048108752544111155
2017-06-29,0.9646263568025025,0.03537364319749733
2017-07-03,0.9784694130159123,0.021530586984087607
2017-07-05,0.9853886328676031,0.014611367132396863
2017-07-06,0.992477737746088,0.0075222622539116825
2017-07-10,0.9845407038914953,0.015459296108504345
2017-07-11,0.9930828411453568,0.006917158854643481
2017-07-12,0.9540549707426841,0.045945029257316
2017-07-13,0.9911814527166933,0.008818547283306664
2017-07-17,0.9942913426184479,0.0057086573815522314
2017-07-18,0.9763652577268577,0.023634742273142613
2017-07-21,0.9867865762492956,0.013213423750704703
2017-07-24,0.9920332198694854,0.00796678013051457
2017-07-25,0.9767123747021488,0.023287625297851517
2017-07-27,0.9623143564255496,0.03768564357445064
2017-07-31,0.9950478156939793,0.00495218430602087
2017-08-02,0.9929642983210251,0.007035701678974865
2017-08-03,0.9926176001560183,0.007382399843981431
2017-08-07,0.9949100392332133,0.0050899607667866656
2017-08-09,0.9902898877427104,0.009710112257289984
2017-08-10,0.9182308101961821,0.0817691898038177
2017-08-14,0.9860167733733425,0.01398322662665807
2017-08-15,0.9823672990003806,0.01763270099961938
2017-08-17,0.9767050265137822,0.02329497348621762
2017-08-21,0.9920389607911559,0.007961039208843956
2017-08-24,0.9951612763157826,0.004838723684217399
2017-08-25,0.9935584106370617,0.006441589362938045
2017-08-28,0.9636386693161658,0.03636133068383444
2017-08-30,0.9770805667284306,0.022919433271569697
2017-09-05,0.9761416757763788,0.023858324223620782
2017-09-06,0.99288177735897,0.007118222641030245
2017-09-07,0.986721820938981,0.013278179061019019
2017-09-08,0.9842016492086113,0.015798350791388766
2017-09-11,0.9595575855289337,0.040442414471066376
2017-09-12,0.9846792424159301,0.01532075758406995
2017-09-14,0.9951508681563934,0.0048491318436067205
2017-09-15,0.9943668880479055,0.0056331119520944
2017-09-18,0.9935552834139703,0.0064447165860300705
2017-09-19,0.9955039363405325,0.00449606365946761
2017-09-21,0.9820611183904756,0.017938881609524848
2017-09-22,0.9946977023586431,0.005302297641356852
2017-09-25,0.9912551035933765,0.00874489640662331
2017-09-28,0.994436992581155,0.005563007418844913
2017-09-29,0.9923384718897679,0.007661528110232106
2017-10-02,0.9851895649254763,0.014810435074524125
2017-10-03,0.9953150762324143,0.004684923767585739
2017-10-05,0.9916698476777054,0.008330152322294978
2017-10-10,0.9659770276980524,0.034022972301947875
2017-10-12,0.9955173528007563,0.004482647199243935
2017-10-13,0.9901429569928236,0.009857043007176472
2017-10-16,0.9943383578333982,0.005661642166601785
2017-10-18,0.9954219969966132,0.004578003003386832
2017-10-20,0.9832116476909045,0.01678835230909549
2017-10-23,0.9933861356799352,0.006613864320064801
2017-10-24,0.9940590204785942,0.005940979521405816
2017-10-25,0.9933244644479746,0.006675535552025403
2017-10-27,0.9947035887939709,0.005296411206029372
2017-10-30,0.9889288039125219,0.01107119608747819
2017-11-02,0.9954448473827684,0.004555152617231656
2017-11-06,0.9759348797328478,0.024065120267152296
2017-11-10,0.9910651116323882,0.008934888367611863
2017-11-13,0.9957711442739801,0.004228855726019619
2017-11-16,0.9906385694277564,0.00936143057224335
2017-11-17,0.9815497757949018,0.01845022420509819
2017-11-20,0.9940725317825553,0.005927468217444458
2017-11-21,0.9951525532881347,0.004847446711865748
2017-11-24,0.994768229934366,0.005231770065634281
2017-11-27,0.9956408843309286,0.004359115669071381
2017-11-29,0.9931785468691237,0.006821453130876007
2017-11-30,0.9856416907347594,0.014358309265240673
2017-12-04,0.9927440481166213,0.0072559518833786515
2017-12-06,0.9886281752178367,0.011371824782163023
2017-12-07,0.994029221350379,0.005970778649620943
2017-12-11,0.9953167639994207,0.004683236000579365
2017-12-13,0.9575443803207199,0.04245561967927973
2017-12-18,0.9874822531038939,0.012517746896105898
2017-12-19,0.9857054827152337,0.014294517284766672
2017-12-20,0.9922292339143246,0.007770766085675537
2017-12-21,0.9957411388642898,0.004258861135710225
2017-12-22,0.9946464975683712,0.005353502431628917
2017-12-26,0.9851691958425299,0.014830804157470198
2017-12-28,0.9942610931177942,0.005738906882205711
2017-12-29,0.9912628072332366,0.008737192766763317
2018-01-02,0.9515105727293367,0.04848942727066322
2018-01-03,0.9933104682235789,0.00668953177642115
2018-01-04,0.9925348559118834,0.0074651440881162694
2018-01-05,0.9880367644572086,0.011963235542791795
2018-01-08,0.9951272991677118,0.0048727008322878105
2018-01-09,0.98752975483968,0.012470245160320055
2018-01-11,0.9949679900550755,0.00503200994492464
2018-01-16,0.992568265684832,0.007431734315167804
2018-01-17,0.9918120015814541,0.008187998418545981
2018-01-18,0.9937213379538768,0.0062786620461233135
2018-01-19,0.9935774678104267,0.006422532189573433
2018-01-22,0.9949274549456462,0.005072545054353754
2018-01-23,0.9928993896001506,0.0071006103998493535
2018-01-24,0.9546605485187838,0.04533945148121637
2018-01-25,0.9229225191529784,0.07707748084702191
2018-01-29,0.966227312384142,0.03377268761585839
2018-01-31,0.9919560693922496,0.008043930607750407
2018-02-05,0.0032428179962046616,0.9967571820037952
2018-02-07,0.9751839662423357,0.02481603375766417
2018-02-08,0.039945397270512065,0.9600546027294878
2018-02-12,0.9438567874015058,0.05614321259849463
2018-02-14,0.49005058405812063,0.5099494159418795
2018-02-15,0.9679815915651082,0.03201840843489181
2018-02-20,0.9836256793447317,0.01637432065526831
2018-02-21,0.992099193908832,0.007900806091167722
2018-02-22,0.9938531539231316,0.006146846076868044
2018-02-23,0.9853891340659394,0.01461086593406031
2018-02-26,0.9925695457183671,0.007430454281632745
2018-02-27,0.9696007724711451,0.030399227528854933
2018-02-28,0.9808047799779726,0.019195220022027535
2018-03-01,0.9488733222202179,0.051126677779782026
2018-03-02,0.9686784413723725,0.0313215586276273
2018-03-05,0.9930187382347775,0.00698126176522256
2018-03-07,0.9785962304689727,0.02140376953102722
2018-03-08,0.9933072806512738,0.00669271934872624
2018-03-12,0.9942885127142931,0.005711487285707464
2018-03-13,0.9925551638483576,0.007444836151642575
2018-03-14,0.9942446549730738,0.00575534502692618
2018-03-16,0.9959197814719343,0.004080218528065548
2018-03-19,0.9648289596447714,0.03517104035522884
2018-03-21,0.9697867978040385,0.03021320219596118
2018-03-22,0.4776081998606581,0.5223918001393419
2018-03-26,0.9256133147531106,0.07438668524688981
2018-03-27,0.9864742337568476,0.013525766243152715
2018-03-28,0.9926801100081999,0.007319889991799794
2018-03-29,0.9883173672678727,0.011682632732127586
2018-04-02,0.9231350365266264,0.07686496347337377
2018-04-03,0.9928666160099511,0.007133383990048946
2018-04-04,0.992556015170712,0.0074439848292881545
2018-04-05,0.9593154383363125,0.04068456166368743
2018-04-09,0.9806155488181278,0.01938445118187205
2018-04-10,0.974676480442169,0.025323519557830666
2018-04-11,0.9872163056782975,0.012783694321702488
2018-04-13,0.9941272375744505,0.005872762425549456
2018-04-16,0.9942426096802729,0.005757390319726697
2018-04-17,0.9934963034837123,0.006503696516287587
2018-04-19,0.9845713760455368,0.01542862395446358
2018-04-20,0.9740196630669373,0.02598033693306222
2018-04-23,0.9870313406254464,0.012968659374553517
2018-04-24,0.9906867592949652,0.009313240705034614
2018-04-25,0.9926661389388627,0.0073338610611373605
2018-04-26,0.9940771210014281,0.0059228789985722365
2018-04-27,0.9960942698956667,0.0039057301043333307
2018-04-30,0.9863647037265986,0.013635296273401548
2018-05-01,0.9824930135484872,0.017506986451512885
2018-05-02,0.993830288495643,0.006169711504356959
2018-05-03,0.9929616752822286,0.0070383247177714285
2018-05-04,0.9921977345032585,0.007802265496741066
2018-05-07,0.9957180702569243,0.004281929743075566
2018-05-09,0.9929952974650552,0.007004702534944537
2018-05-10,0.9927207034450116,0.007279296554988349
2018-05-11,0.9913936414597465,0.008606358540253599
2018-05-14,0.9957191469981067,0.004280853001893371
2018-05-15,0.9038907092098161,0.0961092907901839
2018-05-17,0.9958249422108187,0.0041750577891815025
2018-05-18,0.9957789335491274,0.004221066450872344
2018-05-21,0.9933093288319791,0.006690671168020944
2018-05-22,0.9948340935042099,0.005165906495790527
2018-05-23,0.9934138292870192,0.006586170712980792
2018-05-24,0.9896570299620062,0.010342970037993667
2018-05-25,0.9942708555190365,0.005729144480963061
2018-05-29,0.9449764091016147,0.05502359089838561
2018-05-30,0.9864632878680663,0.013536712131933786
2018-06-01,0.9858828237953523,0.014117176204647666
2018-06-04,0.9752148357068171,0.024785164293183146
2018-06-05,0.9946608311149283,0.005339168885071697
2018-06-06,0.9929260379566237,0.007073962043376553
2018-06-07,0.9948379289295002,0.005162071070499673
2018-06-08,0.995749117330261,0.004250882669739176
2018-06-11,0.9943180636233161,0.005681936376683934
2018-06-12,0.9958269025167374,0.004173097483262817
2018-06-13,0.9957849820868603,0.004215017913139781
2018-06-14,0.9882025496600624,0.011797450339937838
2018-06-15,0.9495901599513359,0.050409840048664036
2018-06-18,0.9950728122870952,0.004927187712904968
2018-06-19,0.9806282543831886,0.019371745616811403
2018-06-20,0.9955232019385877,0.004476798061412112
2018-06-21,0.9938621687806123,0.006137831219388047
2018-06-22,0.9914568857281372,0.008543114271862686
2018-06-25,0.8987649443303403,0.10123505566965992
2018-06-26,0.9956156440335299,0.004384355966470226
2018-06-27,0.9844323724781278,0.015567627521871902
2018-06-28,0.9945099788768077,0.0054900211231919335
2018-06-29,0.9907177241738507,0.00928227582614917
2018-07-02,0.901086134941608,0.0989138650583923
2018-07-03,0.9918691898202285,0.008130810179771407
2018-07-05,0.9893945422063408,0.01060545779365893
2018-07-06,0.9882846776287286,0.0117153223712713
2018-07-09,0.9922876336126967,0.007712366387303343
2018-07-10,0.99391343073903,0.0060865692609699835
2018-07-11,0.34873770195468523,0.651262298045315
2018-07-12,0.989815220195456,0.010184779804543518
2018-07-13,0.9956039634571725,0.004396036542827688
2018-07-16,0.9880576869296238,0.011942313070376319
2018-07-17,0.9961503483103149,0.0038496516896853196
2018-07-18,0.995496262531611,0.004503737468389119
2018-07-19,0.9940429970400269,0.005957002959972859
2018-07-20,0.9895743964374584,0.010425603562541913
2018-07-23,0.9927639311960463,0.007236068803953532
2018-07-24,0.9943830058589338,0.005616994141066148
2018-07-25,0.9923447488992979,0.007655251100702036
2018-07-26,0.9841048817968151,0.015895118203184892
2018-07-27,0.9957709606647602,0.004229039335239476
2018-07-30,0.9923682385729904,0.007631761427009271
2018-07-31,0.9958093617410567,0.004190638258943288
2018-08-01,0.9775700709407203,0.02242992905927945
2018-08-02,0.9955033966530159,0.0044966033469838506
2018-08-03,0.9952869681798708,0.004713031820129216
2018-08-06,0.9950980727836681,0.004901927216331534
2018-08-07,0.9907956873637949,0.009204312636205112
2018-08-08,0.995171455248401,0.00482854475159918
2018-08-09,0.996146930774842,0.0038530692251578895
2018-08-10,0.9804491780835065,0.01955082191649368
2018-08-13,0.9798096954690239,0.020190304530976
2018-08-14,0.9934308072943775,0.00656919270562252
2018-08-15,0.09362884869827819,0.9063711513017225
2018-08-16,0.8685232293509795,0.1314767706490207
2018-08-17,0.9908064602603959,0.009193539739604111
2018-08-20,0.9947315709519978,0.005268429048002212
2018-08-21,0.995127016242151,0.004872983757849178
2018-08-22,0.9956933107345124,0.004306689265487993
2018-08-23,0.9816218672600062,0.018378132739993676
2018-08-24,0.9738009464481958,0.026199053551804064
2018-08-27,0.9902177281785164,0.009782271821483932
2018-08-28,0.9929448110701514,0.007055188929848455
2018-08-29,0.9949510916879275,0.0050489083120730536
2018-08-30,0.9922823964675851,0.0077176035324152
2018-08-31,0.995060166291298,0.004939833708702091
2018-09-04,0.9128074739516479,0.0871925260483519
2018-09-05,0.9936560870427046,0.006343912957295757
2018-09-06,0.9927799578840585,0.007220042115941168
2018-09-07,0.9902258394440066,0.009774160555993137
2018-09-10,0.9887106851099992,0.011289314890000662
2018-09-12,0.9800516178836479,0.019948382116351925
2018-09-13,0.9872739786329982,0.012726021367001494
2018-09-14,0.9955880061671504,0.004411993832849643
2018-09-17,0.9824779826203432,0.01752201737965694
2018-09-19,0.9875456960129099,0.012454303987090208
2018-09-20,0.9875890487071594,0.012410951292841166
2018-09-21,0.992736083171504,0.007263916828496139
2018-09-24,0.9938304453090282,0.00616955469097163
2018-09-25,0.995312730783702,0.004687269216297969
2018-09-26,0.9869940249980168,0.01300597500198349
2018-09-27,0.9958279727175553,0.0041720272824444455
2018-09-28,0.9917332382300736,0.008266761769925964
2018-10-01,0.9770259690411571,0.022974030958843098
2018-10-02,0.9769582420556644,0.023041757944335786
2018-10-03,0.9818318932160066,0.018168106783993505
2018-10-04,0.9773297838826267,0.022670216117373205
2018-10-05,0.9914519589319937,0.00854804106800659
2018-10-09,0.9912453856702321,0.008754614329768085
2018-10-10,0.1668539856580114,0.8331460143419885
2018-10-11,0.00020808934029737362,0.9997919106597027
2018-10-12,0.9888142455600901,0.011185754439909898
2018-10-15,0.9789069760652114,0.02109302393478819
2018-10-16,0.8941796473110071,0.10582035268899329
2018-10-17,0.9951314972806216,0.0048685027193780565
2018-10-18,0.9396142974987107,0.06038570250128925
2018-10-19,0.99479059727928,0.005209402720719751
2018-10-22,0.9940672419027573,0.005932758097242625
2018-10-23,0.9745744993926391,0.025425500607361595
2018-10-24,0.37837346021202856,0.6216265397879717
2018-10-25,0.4694621574531611,0.5305378425468384
2018-10-26,0.9099766832837182,0.09002331671628165
2018-10-29,0.9940736121750394,0.005926387824960349
2018-10-30,0.8676178129736025,0.1323821870263978
2018-10-31,0.9442589931067074,0.05574100689329222
2018-11-01,0.9105700625813726,0.08942993741862738
2018-11-05,0.9955422605313563,0.004457739468643743
2018-11-06,0.9913551149253623,0.008644885074637837
2018-11-07,0.8866586109875447,0.11334138901245523
2018-11-08,0.9941948402574692,0.0058051597425311675
2018-11-09,0.9855237926515759,0.01447620734842434
2018-11-13,0.9928788897490465,0.007121110250953156
2018-11-14,0.15038188550153403,0.8496181144984657
2018-11-15,0.053222890989252904,0.9467771090107467
2018-11-16,0.9822203060117356,0.01777969398826446
2018-11-19,0.8353853097937576,0.164614690206243
2018-11-20,0.39271998958883386,0.6072800104111664
2018-11-21,0.9793813620539223,0.020618637946077805
2018-11-23,0.7451282576086955,0.2548717423913044
2018-11-26,0.9800097290378819,0.019990270962118122
2018-11-27,0.993622727846932,0.006377272153068232
2018-11-28,0.8314374366150235,0.16856256338497658
2018-11-29,0.963191725487935,0.03680827451206472
2018-11-30,0.995421749948995,0.004578250051005216
2018-12-03,0.9782305948435537,0.021769405156446174
2018-12-04,0.056905444519109026,0.9430945554808915
2018-12-06,0.9200717915960596,0.07992820840394002
2018-12-07,0.45967608774614466,0.5403239122538557
2018-12-10,0.9901524461504609,0.009847553849539364
2018-12-11,0.9955513339493919,0.004448666050608357
2018-12-12,0.9472105099242513,0.05278949007574878
2018-12-13,0.9950995533059025,0.0049004466940976935
2018-12-14,0.8233963720659596,0.17660362793404077
2018-12-17,0.5975972302813206,0.4024027697186793
2018-12-18,0.9794477317286512,0.020552268271348668
2018-12-19,0.03508474067927001,0.9649152593207301
2018-12-20,0.0032760799195909796,0.9967239200804091
2018-12-21,0.9123864669407444,0.087613533059256
2018-12-24,0.0676522736781315,0.9323477263218687
2018-12-26,0.008159077840190041,0.9918409221598095
2018-12-27,0.9887920756795247,0.011207924320475012
2018-12-28,0.989049501023869,0.010950498976131045
2018-12-31,0.9397490479159357,0.06025095208406405
2019-01-02,0.99559453591334,0.004405464086660332
2019-01-03,0.5347168065566311,0.4652831934433691
2019-01-04,0.06797292106788276,0.9320270789321171
2019-01-07,0.9900217687263555,0.009978231273644446
2019-01-08,0.9912872814030509,0.008712718596948936
2019-01-09,0.9823813155763729,0.017618684423627348
2019-01-10,0.991091752948523,0.008908247051477608
2019-01-11,0.9962617610570982,0.0037382389429015533
2019-01-14,0.9925288078977141,0.007471192102285894
2019-01-15,0.9762495201149408,0.02375047988505936
2019-01-16,0.9961202445746127,0.0038797554253876113
2019-01-17,0.9957829361442843,0.004217063855715374
2019-01-18,0.8962372049600387,0.10376279503996133
2019-01-22,0.880794095086394,0.11920590491360618
2019-01-23,0.9964570062914205,0.003542993708579452
2019-01-24,0.9951236531907116,0.00487634680928847
2019-01-25,0.9533451037268242,0.04665489627317527
2019-01-28,0.9508313601208344,0.04916863987916555
2019-01-29,0.9863137568483377,0.01368624315166243
2019-01-30,0.9881203575884313,0.011879642411568487
2019-01-31,0.9314955471973644,0.0685044528026355
2019-02-01,0.9951963995724326,0.004803600427567676
2019-02-04,0.9939483409413031,0.0060516590586967185
2019-02-05,0.9929731370665669,0.007026862933433518
2019-02-06,0.9948557866877598,0.005144213312239749
2019-02-07,0.9760960296666261,0.02390397033337417
2019-02-08,0.9940171889425133,0.005982811057486472
2019-02-11,0.9931270853833296,0.006872914616670569
2019-02-12,0.9839256095843396,0.016074390415660746
2019-02-13,0.9960361806351195,0.003963819364880723
2019-02-14,0.9955109218798538,0.004489078120146138
2019-02-15,0.9842463291932821,0.01575367080671744
2019-02-19,0.954134139456297,0.04586586054370251
2019-02-20,0.9957688605817041,0.0042311394182959604
2019-02-21,0.9931066432313751,0.0068933567686251225
2019-02-22,0.9954440516674546,0.00455594833254535
2019-02-25,0.9900336734956175,0.00996632650438257
2019-02-26,0.99568095877101,0.004319041228989945
2019-02-27,0.9904718083990923,0.009528191600907388
2019-02-28,0.9955961286521166,0.004403871347883171
2019-03-01,0.9857556279698002,0.014244372030199582
2019-03-04,0.9949190787238524,0.005080921276147801
2019-03-05,0.9951498258117034,0.0048501741882967025
2019-03-06,0.97835856665495,0.02164143334505017
2019-03-07,0.9899394509416536,0.010060549058346678
2019-03-08,0.9480120920143328,0.05198790798566733
2019-03-11,0.9824424538941694,0.017557546105830234
2019-03-12,0.9895056495865746,0.010494350413425568
2019-03-13,0.9931977103248939,0.006802289675106698
2019-03-14,0.9888852120622915,0.011114787937708976
2019-03-15,0.9945408906084544,0.005459109391545095
2019-03-18,0.9925156199757473,0.007484380024252353
2019-03-19,0.9963843586980463,0.00361564130195337
2019-03-20,0.9895529190378107,0.010447080962189152
2019-03-21,0.9911679723776433,0.008832027622356797
2019-03-22,0.7959321017486147,0.20406789825138547
2019-03-25,0.9867000466741008,0.013299953325899175
2019-03-26,0.9925809126070598,0.007419087392940057
2019-03-27,0.9922361783929057,0.007763821607094329
2019-03-28,0.9891468705528743,0.010853129447125479
2019-03-29,0.9950278959439083,0.004972104056091756
2019-04-01,0.961394921018845,0.038605078981154776
2019-04-02,0.9961956256324496,0.003804374367550278
2019-04-03,0.9956070796976549,0.004392920302344922
2019-04-04,0.9906508030885591,0.009349196911440425
2019-04-05,0.9961212065261397,0.003878793473860255
2019-04-08,0.9948206429842591,0.005179357015741088
2019-04-09,0.9944406478048086,0.005559352195191326
2019-04-10,0.991089106140912,0.00891089385908812
2019-04-11,0.9911856936858493,0.008814306314150361
2019-04-12,0.9936411653591739,0.006358834640826239
2019-04-15,0.9953004254887917,0.004699574511208387
2019-04-16,0.9936196371348675,0.0063803628651329155
2019-04-17,0.9958409849782258,0.004159015021774165
2019-04-18,0.9943738037033985,0.005626196296601112
2019-04-22,0.9923103443688002,0.007689655631199943
2019-04-23,0.9933244352627555,0.006675564737245022
2019-04-24,0.9936219738567323,0.006378026143267582
2019-04-25,0.9947953725857553,0.00520462741424476
2019-04-26,0.9695426446696666,0.030457355330333266
2019-04-29,0.9911765921888256,0.008823407811174324
2019-04-30,0.9952127896794674,0.004787210320532704
2019-05-01,0.9852074027150759,0.014792597284923572
2019-05-02,0.9852410679326042,0.014758932067396023
2019-05-03,0.993842923791487,0.0061570762085131235
2019-05-06,0.9939122960855998,0.00608770391440027
2019-05-07,0.8908976979357698,0.10910230206423034
2019-05-08,0.9901561828247277,0.009843817175272074
2019-05-09,0.9921207803644543,0.007879219635545824
2019-05-10,0.9951166523907182,0.004883347609282215
2019-05-13,0.48324386012346676,0.5167561398765333
2019-05-14,0.9799342931927085,0.020065706807291514
2019-05-15,0.9947640424813636,0.005235957518636475
2019-05-16,0.9855182183287179,0.014481781671282164
2019-05-17,0.992916242542793,0.007083757457206557
2019-05-20,0.9930467570773833,0.006953242922616235
2019-05-21,0.9940773800280007,0.005922619971999488
2019-05-22,0.9864647404625422,0.013535259537457838
2019-05-23,0.9111395943596075,0.08886040564039252
2019-05-24,0.9895809042961639,0.010419095703836314
2019-05-28,0.9759623344451138,0.024037665554885828
2019-05-29,0.9820147048515729,0.017985295148427574
2019-05-30,0.9903489180290198,0.0096510819709804
2019-05-31,0.08448919005723543,0.9155108099427649
2019-06-03,0.9019435694213489,0.09805643057865149
2019-06-04,0.9548848104219742,0.04511518957802561
2019-06-05,0.7748811723128111,0.22511882768718927
2019-06-06,0.994262267323054,0.00573773267694597
2019-06-07,0.9681602970423486,0.0318397029576516
2019-06-10,0.9933094419966805,0.006690558003319571
2019-06-11,0.9955536515197428,0.004446348480257376
2019-06-12,0.9923460780547624,0.00765392194523704
2019-06-13,0.9937127103995201,0.006287289600479619
2019-06-14,0.9948644731143393,0.005135526885660369
2019-06-17,0.9953218624128667,0.004678137587133288
2019-06-18,0.9899601463780454,0.010039853621954264
2019-06-19,0.9878317764914532,0.012168223508547075
2019-06-20,0.6170421224334689,0.38295787756653077
2019-06-21,0.9939370942102461,0.006062905789753859
2019-06-24,0.9632661847717389,0.036733815228261815
2019-06-25,0.9788591710887045,0.021140828911295158
2019-06-26,0.991623576678433,0.008376423321566644
2019-06-27,0.9947526222113595,0.005247377788640671
2019-06-28,0.9885497443278721,0.01145025567212793
2019-07-01,0.9473730585156178,0.0526269414843821
2019-07-05,0.9648770351469745,0.035122964853025594
2019-07-08,0.994489030673262,0.005510969326738106
2019-07-09,0.9942977926508254,0.0057022073491742545
2019-07-10,0.9477771406107655,0.05222285938923445
2019-07-11,0.9945737758750104,0.005426224124989202
2019-07-12,0.9951575012709052,0.0048424987290950836
2019-07-15,0.9942556832770775,0.00574431672292234
2019-07-16,0.9827050478295443,0.017294952170455926
2019-07-17,0.9354560958899706,0.0645439041100292
2019-07-18,0.9043287840000818,0.09567121599991807
2019-07-19,0.9932043278330938,0.006795672166905927
2019-07-22,0.9960795444577336,0.003920455542266216
2019-07-23,0.9936466142421793,0.006353385757820292
2019-07-24,0.9927624094169611,0.007237590583039069
2019-07-25,0.990220496420047,0.00977950357995309
2019-07-26,0.9951183253531006,0.004881674646899363
2019-07-29,0.994486890532287,0.005513109467712866
2019-07-30,0.9940323033438206,0.005967696656179351
2019-07-31,0.32768056933938045,0.6723194306606197
2019-08-01,0.0016072803694156662,0.9983927196305844
2019-08-02,0.6888436897233359,0.31115631027666396
2019-08-05,0.005978167757425552,0.9940218322425746
2019-08-06,0.9938780519955569,0.006121948004443515
2019-08-07,0.9670145993082966,0.032985400691703734
2019-08-09,0.9862040453203645,0.013795954679636012
2019-08-12,0.9532815447001267,0.046718455299873084
2019-08-13,0.9706024981240075,0.02939750187599245
2019-08-14,0.23306665234885018,0.7669333476511501
2019-08-15,0.9941668623688744,0.005833137631124929
2019-08-16,0.9785898284298556,0.021410171570143962
2019-08-19,0.9785722917900901,0.02142770820990976
2019-08-20,0.9720405580400113,0.027959441959988843
2019-08-21,0.9943609448784227,0.005639055121577554
2019-08-22,0.9950275050496904,0.004972494950309456
2019-08-23,0.14481495025277777,0.8551850497472222
2019-08-26,0.9945089744698007,0.005491025530199019
2019-08-27,0.9777493526312782,0.0222506473687221
2019-08-28,0.9941433692708723,0.00585663072912805
2019-08-29,0.953706113013092,0.04629388698690798
2019-08-30,0.9928230858335956,0.007176914166404431
2019-09-03,0.9904856181514118,0.009514381848587737
2019-09-04,0.9382563130917986,0.0617436869082013
2019-09-05,0.5431304314995362,0.45686956850046434
2019-09-06,0.9511200311658741,0.04887996883412632
2019-09-09,0.9738031534674799,0.026196846532520034
2019-09-10,0.9874417245612136,0.012558275438786366
2019-09-11,0.9784800191436444,0.021519980856355425
2019-09-12,0.9921426796273717,0.007857320372627812
2019-09-13,0.989422726965981,0.010577273034018887
2019-09-16,0.004920259726926244,0.995079740273074
2019-09-17,0.44787029311560467,0.5521297068843952
2019-09-18,0.9859563117589638,0.01404368824103581
2019-09-19,0.9929902784977661,0.0070097215022337294
2019-09-20,0.9909378214531201,0.00906217854687984
2019-09-23,0.98417196922569,0.01582803077431002
2019-09-24,0.9873577111156806,0.01264228888431896
2019-09-25,0.9409404810606392,0.059059518939360824
2019-09-26,0.9935771395938847,0.006422860406115377
2019-09-30,0.9824867216507553,0.017513278349244456
2019-10-01,0.9799298164666955,0.020070183533304434
2019-10-02,0.7450712377035246,0.25492876229647515
2019-10-03,0.9760517631163685,0.02394823688363187
2019-10-04,0.9851124419250837,0.014887558074916327
2019-10-07,0.9957225138160659,0.00427748618393417
2019-10-08,0.853040302263842,0.146959697736158
2019-10-09,0.9934140210231464,0.006585978976853585
2019-10-10,0.9905179801014418,0.009482019898558226
2019-10-15,0.9551125662852147,0.044887433714785235
2019-10-16,0.9940822134144838,0.005917786585516221
2019-10-17,0.9937000003477594,0.0062999996522404
2019-10-21,0.9880830680551081,0.011916931944892116
2019-10-22,0.9952376441296531,0.004762355870347019
2019-10-23,0.9946334268205635,0.005366573179436277
2019-10-25,0.9917102196012345,0.008289780398765201
2019-10-28,0.9923241295034574,0.007675870496542805
2019-10-29,0.9961988263792555,0.0038011736207447908
2019-10-30,0.995981233549465,0.00401876645053513
2019-10-31,0.933837601657119,0.06616239834288143
2019-11-01,0.9826205577155458,0.017379442284454164
2019-11-04,0.9916788395956425,0.008321160404357182
2019-11-05,0.9800855893666871,0.019914410633313083
2019-11-06,0.9905548402983003,0.00944515970169948
2019-11-08,0.9962760835009472,0.0037239164990531867
2019-11-12,0.9952589996819297,0.004741000318070746
2019-11-13,0.995095789361797,0.004904210638202951
2019-11-14,0.9950605480323287,0.004939451967670884
2019-11-15,0.9936896653553617,0.00631033464463822
2019-11-18,0.9809014857339338,0.01909851426606633
2019-11-19,0.9946503228522177,0.005349677147782521
2019-11-20,0.9926239430704057,0.007376056929594476
2019-11-21,0.9880313586854972,0.011968641314502537
2019-11-25,0.9922452830049077,0.007754716995092007
2019-11-26,0.9934339441087541,0.006566055891246008
2019-11-29,0.8897867261940791,0.11021327380592105
2019-12-02,0.9871046509792459,0.012895349020754015
2019-12-03,0.9367868069227584,0.06321319307724171
2019-12-04,0.9926575513417449,0.007342448658254522
2019-12-05,0.9959802482752776,0.00401975172472211
2019-12-06,0.9790774646656247,0.02092253533437555
2019-12-09,0.9953713509369255,0.00462864906307427
2019-12-10,0.9950075768409229,0.00499242315907736
2019-12-13,0.9780000743103625,0.021999925689637493
2019-12-16,0.983215270110985,0.016784729889015148
2019-12-17,0.9960369984378002,0.003963001562199441
2019-12-18,0.9925577354582296,0.0074422645417703956
2019-12-19,0.9963153109193055,0.003684689080694343
2019-12-20,0.9930046872757069,0.0069953127242929295
2019-12-23,0.9115489647500815,0.08845103524991836
2019-12-24,0.9801331432987042,0.019866856701295937
2019-12-26,0.9940760097326288,0.005923990267371749
2019-12-27,0.9890652719240469,0.01093472807595304
2019-12-30,0.987347485043171,0.01265251495682902
2019-12-31,0.9932390671723335,0.006760932827666326
2020-01-02,0.9934106231456689,0.0065893768543314754
2020-01-03,0.98133972840132,0.018660271598679612
2020-01-06,0.9959642878927285,0.0040357121072719425
2020-01-08,0.8886921651586714,0.11130783484132864
2020-01-09,0.9916801311445588,0.008319868855441252
2020-01-10,0.9935307667789225,0.00646923322107766
2020-01-13,0.9911782174347259,0.00882178256527391
2020-01-14,0.9959031581898948,0.00409684181010514
2020-01-16,0.9932042705989517,0.0067957294010478645
2020-01-21,0.9814767350514697,0.018523264948530235
2020-01-22,0.9948548555241398,0.00514514447586018
2020-01-23,0.9922178399421508,0.0077821600578487785
2020-01-27,0.5448154461070965,0.45518455389290335
2020-01-28,0.9859127379627086,0.014087262037291456
2020-01-30,0.9847822512584735,0.015217748741526062
2020-01-31,0.9539541030028819,0.04604589699711817
2020-02-03,0.9870526833775898,0.01294731662241022
2020-02-04,0.9507211379581129,0.04927886204188709
2020-02-05,0.9811612624263216,0.018838737573678616
2020-02-07,0.9786323380823979,0.021367661917601883
2020-02-10,0.9862452349825029,0.013754765017496895
2020-02-12,0.9879459704116498,0.01205402958834985
2020-02-13,0.9955146430944676,0.004485356905532349
2020-02-14,0.9951696956603165,0.004830304339683327
2020-02-18,0.924120076563408,0.07587992343659215
2020-02-19,0.9865294797703617,0.013470520229638436
2020-02-20,0.9933175246129732,0.006682475387026641
2020-02-21,0.9543606756615538,0.0456393243384465
2020-02-24,0.001779874263783509,0.9982201257362165
2020-02-25,0.008700435527193262,0.9912995644728068
2020-02-26,0.9923411749599116,0.007658825040088358
2020-02-27,1.3464376007475998e-07,0.9999998653562401
2020-02-28,7.816876336497212e-05,0.999921831236635
2020-03-02,0.003491114027327669,0.9965088859726726
2020-03-03,0.23926626421035854,0.7607337357896419
2020-03-04,0.059735739437986914,0.9402642605620131
2020-03-05,0.1404046794196359,0.8595953205803641
2020-03-06,1.713297989873088e-05,0.9999828670201012
2020-03-09,2.5710360549037792e-33,1.0
2020-03-10,1.670570263198051e-09,0.9999999983294295
2020-03-11,4.029685837262548e-08,0.9999999597031418
2020-03-12,1.0762689387762603e-42,1.0
2020-03-13,1.217538996120514e-23,1.0
2020-03-16,6.452359958396056e-49,1.0
2020-03-17,1.1632664710294255e-37,1.0
2020-03-18,2.877793990073036e-31,1.0
2020-03-19,9.292715629944393e-09,0.9999999907072844
2020-03-20,2.7577983432764895e-06,0.9999972422016566
2020-03-31,0.9506543759456866,0.0493456240543134
2020-04-01,5.796459418492582e-08,0.9999999420354061
2020-04-02,0.315380886451304,0.6846191135486959
2020-04-08,0.29790798450006145,0.7020920154999379
2020-04-09,6.408431886073215e-07,0.9999993591568115
2020-04-14,0.041456579557349944,0.9585434204426503
2020-04-15,0.16053599167502908,0.8394640083249716
2020-04-16,0.9941252069715248,0.005874793028474599
2020-04-20,0.9341361662053304,0.06586383379467019
2020-04-24,0.9534242066196822,0.046575793380317816
2020-04-27,0.4477051246588875,0.552294875341112
2020-05-13,0.6739779670723504,0.3260220329276497
2020-06-04,0.9916434127517683,0.008356587248231788
2020-06-05,0.12573448201785012,0.8742655179821498
2020-06-11,4.4132364478985936e-12,0.9999999999955865
2020-06-18,0.9929404511318047,0.007059548868194734
2020-07-01,0.9955374679729393,0.004462532027060732
2020-07-09,0.9914329026603257,0.008567097339674456
2020-07-21,0.9645110662760172,0.03548893372398249
2020-08-03,0.8379526594648355,0.16204734053516412
2020-08-19,0.9820547034718216,0.017945296528178462
2020-09-14,0.8923970537363454,0.10760294626365509
2020-09-28,0.9471875036110288,0.05281249638897152
2020-10-20,0.9948379875283104,0.005162012471689686
2020-11-04,0.0879357034586438,0.9120642965413562
2020-11-19,0.9909131382848357,0.009086861715164454
2020-12-10,0.9770040320624238,0.022995967937576505
2020-12-30,0.9821889831488742,0.017811016851125433
2020-12-31,0.9875722902543664,0.01242770974563342
2021-01-11,0.9707628807891959,0.029237119210803984
2021-01-26,0.9921206519689422,0.007879348031057812
2021-02-04,0.9911111404005234,0.008888859599476624
2021-03-12,0.9555189858982786,0.04448101410172165
2021-07-19,0.1017828508961887,0.8982171491038112
2021-08-19,0.9523095558653107,0.0476904441346891
2021-10-12,0.9934640762247334,0.006535923775266769
2021-10-15,0.9933256147517252,0.0066743852482749125
2021-10-27,0.975188744690281,0.024811255309719123
2021-11-15,0.9903134050857816,0.009686594914218928
2021-11-17,0.9902481465105304,0.00975185348946964
2021-11-22,0.9655157874290392,0.03448421257096089
2021-12-15,0.9582168762358837,0.04178312376411654
2022-02-01,0.9923323213289833,0.007667678671016614
2022-02-10,0.8633843975966589,0.13661560240334109
2022-02-11,0.05090403516504409,0.9490959648349554
2022-02-15,0.7776749320425367,0.2223250679574634
2022-02-22,0.48258269921762453,0.5174173007823756
2022-03-01,1.355843848522027e-07,0.9999998644156152
2022-03-02,0.0034893616648753963,0.9965106383351243
2022-03-04,0.0001185276493505679,0.9998814723506497
2022-03-17,0.03198571400889375,0.9680142859911064
2022-03-22,0.9592355005789316,0.040764499421068426
2022-03-23,0.03428004097456139,0.9657199590254384
2022-03-24,0.9863926342086495,0.013607365791350292
2022-03-28,0.049486414817258,0.9505135851827423
2022-04-12,0.5085620576915064,0.4914379423084934
2022-04-19,0.005210872341630965,0.994789127658369
2022-04-25,0.7904506851800085,0.2095493148199909
2022-04-26,0.0034194183637516642,0.9965805816362492
2022-04-28,0.08053565116463814,0.9194643488353618
2022-05-02,0.9813964967394201,0.018603503260580127
2022-05-03,0.990963573554298,0.009036426445701585
2022-05-05,0.0015444122948216914,0.9984555877051783
2022-05-09,4.551462525455039e-08,0.9999999544853753
2022-05-13,0.15586108194630727,0.8441389180536923
2022-05-16,0.81719676192406,0.18280323807593973
2022-05-17,0.8206152037403323,0.17938479625966744
2022-05-18,0.002994034883581045,0.9970059651164193
2022-05-20,0.9952048766129876,0.0047951233870128
2022-05-23,0.8754015409569765,0.12459845904302283
2022-05-24,0.8559364617009921,0.14406353829900834
2022-05-31,0.6827265248313307,0.3172734751686691
2022-06-07,0.9939270243568014,0.006072975643198281
2022-06-10,1.0070090692468971e-07,0.9999998992990929
2022-06-13,9.331354740863768e-09,0.9999999906686455
2022-06-15,0.6910695883427591,0.308930411657241
2022-06-16,0.0021417164696467678,0.9978582835303532
2022-06-21,0.5183344948844409,0.4816655051155591
2022-06-22,0.45965902820065924,0.5403409717993408
2022-06-23,0.0012616478719804252,0.9987383521280192
2022-06-24,0.04976475368922886,0.9502352463107714
2022-06-27,0.9928947382515914,0.007105261748408656
2022-06-28,0.5095230296546303,0.4904769703453693
2022-06-29,0.9902348922961459,0.009765107703854978
2022-06-30,5.952149871616197e-06,0.9999940478501279
2022-07-05,5.914913247480083e-06,0.9999940850867521
2022-07-06,0.9741921682812026,0.025807831718797174
2022-07-07,0.0007512423154266874,0.9992487576845736
2022-07-08,0.993335480489574,0.006664519510426367
2022-07-11,0.8616435754945024,0.1383564245054979
2022-07-12,0.0006242928190893711,0.9993757071809106
2022-07-13,0.9105116755996016,0.08948832440039824
2022-07-15,0.35418983418850725,0.6458101658114929
2022-07-18,0.024907542552773332,0.9750924574472266
2022-07-19,0.08350718182487922,0.9164928181751205
2022-07-21,0.6273380058886927,0.372661994111307
2022-07-22,0.07420415399311381,0.9257958460068866
2022-07-25,0.8882590658508669,0.11174093414913353
2022-07-27,0.8194375393225928,0.18056246067740725
2022-07-28,0.5691609489233713,0.4308390510766289
2022-07-29,0.9510912980263091,0.04890870197369132
2022-08-01,0.4011281531905369,0.5988718468094631
2022-08-02,0.27313955669282963,0.7268604433071704
2022-08-03,0.8664487357251442,0.1335512642748557
2022-08-04,0.9581596228330826,0.04184037716691707
2022-08-05,0.3750604645139726,0.6249395354860265
2022-08-08,0.9611084591753293,0.038891540824670875
2022-08-09,0.9575610541398116,0.04243894586018833
2022-08-10,0.09420836844539561,0.9057916315546042
2022-08-11,0.1275436239759553,0.8724563760240454
2022-08-12,0.823783804075695,0.17621619592430496
2022-08-15,0.9364145002209661,0.0635854997790339
2022-08-16,0.9921146836503935,0.007885316349606136
2022-08-17,0.8237881013907773,0.17621189860922318
2022-08-18,0.9962264466112326,0.003773553388767053
2022-08-19,0.15900243169886832,0.8409975683011314
2022-08-22,0.1968416013217275,0.8031583986782729
2022-08-23,0.9891219337028443,0.010878066297155623
2022-08-24,0.9878687381963278,0.012131261803671732
2022-08-25,0.9308526403009612,0.06914735969903879
2022-08-26,0.0020048818148001735,0.9979951181851997
2022-08-29,0.8253207691736303,0.17467923082636996
2022-08-30,0.546692105519512,0.45330789448048836
2022-08-31,0.9765192257178199,0.023480774282180403
2022-09-01,0.27020799433093623,0.7297920056690638
2022-09-02,0.9035510390863019,0.09644896091369831
2022-09-06,0.7515954149706758,0.24840458502932433
2022-09-07,0.049567944729298964,0.9504320552707012
2022-09-08,0.9856665654825624,0.014333434517437647
2022-09-09,0.6021726189292956,0.39782738107070403
2022-09-12,0.8505214584906482,0.14947854150935164
2022-09-14,0.9855751239120014,0.014424876087998879
2022-09-15,0.1042738149731623,0.8957261850268379
2022-09-16,0.9754811781105835,0.024518821889416304
2022-09-19,0.9818517748375146,0.018148225162484898
2022-09-20,0.8594814968644092,0.1405185031355904
2022-09-21,0.9344972942523989,0.06550270574760113
2022-09-22,0.09984133588375627,0.9001586641162439
2022-09-23,0.0021164815110288004,0.9978835184889712
2022-09-26,0.06612185622459316,0.933878143775407
2022-09-27,0.46874478553275556,0.5312552144672442
2022-09-28,0.04753984946836505,0.9524601505316347
2022-09-29,0.7386722391267089,0.2613277608732911
2022-10-03,0.09688525418006783,0.9031147458199323
2022-10-04,0.000797242604007755,0.9992027573959925
2022-10-05,0.6961545893774531,0.30384541062254744
2022-10-07,0.010889813452661915,0.9891101865473386
2022-10-11,0.9758343306630285,0.024165669336971368
2022-10-12,0.9892570226316845,0.010742977368316184
2022-10-14,0.39785247971252935,0.6021475202874703
2022-10-17,0.1991267604690967,0.8008732395309025
2022-10-19,0.8338466012207303,0.16615339877927018
2022-10-20,0.9866841789514291,0.013315821048570873
2022-10-21,0.036835733619859874,0.9631642663801404
2022-10-24,0.8058634785903712,0.19413652140962848
2022-10-25,0.16378455709693385,0.8362154429030663
2022-10-26,0.8021963778337922,0.1978036221662086
2022-10-27,0.9601675023040647,0.03983249769593556
2022-10-28,0.40996754751123204,0.5900324524887677
2022-10-31,0.7267569353599691,0.2732430646400308
2022-11-01,0.9918562688046237,0.008143731195376456
2022-11-02,9.038197179699692e-05,0.9999096180282034
2022-11-03,0.5132543898659488,0.4867456101340512
2022-11-04,2.907519966481376e-05,0.9999709248003353
2022-11-07,0.9863114034805753,0.013688596519424591
2022-11-08,0.033307370423708085,0.9666926295762921
2022-11-09,0.5371936504153062,0.4628063495846939
2022-11-10,1.4038077819259788e-12,0.9999999999985963
2022-11-14,0.9843109740290727,0.015689025970927084
2022-11-15,0.5809879259047658,0.41901207409523417
2022-11-16,0.8808536605775356,0.1191463394224646
2022-11-17,0.9033250981309912,0.09667490186900886
2022-11-18,0.9925715124981642,0.0074284875018361856
2022-11-21,0.9563830292250769,0.04361697077492299
2022-11-22,0.7790147533205736,0.22098524667942623
2022-11-23,0.8266520393100439,0.1733479606899561
2022-11-25,0.9654153089965206,0.03458469100347959
2022-11-28,0.710322242652245,0.2896777573477555
2022-11-29,0.9388382547263577,0.06116174527364213
2022-11-30,0.29654674189966657,0.7034532581003333
2022-12-01,0.0011759005232382525,0.9988240994767615
2022-12-02,0.9750194182781237,0.024980581721875672
2022-12-05,0.07920764465132511,0.9207923553486744
2022-12-06,0.9238904774167196,0.07610952258328053
2022-12-07,0.972763971047709,0.027236028952290756
2022-12-08,0.9952274258391199,0.0047725741608797825
2022-12-09,0.9705595146037006,0.029440485396299478
2022-12-12,0.9878558230016309,0.012144176998368903
2022-12-13,0.33282465684545226,0.6671753431545474
2022-12-14,0.9941248479494668,0.0058751520505333004
2022-12-15,0.018503014198817894,0.981496985801182
2022-12-16,0.8782535233808222,0.12174647661917759
2022-12-19,0.95784339020538,0.042156609794619763
2022-12-20,0.12275680567558356,0.8772431943244162
2022-12-21,0.9729297076747221,0.02707029232527806
2022-12-22,0.9051608672157032,0.0948391327842968
2022-12-23,0.9850727845017445,0.014927215498255366
2022-12-27,0.9524917925924173,0.0475082074075826
2022-12-28,0.9579904032370291,0.042009596762970995
2022-12-29,0.9255595968626803,0.07444040313732013
2022-12-30,0.9908629102497457,0.009137089750254714
2023-01-03,0.13123239394353117,0.8687676060564691
2023-01-04,0.05948858211857642,0.9405114178814236
2023-01-06,0.10659254612387888,0.8934074538761214
2023-01-09,0.8193266290003827,0.18067337099961733
2023-01-10,0.9392761652496765,0.06072383475032332
2023-01-11,0.8226181208174775,0.17738187918252224
2023-01-12,0.7793297613372616,0.22067023866273863
2023-01-13,0.9823345135547257,0.01766548644527456
2023-01-17,0.9273799616943621,0.07262003830563811
2023-01-18,0.5457891629148953,0.45421083708510435
2023-01-19,0.8959661988585772,0.10403380114142304
2023-01-20,0.8375933167046294,0.16240668329537097
2023-01-23,0.9898305468257409,0.010169453174258925
2023-01-24,0.9897733012257376,0.010226698774262561
2023-01-25,0.9926203387171334,0.007379661282866848
2023-01-26,0.9828846408641904,0.017115359135810245
2023-01-27,0.9922909131037049,0.007709086896295191
2023-01-30,0.9849250580587331,0.015074941941267444
2023-01-31,0.9868944407031467,0.013105559296853215
2023-02-01,0.15268433019406868,0.8473156698059315
2023-02-02,0.13128284136501941,0.8687171586349808
2023-02-03,0.08588426251701829,0.9141157374829816
2023-02-06,0.5320401517571377,0.4679598482428624
2023-02-07,0.9584271453467441,0.041572854653256414
2023-02-08,0.9908376603148107,0.009162339685189437
2023-02-09,0.9823508835478486,0.0176491164521511
2023-02-10,0.9281803935888782,0.07181960641112205
2023-02-13,0.9874403555212744,0.012559644478725618
2023-02-14,0.9946171875004638,0.005382812499536118
2023-02-15,0.9450222822628315,0.05497771773716864
2023-02-16,0.9797866212009448,0.02021337879905565
2023-02-17,0.9916952623069119,0.008304737693088428
2023-02-21,0.48138051317994157,0.5186194868200587
2023-02-22,0.9906761030633361,0.00932389693666371
2023-02-23,0.994360939749793,0.005639060250206864
2023-02-24,0.8765536632052964,0.12344633679470342
2023-02-27,0.9947459202601823,0.005254079739818206
2023-02-28,0.9949676427362406,0.005032357263758931
2023-03-01,0.903559289566089,0.09644071043391111
2023-03-02,0.9875152618406602,0.012484738159339748
2023-03-03,0.9011696190151284,0.09883038098487176
2023-03-06,0.9796891798417765,0.02031082015822322
2023-03-07,0.6565125003846431,0.3434874996153565
2023-03-08,0.9937125461783467,0.006287453821653089
2023-03-09,0.9535415762567147,0.04645842374328555
2023-03-10,0.0014050796484263142,0.998594920351574
2023-03-13,0.020870556713799324,0.9791294432862006
2023-03-14,0.46810309361992214,0.5318969063800781
2023-03-15,0.44321835527744696,0.5567816447225534
2023-03-16,0.9621698854438172,0.0378301145561831
2023-03-17,0.3433306153408662,0.6566693846591337
2023-03-20,0.9847570357965482,0.01524296420345206
2023-03-21,0.7211448433727775,0.2788551566272219
2023-03-22,0.8540114495836523,0.1459885504163481
2023-03-23,0.8409894672666027,0.1590105327333976
2023-03-24,0.9894073104469928,0.01059268955300726
2023-03-27,0.9654645623536237,0.03453543764637675
2023-03-28,0.989113866438941,0.010886133561059094
2023-03-29,0.9719776110347048,0.028022388965295412
2023-03-30,0.9867189451102653,0.013281054889734623
2023-03-31,0.9440702464896762,0.05592975351032348
2023-04-03,0.9766600323586089,0.023339967641391113
2023-04-04,0.965287675183508,0.034712324816492654
2023-04-05,0.9934781692754452,0.006521830724554697
2023-04-06,0.9954406776991757,0.004559322300824206
2023-04-10,0.9902627677263897,0.009737232273609899
2023-04-11,0.9933886429677018,0.006611357032298401
2023-04-12,0.9949874212320671,0.005012578767932963
2023-04-13,0.9483441074314631,0.05165589256853709
2023-04-14,0.9891321388635648,0.010867861136434813
2023-04-17,0.9699731890930601,0.030026810906940354
2023-04-18,0.9925946963001866,0.007405303699814157
2023-04-19,0.9796396323661284,0.02036036763387143
2023-04-20,0.9829376153238603,0.01706238467614008
2023-04-21,0.9935036956558296,0.006496304344169916
2023-04-24,0.9917420760754005,0.008257923924598726
2023-04-25,0.8204778007083922,0.17952219929160768
2023-04-26,0.9788958322070902,0.02110416779290923
2023-04-28,0.9149942859062046,0.08500571409379537
2023-05-01,0.8508573417078157,0.14914265829218487
2023-05-02,0.3589152604117699,0.6410847395882294
2023-05-03,0.9747722852016993,0.025227714798300455
2023-05-04,0.9391527956335294,0.060847204366470585
2023-05-05,0.8971828117001722,0.10281718829982762
2023-05-08,0.9892258424899513,0.010774157510048493
2023-05-09,0.9942034372895737,0.005796562710425907
2023-05-10,0.9685874928391851,0.031412507160815284
2023-05-11,0.798451495116663,0.2015485048833366
2023-05-12,0.9863138767526707,0.01368612324732924
2023-05-15,0.9845663849293631,0.015433615070637072
2023-05-16,0.9754946436181031,0.024505356381897353
2023-05-17,0.9923052590768957,0.007694740923103948
2023-05-18,0.9354772903292613,0.064522709670739
2023-05-19,0.9964769282928237,0.0035230717071762035
2023-05-22,0.996588054677234,0.0034119453227657278
2023-05-23,0.986567346885289,0.013432653114710407
2023-05-24,0.959427097298985,0.04057290270101489
2023-05-25,0.9520293579016063,0.04797064209839336
2023-05-26,0.9852743246781485,0.01472567532185134
2023-05-30,0.5813940693251891,0.4186059306748107
2023-05-31,0.9797090929866092,0.020290907013390265
2023-06-01,0.9399493669385004,0.06005063306149945
2023-06-02,0.9433537865430734,0.05664621345692592
2023-06-05,0.9956096174864328,0.004390382513567568
2023-06-06,0.9963670119151052,0.0036329880848950127
2023-06-07,0.9874797719860295,0.012520228013970158
2023-06-08,0.9869511752687531,0.013048824731246933
2023-06-09,0.9940983482119543,0.005901651788045935
2023-06-12,0.9784573705990945,0.021542629400905518
2023-06-13,0.9822001778300402,0.01779982216996018
2023-06-14,0.9947812469747994,0.005218753025200772
2023-06-15,0.5107336680566213,0.48926633194337893
2023-06-16,0.9599730003180396,0.040026999681960315
2023-06-20,0.7594633005451007,0.2405366994548987
2023-06-21,0.9765374908342862,0.02346250916571379
2023-06-22,0.9317298800822511,0.06827011991774898
2023-06-23,0.9831072944183067,0.016892705581692764
2023-06-26,0.9940517599603034,0.0059482400396964116
2023-06-27,0.9359661570430979,0.06403384295690176
2023-06-28,0.9896769680225029,0.01032303197749684
2023-06-29,0.9646317256703411,0.03536827432965907
2023-06-30,0.9663600693060836,0.03363993069391639
2023-07-03,0.9918787773687268,0.008121222631272814
2023-07-05,0.9362241210218457,0.06377587897815423
2023-07-06,0.8732541796355189,0.12674582036448115
2023-07-07,0.9911392926837795,0.008860707316221234
2023-07-10,0.9921867922208228,0.007813207779176993
2023-07-11,0.9886184244097095,0.011381575590290231
2023-07-12,0.22467570420368704,0.7753242957963126
2023-07-13,0.8308423454136022,0.1691576545863985
2023-07-14,0.9955036520305762,0.004496347969423527
2023-07-17,0.9915837674638242,0.008416232536176299
2023-07-18,0.9824540192950928,0.01754598070490749
2023-07-19,0.9935254125567666,0.00647458744323314
2023-07-20,0.9572536546966679,0.04274634530333164
2023-07-21,0.9958286753236819,0.0041713246763181
2023-07-24,0.9788289185558653,0.021171081444135088
2023-07-25,0.9942177808398469,0.005782219160153237
2023-07-26,0.9941993429800176,0.005800657019981965
2023-07-27,0.9432488118887284,0.056751188111272076
2023-07-28,0.9914787536586268,0.008521246341373356
2023-07-31,0.9820254534140922,0.01797454658590781
2023-08-01,0.9446151227246854,0.05538487727531403
2023-08-02,0.7763926100456483,0.22360738995435187
2023-08-03,0.9834403057533458,0.016559694246654
2023-08-04,0.9441108507873233,0.05588914921267672
2023-08-07,0.9947537494625283,0.00524625053747205
2023-08-08,0.9941676073714993,0.005832392628501111
2023-08-09,0.9882370399072743,0.01176296009272488
2023-08-10,0.9887607383789528,0.011239261621047722
2023-08-11,0.9792525187751215,0.0207474812248785
2023-08-14,0.9930618023755492,0.006938197624450994
2023-08-15,0.9566797890773012,0.04332021092269902
2023-08-16,0.9906160051551587,0.009383994844840694
2023-08-17,0.9877363692293061,0.01226363077069361
2023-08-18,0.9915341360169094,0.008465863983090467
2023-08-21,0.9910060368724137,0.008993963127585818
2023-08-22,0.9956337552605127,0.004366244739487369
2023-08-23,0.8917912500954404,0.10820874990455887
2023-08-24,0.9793522186345763,0.020647781365423515
2023-08-25,0.9922758869820059,0.007724113017993776
2023-08-28,0.9885320275982692,0.011467972401731174
2023-08-29,0.9600189263210199,0.03998107367898031
2023-08-31,0.9955974913969945,0.004402508603005063
2023-09-01,0.9854618798474591,0.01453812015254096
2023-09-05,0.9710780298883379,0.028921970111661834
2023-09-06,0.9942624752991507,0.0057375247008498555
2023-09-07,0.994296960840765,0.005703039159235292
2023-09-08,0.9965837165104747,0.00341628348952463
2023-09-11,0.993371289868477,0.0066287101315233585
2023-09-12,0.9952635357055785,0.0047364642944217284
2023-09-13,0.9964564170384256,0.0035435829615748323
2023-09-14,0.988659304989564,0.011340695010435489
2023-09-15,0.9643874314762133,0.035612568523786844
2023-09-18,0.9964875045118161,0.0035124954881838102
2023-09-19,0.9944998911773687,0.00550010882263109
2023-09-20,0.9934444786780661,0.006555521321933615
2023-09-21,0.6276843566441969,0.37231564335580297
2023-09-22,0.9937225787364401,0.006277421263560253
2023-09-25,0.9732510931823399,0.02674890681766023
2023-09-26,0.9375062740352106,0.062493725964789526
2023-09-27,0.9809602115000686,0.019039788499931
2023-09-28,0.9958547261714157,0.004145273828584555
2023-09-29,0.9841452949428666,0.015854705057133583
2023-10-02,0.8639093369504215,0.13609066304957895
2023-10-03,0.6969222290099037,0.30307777099009586
2023-10-04,0.8504286940217243,0.14957130597827584
2023-10-05,0.9953726767298738,0.004627323270126185
2023-10-06,0.966767162858223,0.03323283714177634
2023-10-10,0.8978306479167804,0.10216935208321969
2023-10-11,0.9792217962807828,0.02077820371921795
2023-10-12,0.9198790641486002,0.08012093585139984
2023-10-13,0.2821581887931211,0.7178418112068783
2023-10-16,0.985329513525619,0.014670486474380268
2023-10-17,0.9632353614321235,0.03676463856787647
2023-10-18,0.8084258156899732,0.19157418431002646
2023-10-19,0.982574096746784,0.01742590325321599
2023-10-20,0.967315060156024,0.0326849398439755
2023-10-23,0.9854896540326512,0.01451034596734895
2023-10-24,0.9951179390057817,0.004882060994218193
2023-10-25,0.9465069255428693,0.053493074457130516
2023-10-26,0.9729106193486347,0.027089380651365184
2023-10-27,0.9820445119069248,0.017955488093075202
2023-10-30,0.9556578763668387,0.04434212363316072
2023-10-31,0.9891595896588118,0.01084041034118773
2023-11-01,0.953988450375735,0.04601154962426542
2023-11-02,0.4699135367277638,0.5300864632722365
2023-11-03,0.7128434682033673,0.2871565317966333
2023-11-06,0.994814458493373,0.005185541506626939
2023-11-07,0.9014789584256235,0.09852104157437669
2023-11-08,0.9573834826402894,0.042616517359710365
2023-11-09,0.990049008870884,0.009950991129116184
2023-11-10,0.9886220714345004,0.011377928565499826
2023-11-13,0.9490945748339713,0.050905425166028896
2023-11-14,0.010864347926141498,0.9891356520738592
2023-11-15,0.9928886973807307,0.007111302619269656
2023-11-16,0.8912156235577834,0.10878437644221639
2023-11-17,0.9957406673165028,0.004259332683497365
2023-11-20,0.9872907880959398,0.012709211904060273
2023-11-21,0.9909764155647868,0.009023584435212948
2023-11-22,0.975884485159103,0.024115514840896593
2023-11-24,0.9925291622294591,0.007470837770541096
2023-11-27,0.9833982352096768,0.01660176479032331
2023-11-28,0.9465124947144723,0.05348750528552763
2023-11-29,0.978913950018329,0.021086049981670567
2023-11-30,0.9878546129472335,0.012145387052766545
2023-12-01,0.9825930787588422,0.01740692124115814
2023-12-04,0.9635074686771344,0.036492531322865354
2023-12-05,0.9639010992410392,0.03609890075896064
2023-12-06,0.829213429194223,0.17078657080577705
2023-12-07,0.9933405756952561,0.006659424304743885
2023-12-08,0.993386143828001,0.006613856171998654
2023-12-11,0.9931451029944147,0.006854897005585398
2023-12-12,0.9238712713153775,0.07612872868462256
2023-12-13,0.11628038608021124,0.8837196139197889
2023-12-14,0.000584642159763178,0.9994153578402369
2023-12-15,0.996028486250381,0.003971513749618702
2023-12-18,0.9955926621366377,0.004407337863362446
2023-12-19,0.9876858113233826,0.012314188676616806
2023-12-20,0.9293773574462489,0.07062264255375103
2023-12-21,0.9900162124633252,0.00998378753667502
2023-12-22,0.9968087347492942,0.0031912652507057743
2023-12-26,0.9959579025089919,0.004042097491008093
2023-12-27,0.9703126020725604,0.029687397927439553
2023-12-28,0.9877710066239848,0.012228993376015048
2023-12-29,0.991833626566217,0.008166373433783193
2024-01-02,0.9501114966566409,0.04988850334335891
2024-01-03,0.9684831392532237,0.031516860746776336
2024-01-04,0.9951168193857234,0.004883180614276981
2024-01-05,0.9958064321707182,0.004193567829281454
2024-01-08,0.927085527948629,0.07291447205137157
2024-01-09,0.9855416947627883,0.014458305237211382
2024-01-10,0.991930697970233,0.008069302029766688
2024-01-11,0.99421618486299,0.005783815137010188
2024-01-12,0.989522930699893,0.01047706930010686
2024-01-16,0.9300718630378718,0.0699281369621276
2024-01-17,0.977122034383416,0.022877965616583517
2024-01-18,0.99489267122701,0.005107328772989801
2024-01-19,0.9893261518313222,0.010673848168678264
2024-01-22,0.9953960069841993,0.0046039930158006
2024-01-23,0.9784285001182503,0.02157149988174977
2024-01-24,0.961495176321467,0.038504823678533466
2024-01-25,0.9951024418165473,0.004897558183452653
2024-01-26,0.9971361847244402,0.0028638152755596775
2024-01-29,0.9841185946021215,0.015881405397878644
2024-01-30,0.9883483582150495,0.011651641784950371
2024-01-31,0.8630261408406131,0.13697385915938728
2024-02-01,0.8214018383694175,0.17859816163058215
2024-02-02,0.749433573402795,0.2505664265972049
2024-02-05,0.945069649906211,0.054930350093789444
2024-02-06,0.9936231924819088,0.006376807518091568
2024-02-07,0.9940802376216072,0.005919762378393108
2024-02-08,0.9947072217831272,0.0052927782168727035
2024-02-09,0.9955664871803701,0.0044335128196291785
2024-02-12,0.9960058414792822,0.003994158520716528
2024-02-13,0.1700646216403829,0.829935378359617
2024-02-14,0.9801200506456045,0.01987994935439537
2024-02-15,0.9845249352035507,0.01547506479644965
2024-02-16,0.9946305909204816,0.0053694090795185796
2024-02-20,0.9910141677516275,0.008985832248372436
2024-02-21,0.9931872970968786,0.006812702903120966
2024-02-22,0.815455730621326,0.1845442693786739
2024-02-23,0.9745096217697989,0.025490378230201196
2024-02-26,0.9929452820116392,0.0070547179883611024
2024-02-27,0.9922148121094253,0.007785187890574368
2024-02-28,0.9955486052189091,0.0044513947810907745
2024-02-29,0.9908352963230026,0.009164703676997512
2024-03-01,0.9829051826215055,0.01709481737849432
2024-03-04,0.9533391099764328,0.04666089002356679
2024-03-05,0.9779573944200802,0.022042605579919206
2024-03-06,0.9935720103646367,0.006427989635362836
2024-03-07,0.9891874419914164,0.010812558008584064
2024-03-08,0.9927681282153695,0.007231871784630259
2024-03-11,0.9861477379033162,0.013852262096683854
2024-03-12,0.9886369317549292,0.011363068245071205
2024-03-13,0.9853197351222273,0.014680264877772613
2024-03-14,0.9864820126248889,0.013517987375110717
2024-03-15,0.9935625313288067,0.00643746867119318
2024-03-18,0.9944980844730055,0.005501915526994832
2024-03-19,0.9919254355089163,0.008074564491083562
2024-03-20,0.9104982017473734,0.08950179825262636
2024-03-21,0.9957306793177224,0.004269320682277391
2024-03-22,0.9934535594413946,0.00654644055860579
2024-03-25,0.9945647888987275,0.005435211101272568
2024-03-26,0.9959180742671089,0.004081925732890882
2024-03-27,0.9517439402167357,0.048256059783265005
2024-03-28,0.9821474554104306,0.017852544589569492
2024-04-01,0.9308826718249227,0.06911732817507649
2024-04-02,0.9819864444431763,0.01801355555682421
2024-04-03,0.9814768721306317,0.018523127869369254
2024-04-04,0.963887082657873,0.03611291734212674
2024-04-05,0.9056507339022807,0.09434926609771932
2024-04-08,0.9969409521366132,0.0030590478633864522
2024-04-09,0.9918837482701308,0.008116251729868922
2024-04-10,0.6084568953319297,0.3915431046680705
2024-04-11,0.9740059499554677,0.025994050044532275
2024-04-12,0.9030589635457085,0.09694103645429143
2024-04-15,0.9743136921280852,0.02568630787191412
2024-04-16,0.9922577828777243,0.007742217122276106
2024-04-17,0.9869104396099887,0.013089560390011266
2024-04-18,0.9963381996777224,0.003661800322277335
2024-04-19,0.9785302904904606,0.021469709509538786
2024-04-22,0.9183627730647151,0.08163722693528519
2024-04-23,0.9872209820319952,0.01277901796800455
2024-04-24,0.9952006917070503,0.004799308292949656
2024-04-25,0.9554512731032161,0.04454872689678458
2024-04-26,0.9914989199087153,0.00850108009128462
2024-04-29,0.9932217022648211,0.006778297735178955
2024-04-30,0.7095441714561718,0.2904558285438282
2024-05-01,0.9858286269788178,0.014171373021182217
2024-05-02,0.9775845316329633,0.022415468367036617
2024-05-03,0.9421344306310008,0.057865569368999274
2024-05-06,0.9848661918681554,0.01513380813184404
2024-05-07,0.9965720602798281,0.00342793972017184
2024-05-08,0.9944799189885113,0.005520081011488934
2024-05-09,0.9847942803903885,0.015205719609611165
2024-05-10,0.9962374284232417,0.003762571576758418
2024-05-13,0.9941905227769614,0.005809477223038495
2024-05-14,0.9950485501340208,0.004951449865979024
2024-05-15,0.9502729397964719,0.04972706020352747
2024-05-16,0.9960698408173978,0.003930159182602373
2024-05-17,0.8582377940362763,0.14176220596372271
2024-05-20,0.9810891491259821,0.01891085087401853
2024-05-21,0.9965899211587579,0.0034100788412420543
2024-05-22,0.9708298846355946,0.029170115364406415
2024-05-23,0.9846308409354324,0.015369159064567511
2024-05-24,0.995991839549494,0.004008160450506295
2024-05-28,0.9337334287316921,0.06626657126830773
2024-05-29,0.9602151874326091,0.03978481256739145
2024-05-30,0.9510467175826869,0.048953282417312366
2024-05-31,0.9779277115418886,0.022072288458111444
2024-06-03,0.9891208938860904,0.010879106113909043
2024-06-04,0.435229778404981,0.5647702215950193
2024-06-05,0.9936495384369962,0.006350461563004229
2024-06-06,0.9512709287128694,0.04872907128713052
2024-06-07,0.1762980069769744,0.8237019930230262
2024-06-10,0.9848905299171201,0.015109470082879571
2024-06-11,0.993237816759002,0.006762183240998321
2024-06-12,0.8738348313791594,0.12616516862084023
2024-06-13,0.988443726867888,0.011556273132112257
2024-06-14,0.9949702157637338,0.005029784236266012
2024-06-17,0.9930302495019422,0.006969750498057957
2024-06-18,0.9931004434587166,0.00689955654128319
2024-06-20,0.9776555869409561,0.022344413059043635
2024-06-21,0.9929033201321111,0.007096679867889596
2024-06-24,0.9933978566612754,0.006602143338724962
2024-06-25,0.9880675086208653,0.011932491379134364
2024-06-26,0.9897668727758054,0.010233127224194862
2024-06-27,0.9964677607868248,0.0035322392131754317
2024-06-28,0.9950231587229307,0.004976841277069157
2024-07-01,0.9936245147680977,0.006375485231903004
2024-07-02,0.9954609728497669,0.004539027150233702
2024-07-03,0.9553598460317393,0.04464015396826102
2024-07-05,0.9904348452429051,0.009565154757094694
2024-07-08,0.9894741210526514,0.010525878947348697
2024-07-09,0.9950347655900607,0.00496523440993872
2024-07-10,0.9744714527981185,0.02552854720188209
2024-07-11,0.9435152174016131,0.05648478259838675
2024-07-12,0.9952171099573882,0.004782890042611838
2024-07-15,0.9888831915542847,0.011116808445715394
2024-07-16,0.9829615785206515,0.017038421479349034
2024-07-17,0.9490541870760865,0.050945812923913765
2024-07-18,0.9916034508349801,0.008396549165020197
2024-07-19,0.9712555740558694,0.0287444259441303
2024-07-22,0.994117080409884,0.005882919590115815
2024-07-23,0.9957277097535181,0.004272290246481416
2024-07-24,0.7856396648744368,0.21436033512556246
2024-07-25,0.9826331651666671,0.01736683483333331
2024-07-26,0.9804223919440883,0.019577608055911522
2024-07-29,0.9957809869566041,0.004219013043395578
2024-07-30,0.9965726413912449,0.003427358608754986
2024-07-31,0.8722819403810955,0.1277180596189043
2024-08-01,0.8931702667092631,0.10682973329073756
2024-08-02,0.00030303761275872113,0.9996969623872415
2024-08-05,1.8696926729335122e-06,0.9999981303073268
2024-08-06,0.8581447778385503,0.14185522216144944
2024-08-07,0.950001290531436,0.04999870946856399
2024-08-08,0.9404987313509794,0.05950126864901996
2024-08-09,0.995096256824687,0.004903743175312085
2024-08-12,0.9628096288885439,0.03719037111145594
2024-08-13,0.6773592353180511,0.32264076468194924
2024-08-14,0.9908362790782208,0.00916372092177919
2024-08-15,0.9015495027032084,0.09845049729679153
2024-08-16,0.9879486065776988,0.012051393422300938
2024-08-19,0.9872510924892619,0.012748907510737439
2024-08-20,0.9943209019567764,0.0056790980432242
2024-08-21,0.9962207439172174,0.003779256082782565
2024-08-22,0.9909259674880493,0.0090740325119506
2024-08-23,0.9625852094144175,0.037414790585582225
2024-08-26,0.9926396415488146,0.007360358451185387
2024-08-27,0.9972479987009176,0.002752001299081602
2024-08-28,0.9905180119663296,0.009481988033671084
2024-08-29,0.9928366999525398,0.007163300047460286
2024-08-30,0.9805653824370107,0.019434617562988574
2024-09-03,0.26595678479325147,0.7340432152067489
2024-09-04,0.9601809393483245,0.039819060651675044
2024-09-05,0.9955606820581087,0.004439317941892218
2024-09-06,0.5811946538109937,0.4188053461890062
2024-09-09,0.9919349499005385,0.008065050099461752
2024-09-10,0.9880532408034091,0.01194675919659052
2024-09-11,0.9884522845180793,0.011547715481920736
2024-09-12,0.6098769677744005,0.39012303222559896
2024-09-13,0.9861347048381512,0.013865295161849766
2024-09-16,0.9911665748514027,0.008833425148597515
2024-09-17,0.9967269101686684,0.0032730898313326996
2024-09-18,0.9958020990955513,0.004197900904448355
2024-09-19,0.965361401703848,0.034638598296151554
2024-09-20,0.9937710911022902,0.006228908897709499
2024-09-23,0.9923822819230039,0.0076177180769959356
2024-09-24,0.9847613333999548,0.015238666600045806
2024-09-25,0.9962951204999827,0.0037048795000170303
2024-09-26,0.9930871302715193,0.006912869728481344
2024-09-27,0.8908264964925244,0.10917350350747532
2024-09-30,0.9937479036604797,0.006252096339520464
2024-10-01,0.973280531005908,0.026719468994091715
2024-10-02,0.9914262409578705,0.008573759042128978
2024-10-03,0.9871470652983465,0.012852934701654054
2024-10-04,0.9648948109351269,0.035105189064873574
2024-10-07,0.9946608728141262,0.005339127185872636
2024-10-08,0.8599430121496063,0.14005698785039336
2024-10-09,0.9909143896757255,0.009085610324274625
2024-10-10,0.9784649910263783,0.021535008973622028
2024-10-11,0.9967612920538815,0.0032387079461174166
2024-10-15,0.9762745528268976,0.023725447173101624
2024-10-16,0.9968216929407061,0.003178307059292707
2024-10-17,0.9914693980170584,0.00853060198294155
2024-10-18,0.8969096802764543,0.10309031972354432
2024-10-21,0.9726590444320284,0.027340955567971524
2024-10-22,0.9698681192158256,0.030131880784174662
2024-10-23,0.9896514972186394,0.010348502781360923
2024-10-24,0.9815824200903275,0.01841757990967302
2024-10-25,0.9928297844647221,0.007170215535277336
2024-10-28,0.85535195023569,0.1446480497643107
2024-10-29,0.9952131216111532,0.0047868783888469
2024-10-30,0.9923278650361468,0.007672134963853055
2024-10-31,0.8613597890747322,0.13864021092526865
2024-11-01,0.9951486979917594,0.004851302008241086
2024-11-04,0.9698584866639033,0.030141513336096624
2024-11-05,0.9939881067400068,0.006011893259993344
2024-11-06,0.08259541446234457,0.9174045855376551
2024-11-07,0.95109031506649,0.04890968493350946
2024-11-08,0.9874295229325255,0.012570477067473463
2024-11-12,0.984830318748086,0.015169681251914246
2024-11-13,0.9957522400729023,0.004247759927098657
2024-11-14,0.9923371365405718,0.007662863459428666
2024-11-15,0.9820059979835407,0.01799400201645957
2024-11-18,0.9176002704270108,0.08239972957298833
2024-11-19,0.9939707594350056,0.006029240564994315
2024-11-20,0.9933013834804435,0.006698616519557316
2024-11-21,0.9955765701109061,0.004423429889094256
2024-11-22,0.9965245824386233,0.003475417561377682
2024-11-25,0.38911339255868505,0.6108866074413153
2024-11-26,0.9962243100970428,0.0037756899029567706
2024-11-27,0.9743688119560574,0.02563118804394276
2024-11-29,0.9922187187324529,0.007781281267547395
2024-12-02,0.9897566200808849,0.010243379919115397
2024-12-03,0.9871987854585734,0.012801214541426159
2024-12-04,0.9946784023890767,0.0053215976109237785
2024-12-05,0.9965758978417142,0.0034241021582856928
2024-12-06,0.9928450928070571,0.007154907192943347
2024-12-09,0.9625642087999273,0.037435791200073336
2024-12-10,0.9934999964624981,0.006500003537501818
2024-12-11,0.965269692657469,0.034730307342530915
2024-12-12,0.9706138134599279,0.02938618654007246
2024-12-13,0.9928677790599897,0.007132220940010204
2024-12-16,0.9957806662909513,0.004219333709048499
2024-12-17,0.9953094607721431,0.004690539227856535
2024-12-18,0.09663731464270656,0.9033626853572934
2024-12-19,0.9157639235446173,0.08423607645538314
2024-12-20,0.9900279860112104,0.00997201398878864
2024-12-23,0.9949026086085171,0.005097391391482476
2024-12-24,0.9938319067645685,0.006168093235431152
2024-12-26,0.9971453354673434,0.002854664532655707
2024-12-27,0.9942852143500331,0.005714785649966775
2024-12-30,0.9284098915025822,0.0715901084974172
2024-12-31,0.9958206529704295,0.004179347029570088
2025-01-02,0.8922092775568093,0.10779072244318966
2025-01-03,0.9650943539750078,0.03490564602499252
2025-01-06,0.9881508145811704,0.011849185418829181
2025-01-07,0.9849064257127432,0.015093574287255804
2025-01-08,0.9796579202904375,0.020342079709562814
2025-01-10,0.20340116346773693,0.7965988365322629
2025-01-13,0.9901791813923895,0.00982081860761
2025-01-14,0.989513965916161,0.010486034083839378
2025-01-15,0.6500021248373183,0.3499978751626813
2025-01-16,0.9958770427589514,0.0041229572410485535
2025-01-17,0.9919707731577792,0.0080292268422208
2025-01-21,0.9900630509939378,0.009936949006061842
2025-01-22,0.9970070115296853,0.0029929884703144096
2025-01-23,0.996696724344436,0.0033032756555630045
2025-01-24,0.9936711071524501,0.0063288928475502505
2025-01-27,0.9057937929044441,0.09420620709555648
2025-01-28,0.995205915643892,0.004794084356107032
2025-01-29,0.9957358441839258,0.004264155816074884
2025-01-30,0.9741803762164638,0.025819623783536
2025-01-31,0.9966006698253674,0.0033993301746335527
2025-02-03,0.9148007119846763,0.08519928801532374
2025-02-04,0.9955315356320066,0.004468464367992614
2025-02-05,0.9819021560212452,0.01809784397875447
2025-02-06,0.9965702064071605,0.003429793592839119
2025-02-07,0.9943225484132844,0.005677451586716126
2025-02-10,0.985548787105815,0.014451212894184952
2025-02-11,0.9963508338138781,0.0036491661861210423
2025-02-12,0.9878004866315638,0.01219951336843584
2025-02-13,0.969884140766874,0.03011585923312551
2025-02-14,0.797999498450503,0.20200050154949625
2025-02-18,0.9867748042662162,0.013225195733784818
2025-02-19,0.9974591839796992,0.002540816020301003
2025-02-20,0.992748752694195,0.007251247305804301
2025-02-21,0.7233653674005898,0.2766346325994102
2025-02-24,0.9934365726694745,0.006563427330525724
2025-02-25,0.9866113479193205,0.013388652080679941
2025-02-26,0.993652354333677,0.006347645666322417
2025-02-27,0.932634860070042,0.0673651399299577
2025-02-28,0.934085331703241,0.06591466829675852
2025-03-03,0.9747865267600062,0.025213473239994223
2025-03-04,0.9729926081182061,0.02700739188179409
2025-03-05,0.9250434064902945,0.07495659350970447
2025-03-06,0.9869299267472645,0.013070073252736075
2025-03-07,0.9970756113567473,0.0029243886432537684
2025-03-10,0.15064218638542484,0.8493578136145747
2025-03-11,0.9200754729911073,0.07992452700889228
2025-03-12,0.9943903068725684,0.005609693127431446
2025-03-13,0.9486104443749386,0.051389555625061534
2025-03-14,0.9498717997601879,0.05012820023981166
2025-03-17,0.9916473606372175,0.008352639362781897
2025-03-18,0.9952676750585153,0.004732324941485269
2025-03-19,0.9958417158125501,0.004158284187449907
2025-03-20,0.9971382279047024,0.0028617720952972664
2025-03-21,0.9966811703233098,0.00331882967668967
2025-03-24,0.9810040158178764,0.01899598418212423
2025-03-25,0.9967565094868313,0.0032434905131688064
2025-03-26,0.9924056756473248,0.007594324352675337
2025-03-27,0.994630784254991,0.005369215745008958
2025-03-28,0.7364639814075931,0.26353601859240616
2025-03-31,0.9959572289350819,0.004042771064917897
2025-04-01,0.9965563508354881,0.0034436491645126934
2025-04-02,0.9971081080212251,0.0028918919787753274
2025-04-03,3.0890985638671494e-10,0.9999999996910903
2025-04-04,7.408170939510475e-18,1.0
2025-04-07,0.009303357962924736,0.990696642037075
2025-04-08,0.9928143144552752,0.00718568554472494
2025-04-09,7.020155707314973e-15,0.9999999999999934
2025-04-10,0.8389045733763014,0.1610954266236985
2025-04-11,0.5237943619990175,0.47620563800098353
2025-04-14,0.9728750203886282,0.027124979611372873
2025-04-15,0.9975023750684008,0.0024976249316002066
2025-04-16,0.4735021855350155,0.5264978144649858
2025-04-17,0.9929095775627986,0.007090422437200667
2025-04-21,0.8895039801714635,0.1104960198285367
2025-04-22,0.8858171822832112,0.11418281771678901
2025-04-23,0.9266820880072011,0.07331791199279741
2025-04-24,0.971321841873517,0.028678158126481806
2025-04-25,0.9913488531321235,0.00865114686787608
2025-04-28,0.9966671896295606,0.0033328103704394216
2025-04-29,0.9919690658346092,0.008030934165389742
2025-04-30,0.9587565872276036,0.04124341277239642
2025-05-01,0.9755755898463591,0.02442441015364094
2025-05-02,0.9565607705872645,0.04343922941273565
2025-05-05,0.9814520917270237,0.018547908272977403
2025-05-06,0.9447874836489814,0.05521251635101898
2025-05-07,0.9939556906062283,0.0060443093937715
2025-05-08,0.9875383826111196,0.012461617388880564
2025-05-09,0.9804515431015144,0.01954845689848463
2025-05-12,0.00012055874496126258,0.9998794412550395
2025-05-13,0.9942950341736385,0.005704965826359986
2025-05-14,0.9875942982938222,0.012405701706177514
2025-05-15,0.9915312168179402,0.008468783182061226
2025-05-16,0.9952476818325025,0.004752318167498373
2025-05-19,0.9950042535952797,0.004995746404721732
2025-05-20,0.9775332146923601,0.022466785307639455
2025-05-21,0.9753724967125004,0.024627503287499776
2025-05-22,0.996599984953655,0.0034000150463451154
2025-05-23,0.9807976346834786,0.019202365316519993
2025-05-27,0.959667635690655,0.040332364309344546
2025-05-28,0.9883962446546005,0.01160375534540021
2025-05-29,0.9947082702146486,0.005291729785350891
2025-05-30,0.9953816383764835,0.004618361623516311
2025-06-02,0.4311197142610791,0.5688802857389215
2025-06-03,0.9973430442624677,0.002656955737532009
2025-06-04,0.9950387483087249,0.004961251691276014
2025-06-05,0.9951271739282379,0.00487282607176205
2025-06-06,0.981911002336359,0.018088997663640985
2025-06-09,0.9973394624727916,0.002660537527207911
2025-06-10,0.9944158919756311,0.005584108024368666
2025-06-11,0.9959699669140056,0.004030033085994803
2025-06-12,0.9898371993103645,0.01016280068963464
2025-06-13,0.5966637097870828,0.4033362902129156
2025-06-16,0.9945097739055113,0.0054902260944894605
2025-06-17,0.9779524161253429,0.022047583874656707
2025-06-18,0.9959782338412309,0.004021766158769348
2025-06-20,0.9957733456820337,0.004226654317964911
2025-06-23,0.939083122463779,0.06091687753622134
2025-06-24,0.04366375112440736,0.956336248875592
2025-06-25,0.997489961540399,0.002510038459601744
2025-06-26,0.9911535173537477,0.008846482646252877
2025-06-27,0.956909355130773,0.0430906448692282
2025-06-30,0.9824889791621978,0.017511020837803294
2025-07-01,0.9965329414188744,0.0034670585811242523
2025-07-02,0.9817549100218466,0.018245089978153623
2025-07-03,0.9956306528127039,0.0043693471872968456
2025-07-07,0.9835294412271831,0.01647055877281705
2025-07-08,0.8291830401903446,0.17081695980965522
2025-07-09,0.9931897926035916,0.00681020739641003
2025-07-10,0.9972839429041709,0.0027160570958300123
2025-07-11,0.9905569483437555,0.009443051656243196
2025-07-14,0.9976815455183525,0.002318454481647228
2025-07-15,0.9956227432724892,0.004377256727512265
2025-07-16,0.9973626056692115,0.0026373943307887327
2025-07-17,0.9962893770306539,0.0037106229693468287
2025-07-18,0.9952123300811905,0.004787669918810465
2025-07-21,0.9732410352913634,0.026758964708635417
2025-07-22,0.9928451652192988,0.0071548347807008274
2025-07-23,0.9914738742896209,0.008526125710379627
2025-07-24,0.9973188413694017,0.0026811586305974452
2025-07-25,0.9954174670945152,0.004582532905484688
2025-07-28,0.9956007696365362,0.004399230363463375
2025-07-29,0.9951720654355567,0.00482793456444241
2025-07-30,0.9883958867162547,0.011604113283746532
2025-07-31,0.9299949303744403,0.07000506962555865
2025-08-01,0.8458977843249421,0.15410221567505925
2025-08-04,0.8861684387416785,0.11383156125832078
2025-08-05,0.9913352755576593,0.008664724442340477
2025-08-06,0.9965823275638296,0.0034176724361707493
2025-08-07,0.9964142898180087,0.0035857101819921572
2025-08-08,0.9967491887516039,0.0032508112483977283
2025-08-11,0.9975890390216634,0.00241096097833679
2025-08-12,0.9930773328327652,0.0069226671672356415
2025-08-13,0.9905571434262475,0.009442856573752219
2025-08-14,0.9964386916328465,0.0035613083671550724
2025-08-15,0.9975424100164026,0.0024575899835961794
2025-08-18,0.9972988157194598,0.0027011842805400215
2025-08-19,0.9900662497872983,0.009933750212701977
2025-08-20,0.9947789752394469,0.005221024760551595
2025-08-21,0.9843064530678034,0.015693546932196413
2025-08-22,0.9729279253798772,0.027072074620123156
2025-08-25,0.9971498149961371,0.0028501850038640773
2025-08-26,0.9940242858753845,0.0059757141246162045
2025-08-27,0.99766828731319,0.002331712686811585
2025-08-28,0.9930775020421175,0.006922497957882046
2025-08-29,0.9854094573139006,0.014590542686098683
2025-09-02,0.9547724235524635,0.04522757644753565
2025-09-03,0.9967671432141213,0.003232856785878439
2025-09-04,0.993713811601587,0.006286188398413655
2025-09-05,0.974818697511622,0.025181302488377393
2025-09-08,0.9957947954783747,0.004205204521625967
2025-09-09,0.9967054114386307,0.0032945885613694034
2025-09-10,0.9953490227250946,0.004650977274904409
2025-09-11,0.9955512935633051,0.0044487064366965255
2025-09-12,0.996617950967404,0.0033820490325972663
2025-09-15,0.9953629579715552,0.004637042028443308
2025-09-16,0.9667749750495487,0.0332250249504524
2025-09-17,0.9933588893949572,0.006641110605041058
2025-09-18,0.9855628936796322,0.014437106320367479
2025-09-19,0.8309011915709096,0.16909880842909067
2025-09-22,0.9934257056294679,0.006574294370530783
2025-09-23,0.995145177562277,0.0048548224377232725
2025-09-24,0.9810175207696362,0.01898247923036218
2025-09-25,0.9925240166922704,0.00747598330773023
2025-09-26,0.9956148490892492,0.0043851509107498245
2025-09-29,0.9960887602054226,0.003911239794576588
2025-09-30,0.9961869634938794,0.0038130365061191935
2025-10-01,0.9967802646456109,0.0032197353543892337
2025-10-02,0.9973507378791017,0.002649262120897828
2025-10-03,0.9974194698550611,0.0025805301449391615
2025-10-06,0.9920744461938683,0.007925553806132376
2025-10-07,0.9943485087920066,0.005651491207993664
2025-10-08,0.9910363439777241,0.008963656022277567
2025-10-09,0.9626326202452116,0.03736737975478814
2025-10-10,0.38853140565230077,0.6114685943477002
2025-10-14,0.9955564678351708,0.004443532164830842
2025-10-15,0.9861520340044585,0.013847965995542815
2025-10-16,0.986504127423283,0.01349587257671821
2025-10-17,0.07530580221347148,0.9246941977865296
2025-10-20,0.9602358207172875,0.039764179282711566
2025-10-21,7.046889278053066e-05,0.9999295311072209
2025-10-22,0.9971308431113631,0.0028691568886353787
