date,p_0,p_1,p_2
2000-10-31,0.02823783149425177,0.9717621685057488,0.0
2000-11-30,0.09733917426594982,0.9026608257340496,0.0
2000-12-29,1.1225875491871567e-09,0.9999999988774126,0.0
2001-01-16,0.9916916401554069,0.008308359844591271,0.0
2001-01-17,0.9787249361409609,0.021275063859038334,0.0
2001-01-18,0.976691912660058,0.023308087339943693,0.0
2001-01-19,0.9907809446088458,0.009219055391152415,0.0
2001-01-22,0.8402009773645449,0.15979902263545506,0.0
2001-01-23,0.9845359149762113,0.015464085023787903,0.0
2001-01-24,0.8861137418953478,0.1138862581046509,0.0
2001-01-25,0.9885323094329477,0.011467690567051568,0.0
2001-01-26,0.992121366734821,0.007878633265180231,0.0
2001-01-29,0.9914198393401562,0.008580160659845118,0.0
2001-01-30,0.9876470397090216,0.012352960290979417,0.0
2001-01-31,0.9842356967430477,0.015764303256951686,0.0
2001-02-02,0.6042090330194669,0.3957909669805326,0.0
2001-02-05,0.9847044426310291,0.015295557368969597,0.0
2001-02-06,0.9826729782181726,0.01732702178182607,0.0
2001-02-07,0.9861153866430264,0.013884613356974234,0.0
2001-02-08,0.9759285998808567,0.024071400119143976,0.0
2001-02-09,0.9735840494429839,0.02641595055701584,0.0
2001-02-12,0.9808891188875352,0.019110881112463163,0.0
2001-02-13,0.9887457138640757,0.011254286135922756,0.0
2001-02-14,0.9903876154528983,0.009612384547100141,0.0
2001-02-15,0.981629490563314,0.018370509436687298,0.0
2001-02-16,0.7402682116646594,0.25973178833534055,0.0
2001-02-20,0.9671049137443191,0.0328950862556816,0.0
2001-02-21,0.9486154658758083,0.051384534124190265,0.0
2001-02-22,0.9702190815840137,0.02978091841598768,0.0
2001-02-23,0.9509936168118981,0.049006383188103256,0.0
2001-02-26,0.6643423972369559,0.33565760276304557,0.0
2001-02-27,0.9780535510648213,0.02194644893517881,0.0
2001-02-28,0.9788944146760415,0.021105585323958235,0.0
2001-03-01,0.9849152538786126,0.015084746121386236,0.0
2001-03-02,0.9841787512893093,0.015821248710691987,0.0
2001-03-05,0.9830251891766442,0.016974810823354933,0.0
2001-03-06,0.9567159611379933,0.043284038862008,0.0
2001-03-07,0.9901423644826091,0.009857635517391454,0.0
2001-03-08,0.731482296231732,0.26851770376826706,0.0
2001-03-09,0.9178038946930149,0.08219610530698428,0.0
2001-03-12,0.0031775380783773313,0.9968224619216223,0.0
2001-03-13,0.986184258558458,0.013815741441541907,0.0
2001-03-14,0.7338741977433606,0.26612580225663923,0.0
2001-03-15,0.926537179756442,0.0734628202435571,0.0
2001-03-16,0.6250572284976156,0.3749427715023832,0.0
2001-03-19,0.9848977750091243,0.015102224990877088,0.0
2001-03-20,0.9872369216061495,0.012763078393852136,0.0
2001-03-21,0.9772296688192366,0.022770331180764988,0.0
2001-03-22,0.638176881655083,0.3618231183449161,0.0
2001-03-23,0.34884269025165543,0.6511573097483437,0.0
2001-03-26,0.6332811092578164,0.36671889074218417,0.0
2001-03-27,0.4573101074421472,0.5426898925578533,0.0
2001-03-28,0.9098994764777877,0.09010052352221089,0.0
2001-03-29,0.9824759623378685,0.017524037662130156,0.0
2001-03-30,0.9862077486530898,0.013792251346912011,0.0
2001-04-02,0.9792785589714572,0.02072144102854389,0.0
2001-04-03,0.07547440969421802,0.924525590305781,0.0
2001-04-04,0.9656212624458569,0.034378737554144716,0.0
2001-04-05,0.05475880090792555,0.945241199092073,0.0
2001-04-06,0.9477150801715314,0.0522849198284688,0.0
2001-04-09,0.9890810193159846,0.010918980684016802,0.0
2001-04-10,0.690131253073041,0.3098687469269591,0.0
2001-04-11,0.9890971603438409,0.010902839656160422,0.0
2001-04-12,0.9470054124043884,0.052994587595611535,0.0
2001-04-16,0.9317736181700265,0.0682263818299726,0.0
2001-04-17,0.9717771028810334,0.02822289711896583,0.0
2001-04-18,0.01556499946089811,0.9844350005391023,0.0
2001-04-19,0.8177324320935313,0.18226756790646864,0.0
2001-04-20,0.959102496076905,0.04089750392309514,0.0
2001-04-23,0.868254347021199,0.13174565297880078,0.0
2001-04-26,0.8622808920454968,0.13771910795450326,0.0
2001-04-27,0.7746959808974809,0.22530401910251946,0.0
2001-04-30,0.9671215341779253,0.032878465822074404,0.0
2001-05-01,0.8800231501664885,0.11997684983351165,0.0
2001-05-02,0.9816548890974104,0.018345110902589425,0.0
2001-05-03,0.6767216174091336,0.3232783825908652,0.0
2001-05-04,0.9616336549276264,0.038366345072373687,0.0
2001-05-07,0.9766464359826589,0.023353564017340688,0.0
2001-05-08,0.9749278909695869,0.025072109030413403,0.0
2001-05-09,0.36904725951292483,0.6309527404870762,0.0
2001-05-10,0.970208249580981,0.0297917504190187,0.0
2001-05-11,0.9495369507630069,0.05046304923699338,0.0
2001-05-14,0.9616384487681875,0.03836155123181365,0.0
2001-05-15,0.9723491601216734,0.02765083987832686,0.0
2001-05-16,0.5918494971724036,0.40815050282759746,0.0
2001-05-17,0.9541302417372205,0.045869758262778795,0.0
2001-05-18,0.9504311291855132,0.049568870814487756,0.0
2001-05-21,0.959544093774941,0.040455906225058694,0.0
2001-05-22,0.8794075572923994,0.12059244270760137,0.0
2001-05-23,0.9020205170671992,0.09797948293280057,0.0
2001-05-24,0.9498754501716357,0.05012454982836598,0.0
2001-05-25,0.8119072093472801,0.18809279065272022,0.0
2001-05-29,0.9639857458799972,0.03601425412000357,0.0
2001-05-30,0.7869959005960637,0.21300409940393622,0.0
2001-05-31,0.9729968543677713,0.027003145632227964,0.0
2001-06-01,0.977195516519628,0.02280448348037129,0.0
2001-06-04,0.9798207051685437,0.020179294831455728,0.0
2001-06-05,0.9679722313728474,0.03202776862715271,0.0
2001-06-06,0.9404156489555112,0.05958435104448971,0.0
2001-06-07,0.974709936146467,0.025290063853532614,0.0
2001-06-08,0.8513904985466538,0.14860950145334667,0.0
2001-06-11,0.9187284942356047,0.0812715057643961,0.0
2001-06-12,0.9174489389229016,0.08255106107709803,0.0
2001-06-13,0.975422768578864,0.024577231421134684,0.0
2001-06-14,0.7660435592942141,0.2339564407057843,0.0
2001-06-15,0.9727832806748256,0.027216719325174187,0.0
2001-06-18,0.9723566154976091,0.027643384502390893,0.0
2001-06-19,0.9818962403073241,0.018103759692677177,0.0
2001-06-20,0.9763041214506989,0.02369587854929962,0.0
2001-06-21,0.9578409601877159,0.0421590398122847,0.0
2001-06-22,0.9723471641617057,0.027652835838292783,0.0
2001-06-25,0.9695704521153936,0.030429547884606133,0.0
2001-06-26,0.9654703021374709,0.03452969786252923,0.0
2001-06-27,0.9805657720948422,0.019434227905156844,0.0
2001-06-29,0.9726015153082908,0.027398484691709156,0.0
2001-07-02,0.7722264605759424,0.22777353942405826,0.0
2001-07-03,0.9658765070609419,0.0341234929390587,0.0
2001-07-05,0.9182488850586678,0.08175111494133314,0.0
2001-07-06,0.46655149443816024,0.5334485055618408,0.0
2001-07-09,0.9795103166345906,0.02048968336540949,0.0
2001-07-10,0.9357704014452588,0.06422959855474156,0.0
2001-07-11,0.8696518365754957,0.13034816342450462,0.0
2001-07-12,0.7306651295480571,0.2693348704519432,0.0
2001-07-13,0.9773680126473403,0.02263198735265979,0.0
2001-07-16,0.9658879577752156,0.034112042224785095,0.0
2001-07-17,0.9834100759806695,0.016589924019331508,0.0
2001-07-18,0.2644679370626496,0.7355320629373504,0.0
2001-07-19,0.9644430675735096,0.03555693242648982,0.0
2001-07-20,0.963027631718608,0.03697236828139091,0.0
2001-07-23,0.8997414304881168,0.10025856951188339,0.0
2001-07-24,0.7500964015344658,0.24990359846553525,0.0
2001-07-25,0.902730570505128,0.09726942949487107,0.0
2001-07-26,0.8852124052000164,0.1147875947999829,0.0
2001-07-27,0.9748239048934494,0.025176095106551537,0.0
2001-07-30,0.9486965256630983,0.05130347433690219,0.0
2001-07-31,0.9585654493895236,0.04143455061047658,0.0
2001-08-01,0.9706336361146161,0.02936636388538293,0.0
2001-08-02,0.9555410100437828,0.044458989956217276,0.0
2001-08-03,0.9490804763225392,0.050919523677460755,0.0
2001-08-06,0.9437318409509575,0.0562681590490425,0.0
2001-08-07,0.9675311982192906,0.03246880178070981,0.0
2001-08-08,0.5030304507887536,0.4969695492112464,0.0
2001-08-09,0.4440063446815334,0.5559936553184669,0.0
2001-08-10,0.9295094135047339,0.07049058649526542,0.0
2001-08-13,0.9565015289366094,0.04349847106339113,0.0
2001-08-14,0.9636766347035713,0.0363233652964283,0.0
2001-08-15,0.8103683227464783,0.18963167725352204,0.0
2001-08-16,0.965551125547425,0.03444887445257439,0.0
2001-08-17,0.6028998684077358,0.39710013159226465,0.0
2001-08-20,0.974450275950146,0.025549724049853787,0.0
2001-08-21,0.9746187238158849,0.02538127618411559,0.0
2001-08-22,0.9603443021060073,0.03965569789399213,0.0
2001-08-23,0.9341036948567085,0.06589630514329194,0.0
2001-08-24,0.7387491321847611,0.2612508678152383,0.0
2001-08-27,0.9721400830543344,0.027859916945664382,0.0
2001-08-28,0.8137401799535088,0.18625982004649186,0.0
2001-08-29,0.9101860228084481,0.08981397719155097,0.0
2001-08-30,0.4368994472907186,0.5631005527092818,0.0
2001-08-31,0.9744291071921953,0.02557089280780403,0.0
2001-09-04,0.7595717048069807,0.24042829519301878,0.0
2001-09-05,0.947584772519595,0.05241522748040373,0.0
2001-09-06,0.4380616055741668,0.5619383944258326,0.0
2001-09-07,0.2770167770304709,0.7229832229695291,0.0
2001-09-10,0.9665001077385948,0.03349989226140472,0.0
2001-09-20,7.003309986183286e-20,1.0,0.0
2001-09-24,0.0006501884227638048,0.9993498115772362,0.0
2001-09-25,0.8842713689888804,0.1157286310111197,0.0
2001-09-26,0.9339639677720637,0.06603603222793614,0.0
2001-09-27,0.9426518859279485,0.057348114072050795,0.0
2001-09-28,0.264084724289134,0.7359152757108665,0.0
2001-10-01,0.9425328601828548,0.05746713981714587,0.0
2001-10-02,0.9414079443306557,0.05859205566934389,0.0
2001-10-03,0.5290357102585509,0.47096428974144944,0.0
2001-10-04,0.9113014515404805,0.0886985484595204,0.0
2001-10-05,0.9245365867131122,0.07546341328688706,0.0
2001-10-09,0.9322768836815922,0.06772311631840722,0.0
2001-10-11,0.2824134008181341,0.7175865991818657,0.0
2001-10-12,0.47392125568463017,0.5260787443153706,0.0
2001-10-15,0.8910125932399314,0.10898740676006906,0.0
2001-10-16,0.9613051857738656,0.03869481422613426,0.0
2001-10-17,0.9662969202956321,0.033703079704367166,0.0
2001-10-18,0.8279579872497879,0.17204201275021158,0.0
2001-10-19,0.9480855510041054,0.05191444899589537,0.0
2001-10-22,0.7701208717856597,0.2298791282143412,0.0
2001-10-23,0.9615769738711136,0.03842302612888635,0.0
2001-10-24,0.9755740761922683,0.02442592380773222,0.0
2001-10-25,0.9607312370460287,0.0392687629539709,0.0
2001-10-26,0.9562434846067059,0.04375651539329444,0.0
2001-10-29,0.12883264682212922,0.8711673531778712,0.0
2001-10-30,0.18219410199823666,0.8178058980017637,0.0
2001-10-31,0.9597734378350516,0.04022656216494812,0.0
2001-11-01,0.6527871458730026,0.34721285412699815,0.0
2001-11-02,0.8770362275409767,0.12296377245902256,0.0
2001-11-05,0.7402957746629496,0.25970422533704995,0.0
2001-11-06,0.9142494823375762,0.08575051766242332,0.0
2001-11-07,0.9198350454958848,0.08016495450411518,0.0
2001-11-08,0.3232219788042623,0.6767780211957375,0.0
2001-11-09,0.9695231778467174,0.03047682215328188,0.0
2001-11-13,0.06541806768091436,0.9345819323190858,0.0
2001-11-19,0.5266250637084826,0.47337493629151806,0.0
2001-11-20,0.8332550146466882,0.16674498535331242,0.0
2001-11-21,0.9388857870360823,0.06111421296391778,0.0
2001-11-27,0.7313984916802815,0.2686015083197183,0.0
2001-11-28,0.25216353300446975,0.7478364669955304,0.0
2001-11-29,0.9384863289051417,0.06151367109485761,0.0
2001-11-30,0.9611810601376963,0.03881893986230402,0.0
2001-12-03,0.7500858836546196,0.24991411634538035,0.0
2001-12-04,0.8825748118891293,0.11742518811087048,0.0
2001-12-06,0.9412088017284874,0.05879119827151269,0.0
2001-12-07,0.8883223579593604,0.11167764204063928,0.0
2001-12-10,0.4842798154934506,0.5157201845065499,0.0
2001-12-11,0.9523544396806142,0.04764556031938616,0.0
2001-12-12,0.8486737123051713,0.1513262876948276,0.0
2001-12-17,0.7132975890257546,0.28670241097424587,0.0
2001-12-18,0.8961305148716164,0.10386948512838265,0.0
2001-12-19,0.6890689170760698,0.31093108292393057,0.0
2001-12-20,0.7903523688341909,0.2096476311658093,0.0
2001-12-21,0.8704497096945512,0.12955029030544776,0.0
2001-12-26,0.949795316402557,0.05020468359744279,0.0
2001-12-27,0.8161163134365955,0.1838836865634047,0.0
2001-12-28,0.9453672365471033,0.05463276345289612,0.0
2001-12-31,0.7337899358403628,0.2662100641596367,0.0
2002-01-02,0.9634731042918884,0.0365268957081114,0.0
2002-01-03,0.9169118695611527,0.08308813043884786,0.0
2002-01-04,0.9465402324801423,0.053459767519857634,0.0
2002-01-07,0.862352834204873,0.1376471657951277,0.0
2002-01-08,0.9329677859488387,0.06703221405116166,0.0
2002-01-09,0.5752289175766757,0.42477108242332406,0.0
2002-01-10,0.9060928234620389,0.09390717653796085,0.0
2002-01-11,0.9265930869419233,0.07340691305807634,0.0
2002-01-14,0.7117203723948454,0.28827962760515435,0.0
2002-01-15,0.9513237666583196,0.048676233341680544,0.0
2002-01-17,0.8957090509034048,0.10429094909659499,0.0
2002-01-18,0.9396889849255828,0.06031101507441758,0.0
2002-01-22,0.9203851094159211,0.07961489058407864,0.0
2002-01-23,0.8802831683363198,0.11971683166368109,0.0
2002-01-24,0.9160372909175192,0.0839627090824804,0.0
2002-01-28,0.9562381167200567,0.0437618832799435,0.0
2002-01-29,0.05896816059572163,0.9410318394042787,0.0
2002-01-30,0.9588240897626876,0.04117591023731188,0.0
2002-01-31,0.7710695485966718,0.2289304514033277,0.0
2002-02-04,0.06553981628893679,0.9344601837110633,0.0
2002-02-06,0.7173412970737446,0.2826587029262553,0.0
2002-02-07,0.8088971407474581,0.19110285925254183,0.0
2002-02-08,0.9318564313042614,0.06814356869573893,0.0
2002-02-11,0.04272036990435586,0.9572796300956437,0.0
2002-02-12,0.8798066040926436,0.12019339590735606,0.0
2002-02-14,0.9178338068383101,0.08216619316168974,0.0
2002-02-15,0.8248850805741392,0.17511491942586146,0.0
2002-02-19,0.30517041233680836,0.6948295876631911,0.0
2002-02-20,0.9362877745370084,0.0637122254629919,0.0
2002-02-22,0.9320825365021447,0.06791746349785546,0.0
2002-02-25,0.7227949894654522,0.27720501053454855,0.0
2002-02-26,0.673181721266812,0.32681827873318886,0.0
2002-02-27,0.8216337044855029,0.17836629551449695,0.0
2002-03-01,0.35456491670523194,0.6454350832947682,0.0
2002-03-04,0.0986677150347048,0.9013322849652947,0.0
2002-03-05,0.9441331753633285,0.05586682463667153,0.0
2002-03-06,0.8888090389964189,0.1111909610035809,0.0
2002-03-08,0.7678372888683229,0.23216271113167716,0.0
2002-03-11,0.9573685651267905,0.04263143487321013,0.0
2002-03-12,0.7249331731467161,0.2750668268532842,0.0
2002-03-13,0.8850783502059537,0.11492164979404633,0.0
2002-03-15,0.839084475235145,0.16091552476485507,0.0
2002-03-18,0.6263784682433116,0.373621531756688,0.0
2002-03-19,0.9476294058730375,0.0523705941269625,0.0
2002-03-21,0.9667658765767863,0.03323412342321397,0.0
2002-03-22,0.6042043421767737,0.39579565782322607,0.0
2002-03-25,0.3389557333024129,0.6610442666975878,0.0
2002-03-26,0.8190036221958694,0.1809963778041303,0.0
2002-03-27,0.46629771672730663,0.5337022832726934,0.0
2002-03-28,0.8720968869891879,0.1279031130108124,0.0
2002-04-01,0.9701012457837888,0.02989875421621115,0.0
2002-04-02,0.9377229889349339,0.06227701106506569,0.0
2002-04-03,0.8601851437356121,0.13981485626438753,0.0
2002-04-04,0.9085457938490805,0.09145420615091997,0.0
2002-04-05,0.9470880291581928,0.05291197084180697,0.0
2002-04-08,0.9498715680304846,0.05012843196951543,0.0
2002-04-09,0.9310835050199462,0.06891649498005388,0.0
2002-04-10,0.6961603737135169,0.3038396262864821,0.0
2002-04-11,0.24000114600253833,0.7599988539974624,0.0
2002-04-15,0.9715362410201183,0.0284637589798818,0.0
2002-04-16,0.22647423351641902,0.773525766483581,0.0
2002-04-17,0.8720333595650887,0.12796664043491063,0.0
2002-04-18,0.9007741334760831,0.09922586652391657,0.0
2002-04-22,0.7675716367319844,0.23242836326801583,0.0
2002-04-24,0.8812944937183712,0.11870550628162861,0.0
2002-04-25,0.8785843804716487,0.12141561952835156,0.0
2002-04-29,0.9327642079300187,0.06723579206998073,0.0
2002-04-30,0.394283236685811,0.6057167633141886,0.0
2002-05-02,0.9542979075198514,0.045702092480148025,0.0
2002-05-03,0.6231845613691325,0.37681543863086736,0.0
2002-05-06,0.4764626266350899,0.5235373733649091,0.0
2002-05-07,0.8855664240034452,0.11443357599655438,0.0
2002-05-08,0.0054339023124727465,0.9945660976875269,0.0
2002-05-09,0.66069675009816,0.33930324990183935,0.0
2002-05-10,0.5616036230778135,0.438396376922186,0.0
2002-05-13,0.8198361338728901,0.1801638661271099,0.0
2002-05-14,0.016797922852971724,0.9832020771470275,0.0
2002-05-15,0.9336853067191297,0.06631469328087028,0.0
2002-05-16,0.9354315292659946,0.0645684707340051,0.0
2002-05-20,0.42873464775163334,0.5712653522483662,0.0
2002-05-21,0.5263752825074193,0.4736247174925806,0.0
2002-05-22,0.9486426771826022,0.05135732281739789,0.0
2002-05-23,0.9092239637764695,0.09077603622352999,0.0
2002-05-28,0.5031940480272499,0.49680595197275074,0.0
2002-05-29,0.7996341458439656,0.20036585415603417,0.0
2002-05-30,0.8170993410337701,0.18290065896623003,0.0
2002-06-03,0.21640027970980288,0.7835997202901968,0.0
2002-06-04,0.9273507534840923,0.07264924651590747,0.0
2002-06-05,0.8987352478239343,0.10126475217606609,0.0
2002-06-06,0.5586064656349723,0.44139353436502765,0.0
2002-06-07,0.3207544919469013,0.6792455080530981,0.0
2002-06-10,0.657240757261776,0.34275924273822367,0.0
2002-06-11,0.4333416576660656,0.5666583423339341,0.0
2002-06-13,0.7424745670224406,0.2575254329775598,0.0
2002-06-14,0.22965814709695861,0.7703418529030408,0.0
2002-06-17,0.00964921246878371,0.9903507875312156,0.0
2002-06-19,0.2831324729810677,0.7168675270189322,0.0
2002-06-21,0.4713795713774758,0.5286204286225241,0.0
2002-06-24,0.9340515282234,0.06594847177659935,0.0
2002-06-25,0.9441207321628532,0.05587926783714716,0.0
2002-06-27,0.13474403277687283,0.8652559672231276,0.0
2002-06-28,0.2880807443127557,0.7119192556872443,0.0
2002-07-01,0.15389114972767362,0.8461088502723265,0.0
2002-07-02,0.030804076508449515,0.9691959234915507,0.0
2002-07-03,0.9310663893317271,0.06893361066827385,0.0
2002-07-08,0.1490887893524833,0.850911210647516,0.0
2002-07-09,0.015578594687928939,0.9844214053120703,0.0
2002-07-11,0.5214365236153732,0.4785634763846261,0.0
2002-07-12,0.9420022888217892,0.05799771117821124,0.0
2002-07-15,0.04761836240439535,0.9523816375956048,0.0
2002-07-16,0.860046757968442,0.13995324203155768,0.0
2002-07-17,0.3760869600592816,0.6239130399407182,0.0
2002-07-19,4.8587861984228117e-05,0.9999514121380156,0.0
2002-07-22,0.00023100478425700126,0.9997689952157426,0.0
2002-07-23,0.0004948747922155211,0.9995051252077848,0.0
2002-07-24,0.0523219422904618,0.9476780577095384,0.0
2002-07-25,0.19532916195628472,0.8046708380437151,0.0
2002-07-26,0.07292285231239208,0.927077147687608,0.0
2002-07-29,2.446122682566217e-09,0.9999999975538776,0.0
2002-07-31,0.869470688708163,0.13052931129183773,0.0
2002-08-01,0.0009538447846296266,0.9990461552153701,0.0
2002-08-02,0.29973653063905814,0.7002634693609426,0.0
2002-08-05,0.0008810842708254127,0.9991189157291749,0.0
2002-08-06,0.0005529042193700336,0.99944709578063,0.0
2002-08-07,0.8340177198096188,0.16598228019038117,0.0
2002-08-09,0.23471877895056573,0.7652812210494339,0.0
2002-08-12,0.7753660484966586,0.22463395150334198,0.0
2002-08-13,0.7797579355962535,0.22024206440374663,0.0
2002-08-14,0.12773866842395268,0.8722613315760473,0.0
2002-08-15,0.15691235647733756,0.8430876435226621,0.0
2002-08-16,0.8909763160492385,0.10902368395076088,0.0
2002-08-19,0.031048473148099942,0.9689515268519003,0.0
2002-08-20,0.31916428409882985,0.6808357159011704,0.0
2002-08-21,0.5471613272045085,0.4528386727954909,0.0
2002-08-22,0.45648227959826726,0.5435177204017326,0.0
2002-08-26,0.5722227658287404,0.42777723417125985,0.0
2002-08-27,0.6084872623954825,0.3915127376045176,0.0
2002-08-29,0.2542040378080738,0.7457959621919265,0.0
2002-08-30,0.9559609021107378,0.0440390978892623,0.0
2002-09-03,1.858385186626325e-06,0.999998141614813,0.0
2002-09-04,0.536948957249575,0.4630510427504251,0.0
2002-09-05,0.3428952846350979,0.6571047153649022,0.0
2002-09-09,0.858695650132424,0.14130434986757615,0.0
2002-09-10,0.07619044120703956,0.9238095587929601,0.0
2002-09-12,0.002103094472249586,0.9978969055277508,0.0
2002-09-13,0.9250609598331003,0.07493904016689976,0.0
2002-09-16,0.9386450837161872,0.06135491628381296,0.0
2002-09-17,0.6491631524918681,0.35083684750813154,0.0
2002-09-18,0.6465539872154983,0.3534460127845011,0.0
2002-09-19,0.05094226089137727,0.9490577391086226,0.0
2002-09-20,0.9437584516858485,0.05624154831415188,0.0
2002-09-23,0.35747124273577335,0.642528757264227,0.0
2002-09-24,0.1440105285668358,0.8559894714331645,0.0
2002-09-26,0.004642532434260479,0.9953574675657393,0.0
2002-09-27,0.4507645198562949,0.5492354801437055,0.0
2002-09-30,0.020597682050109638,0.9794023179498906,0.0
2002-10-02,0.9380825993826818,0.061917400617318805,0.0
2002-10-03,0.6309966575595868,0.3690033424404131,0.0
2002-10-07,0.3852403853528518,0.6147596146471489,0.0
2002-10-08,0.5629644682405593,0.4370355317594404,0.0
2002-10-09,0.2581585355026956,0.7418414644973049,0.0
2002-10-10,0.033134324450042954,0.9668656755499571,0.0
2002-10-15,1.229484202832703e-09,0.9999999987705159,0.0
2002-10-17,0.14108410068569197,0.8589158993143081,0.0
2002-10-18,0.9484941783527024,0.05150582164729701,0.0
2002-10-21,0.892224559438748,0.107775440561252,0.0
2002-10-23,0.8276929497042376,0.17230705029576215,0.0
2002-10-24,0.9396234561162664,0.06037654388373352,0.0
2002-10-25,0.9162924271165751,0.08370757288342552,0.0
2002-10-28,0.7807376057809536,0.21926239421904667,0.0
2002-10-29,0.12725196200243397,0.8727480379975656,0.0
2002-10-30,0.8067230492950107,0.19327695070498924,0.0
2002-10-31,0.6430623392740155,0.3569376607259841,0.0
2002-11-01,0.6759073213677196,0.3240926786322806,0.0
2002-11-04,0.722485667877892,0.277514332122108,0.0
2002-11-05,0.9288685873329923,0.07113141266700795,0.0
2002-11-06,0.8961904008918857,0.1038095991081135,0.0
2002-11-07,0.1010244539102576,0.8989755460897424,0.0
2002-11-12,0.9294273206643245,0.07057267933567575,0.0
2002-11-13,0.8731245833183972,0.12687541668160296,0.0
2002-11-15,0.8487504323676399,0.1512495676323602,0.0
2002-11-18,0.8929594152862373,0.10704058471376253,0.0
2002-11-19,0.869409775775992,0.13059022422400776,0.0
2002-11-21,0.055577449687907,0.9444225503120937,0.0
2002-11-25,0.9576551935060176,0.042344806493982194,0.0
2002-11-27,0.04939876409253605,0.9506012359074644,0.0
2002-12-02,0.9510501916427048,0.04894980835729488,0.0
2002-12-04,0.8655305360641231,0.13446946393587636,0.0
2002-12-05,0.6940060900459402,0.30599390995406,0.0
2002-12-09,0.21753054904789862,0.7824694509521016,0.0
2002-12-11,0.9146547520646054,0.08534524793539404,0.0
2002-12-13,0.38012917357065124,0.6198708264293483,0.0
2002-12-16,0.2954022773281651,0.704597722671835,0.0
2002-12-18,0.1760865938130276,0.8239134061869728,0.0
2002-12-20,0.9102105940126685,0.08978940598733214,0.0
2002-12-23,0.9111274115533197,0.08887258844668044,0.0
2002-12-26,0.5911784694474268,0.4088215305525738,0.0
2002-12-27,0.25840838808610417,0.7415916119138952,0.0
2002-12-30,0.8466455095290187,0.15335449047098132,0.0
2003-01-02,0.0010810445795674697,0.9989189554204324,0.0
2003-01-06,0.37023863458240075,0.6297613654175994,0.0
2003-01-08,0.1987744053698164,0.8012255946301841,0.0
2003-01-10,0.8787703158483152,0.12122968415168457,0.0
2003-01-13,0.927484766098735,0.07251523390126502,0.0
2003-01-15,0.8066246472592921,0.19337535274070802,0.0
2003-01-17,0.4961302041767577,0.5038697958232421,0.0
2003-01-21,0.7749231768894754,0.22507682311052454,0.0
2003-01-22,0.4700560611609408,0.5299439388390588,0.0
2003-01-24,0.1295699339048165,0.8704300660951837,0.0
2003-01-27,0.2609256379962619,0.7390743620037378,0.0
2003-01-28,0.9368359294230096,0.06316407057699021,0.0
2003-01-30,0.8376495968925513,0.16235040310744847,0.0
2003-02-03,0.8411550347694857,0.1588449652305135,0.0
2003-02-05,0.5559389249567284,0.4440610750432717,0.0
2003-02-07,0.898020044383728,0.10197995561627184,0.0
2003-02-10,0.8248007668440308,0.17519923315596903,0.0
2003-02-11,0.8549898615918611,0.1450101384081385,0.0
2003-02-13,0.46224130592179363,0.5377586940782063,0.0
2003-02-18,0.8397092278566313,0.1602907721433679,0.0
2003-02-19,0.6814562354421387,0.31854376455786176,0.0
2003-02-21,0.47291148866311583,0.5270885113368847,0.0
2003-02-24,0.7385911888086336,0.2614088111913671,0.0
2003-02-26,0.9102400554679058,0.08975994453209415,0.0
2003-02-28,0.9359408682596111,0.0640591317403889,0.0
2003-03-03,0.8491203961145273,0.1508796038854727,0.0
2003-03-05,0.9470037457145793,0.05299625428542078,0.0
2003-03-06,0.919422321389701,0.08057767861029944,0.0
2003-03-07,0.6645195183552463,0.33548048164475425,0.0
2003-03-10,0.20493038774194228,0.7950696122580574,0.0
2003-03-12,0.9104157329957777,0.08958426700422262,0.0
2003-03-17,0.010793370026130558,0.9892066299738698,0.0
2003-03-19,0.8517873508608327,0.1482126491391667,0.0
2003-03-20,0.9412373206923617,0.058762679307637976,0.0
2003-03-24,0.0021882749042084195,0.997811725095792,0.0
2003-03-25,0.9404743705445723,0.05952562945542804,0.0
2003-03-27,0.8380973718692037,0.16190262813079695,0.0
2003-03-28,0.05220011640069767,0.9477998835993027,0.0
2003-03-31,0.03314771730097787,0.9668522826990227,0.0
2003-04-01,0.7757055977900249,0.224294402209975,0.0
2003-04-03,0.9644301910399533,0.03556980896004672,0.0
2003-04-04,0.956789572527567,0.04321042747243312,0.0
2003-04-08,0.8698245600683675,0.13017543993163283,0.0
2003-04-10,0.8530017668478227,0.14699823315217786,0.0
2003-04-14,0.7750546351316826,0.22494536486831732,0.0
2003-04-15,0.9372225687523917,0.06277743124760805,0.0
2003-04-16,0.8106995061133144,0.18930049388668616,0.0
2003-04-21,0.8662298308156414,0.1337701691843583,0.0
2003-04-22,0.7129796886595656,0.28702031134043426,0.0
2003-04-23,0.9330968548766065,0.0669031451233933,0.0
2003-04-25,0.7557779445195698,0.2442220554804299,0.0
2003-04-28,0.7702153553461413,0.22978464465385887,0.0
2003-04-29,0.9384280986480652,0.06157190135193395,0.0
2003-05-01,0.7950368801799265,0.2049631198200733,0.0
2003-05-05,0.964413880826002,0.035586119173997725,0.0
2003-05-06,0.8912459076313302,0.10875409236867037,0.0
2003-05-08,0.5098873292772408,0.4901126707227594,0.0
2003-05-12,0.9432796441655169,0.05672035583448272,0.0
2003-05-14,0.9531495524282736,0.04685044757172611,0.0
2003-05-15,0.9542650953080144,0.04573490469198554,0.0
2003-05-19,0.01343146568926945,0.98656853431073,0.0
2003-05-23,0.9497504678596925,0.05024953214030796,0.0
2003-05-27,0.888238186901066,0.11176181309893472,0.0
2003-05-29,0.9325421479525919,0.0674578520474084,0.0
2003-05-30,0.924701331051099,0.0752986689489004,0.0
2003-06-02,0.9027261241569294,0.09727387584307018,0.0
2003-06-03,0.9549330050632963,0.045066994936703186,0.0
2003-06-04,0.9005269354412865,0.0994730645587135,0.0
2003-06-05,0.8505007642315459,0.14949923576845445,0.0
2003-06-09,0.6460706009426765,0.35392939905732385,0.0
2003-06-10,0.9323148234037192,0.06768517659628066,0.0
2003-06-11,0.8595972792648906,0.14040272073510957,0.0
2003-06-12,0.9539033017807641,0.046096698219236114,0.0
2003-06-13,0.43998941699739025,0.5600105830026094,0.0
2003-06-16,0.6802727562250693,0.31972724377493106,0.0
2003-06-18,0.9206662878611556,0.07933371213884446,0.0
2003-06-19,0.724147400908695,0.2758525990913055,0.0
2003-06-23,0.6945618300424836,0.30543816995751566,0.0
2003-06-24,0.9424490076668619,0.05755099233313856,0.0
2003-06-25,0.953635388511266,0.04636461148873324,0.0
2003-06-26,0.7355801758702659,0.26441982412973386,0.0
2003-06-27,0.9564590451072639,0.043540954892736225,0.0
2003-06-30,0.9260702658360863,0.07392973416391331,0.0
2003-07-01,0.9116732457830606,0.08832675421693836,0.0
2003-07-07,0.2709794777419174,0.7290205222580824,0.0
2003-07-10,0.6782101614697119,0.3217898385302882,0.0
2003-07-14,0.9326283809256483,0.06737161907435135,0.0
2003-07-15,0.6899525744287158,0.31004742557128395,0.0
2003-07-17,0.6557662884203308,0.34423371157966964,0.0
2003-07-21,0.5052428771527924,0.49475712284720796,0.0
2003-07-24,0.9653391025870719,0.03466089741292841,0.0
2003-07-28,0.9049594564837312,0.09504054351626882,0.0
2003-07-30,0.9531855228976054,0.046814477102394086,0.0
2003-08-01,0.9310587089149992,0.06894129108500126,0.0
2003-08-04,0.9051179771746529,0.09488202282534736,0.0
2003-08-06,0.8599539816530819,0.14004601834691852,0.0
2003-08-07,0.9458309331541308,0.05416906684586979,0.0
2003-08-11,0.956676538595929,0.04332346140407081,0.0
2003-08-12,0.8770764396701214,0.122923560329879,0.0
2003-08-15,0.969378283024952,0.03062171697504778,0.0
2003-08-18,0.8450386529393502,0.15496134706064954,0.0
2003-08-20,0.962228698329146,0.037771301670854254,0.0
2003-08-22,0.9468153157257844,0.05318468427421544,0.0
2003-08-25,0.9580605615011285,0.041939438498871766,0.0
2003-08-28,0.9574709702227371,0.042529029777263215,0.0
2003-09-02,0.8421425307121048,0.15785746928789568,0.0
2003-09-03,0.9462334904904771,0.05376650950952259,0.0
2003-09-05,0.7810923176027962,0.218907682397204,0.0
2003-09-08,0.9327868874071162,0.06721311259288332,0.0
2003-09-09,0.9352405765580989,0.06475942344190136,0.0
2003-09-11,0.9640248025497866,0.035975197450213235,0.0
2003-09-15,0.9678290638815468,0.03217093611845332,0.0
2003-09-16,0.8919660126713226,0.10803398732867754,0.0
2003-09-18,0.8736386772096802,0.12636132279031922,0.0
2003-09-22,0.2517540452989453,0.7482459547010549,0.0
2003-09-24,0.8924704380603136,0.10752956193968635,0.0
2003-09-26,0.8236620351316264,0.1763379648683739,0.0
2003-09-29,0.9667307095893509,0.033269290410649126,0.0
2003-10-01,0.5463315609039722,0.4536684390960279,0.0
2003-10-03,0.03509284001418501,0.9649071599858154,0.0
2003-10-06,0.9693531723506429,0.03064682764935697,0.0
2003-10-08,0.9298645763819804,0.07013542361801921,0.0
2003-10-14,0.9657964456622354,0.03420355433776494,0.0
2003-10-16,0.9282032983164138,0.07179670168358637,0.0
2003-10-20,0.9675381411124834,0.03246185888751579,0.0
2003-10-22,0.5719757205957534,0.4280242794042462,0.0
2003-10-27,0.9628461620990159,0.0371538379009844,0.0
2003-10-28,0.84519761035039,0.1548023896496102,0.0
2003-10-30,0.9575396483050189,0.04246035169498072,0.0
2003-11-03,0.7731726376880826,0.22682736231191802,0.0
2003-11-04,0.9386541292935919,0.061345870706408095,0.0
2003-11-06,0.9477862498304093,0.0522137501695907,0.0
2003-11-10,0.8904184668676063,0.10958153313239398,0.0
2003-11-12,0.635497025789409,0.36450297421059047,0.0
2003-11-13,0.9257094442003583,0.07429055579964204,0.0
2003-11-17,0.7195092916323453,0.28049070836765533,0.0
2003-11-18,0.6908344627883074,0.30916553721169215,0.0
2003-11-20,0.9566952235842557,0.04330477641574413,0.0
2003-11-24,0.6608003865614088,0.339199613438591,0.0
2003-11-25,0.9614705460538578,0.03852945394614264,0.0
2003-12-02,0.9600093849629538,0.03999061503704573,0.0
2003-12-04,0.8910369291138954,0.10896307088610452,0.0
2003-12-08,0.9117337285012295,0.08826627149877013,0.0
2003-12-09,0.9192255222811192,0.08077447771888037,0.0
2003-12-11,0.8874672375905003,0.11253276240949929,0.0
2003-12-15,0.9637506196470399,0.03624938035295985,0.0
2003-12-16,0.8869837073628408,0.11301629263715902,0.0
2003-12-18,0.9056691428875853,0.09433085711241432,0.0
2003-12-22,0.9212752877799794,0.07872471222002016,0.0
2003-12-23,0.966462667255518,0.033537332744481785,0.0
2003-12-29,0.9072663638098554,0.09273363619014471,0.0
2003-12-31,0.9624924856632562,0.03750751433674338,0.0
2004-01-05,0.7518816748167617,0.24811832518323848,0.0
2004-01-07,0.9579848206447373,0.04201517935526263,0.0
2004-01-08,0.9623751276722474,0.03762487232775288,0.0
2004-01-12,0.9575244197851844,0.04247558021481611,0.0
2004-01-13,0.9364976124423382,0.06350238755766129,0.0
2004-01-15,0.905285365553435,0.09471463444656517,0.0
2004-01-20,0.9598121698823855,0.04018783011761447,0.0
2004-01-22,0.9206859402373805,0.07931405976261889,0.0
2004-01-26,0.9476378545422938,0.052362145457705844,0.0
2004-01-29,0.9206753664426971,0.07932463355730282,0.0
2004-02-02,0.9724051640905419,0.027594835909458538,0.0
2004-02-03,0.9578383569014053,0.04216164309859442,0.0
2004-02-05,0.9657863808378491,0.03421361916215116,0.0
2004-02-09,0.9731944441234017,0.026805555876598802,0.0
2004-02-10,0.9653451556181475,0.03465484438185267,0.0
2004-02-12,0.914854021652307,0.08514597834769282,0.0
2004-02-17,0.9417991725430305,0.05820082745696933,0.0
2004-02-18,0.7693074244344411,0.23069257556555836,0.0
2004-02-23,0.9669449496612674,0.03305505033873281,0.0
2004-02-25,0.9585203424228796,0.04147965757712089,0.0
2004-02-27,0.9726808856876895,0.027319114312310842,0.0
2004-03-04,0.9712877638742082,0.02871223612579198,0.0
2004-03-05,0.7200126529346252,0.2799873470653744,0.0
2004-03-08,0.9486988304005051,0.05130116959949445,0.0
2004-03-10,0.8076795838698301,0.19232041613017029,0.0
2004-03-15,0.7923496113402269,0.2076503886597735,0.0
2004-03-17,0.9228424528670436,0.077157547132956,0.0
2004-03-19,0.9501053866222533,0.04989461337774668,0.0
2004-03-22,0.7285947359725155,0.2714052640274849,0.0
2004-03-24,0.9526772508170354,0.04732274918296518,0.0
2004-03-26,0.9576918854351574,0.042308114564842444,0.0
2004-03-29,0.9043120549623239,0.09568794503767625,0.0
2004-03-31,0.9216246820210525,0.07837531797894684,0.0
2004-04-05,0.8442885727139217,0.15571142728607795,0.0
2004-04-07,0.9363182921319405,0.06368170786805957,0.0
2004-04-12,0.9704564431878934,0.029543556812106582,0.0
2004-04-14,0.9353261221967456,0.06467387780325462,0.0
2004-04-16,0.9458750866548564,0.054124913345143265,0.0
2004-04-19,0.9722477272213442,0.027752272778656044,0.0
2004-04-22,0.9506551614605842,0.04934483853941599,0.0
2004-04-23,0.9420623914688276,0.057937608531172434,0.0
2004-04-26,0.9707877152635808,0.029212284736419493,0.0
2004-04-28,0.21436857693891304,0.7856314230610871,0.0
2004-04-29,0.9445044667247247,0.05549553327527514,0.0
2004-05-03,0.9516375377819621,0.048362462218037736,0.0
2004-05-05,0.8674193118662817,0.13258068813371865,0.0
2004-05-06,0.9022709917386603,0.0977290082613398,0.0
2004-05-07,0.23801547163750905,0.7619845283624912,0.0
2004-05-10,0.019103645646825814,0.9808963543531741,0.0
2004-05-11,0.9519958991545385,0.04800410084546169,0.0
2004-05-12,0.9542157111586427,0.04578428884135685,0.0
2004-05-14,0.9273997453159083,0.07260025468409208,0.0
2004-05-17,0.5348420207190658,0.4651579792809346,0.0
2004-05-20,0.9541547750270503,0.04584522497294981,0.0
2004-05-24,0.9590627130084218,0.040937286991577705,0.0
2004-05-26,0.9672335461168494,0.03276645388315106,0.0
2004-05-28,0.9662869734428148,0.03371302655718543,0.0
2004-06-01,0.7240320975558564,0.27596790244414393,0.0
2004-06-02,0.9466835644890587,0.05331643551094156,0.0
2004-06-04,0.9486298695004396,0.05137013049956036,0.0
2004-06-07,0.8223633382945338,0.17763666170546613,0.0
2004-06-08,0.9694684759525,0.030531524047499866,0.0
2004-06-09,0.7035054715885116,0.29649452841148843,0.0
2004-06-14,0.8819563889775885,0.11804361102241137,0.0
2004-06-15,0.8863211467356247,0.11367885326437559,0.0
2004-06-16,0.9644132476925221,0.03558675230747764,0.0
2004-06-17,0.9768938155358488,0.02310618446415138,0.0
2004-06-21,0.9710015601201697,0.028998439879829807,0.0
2004-06-24,0.9373102361806325,0.06268976381936747,0.0
2004-06-28,0.923819507276233,0.07618049272376705,0.0
2004-06-29,0.9695682105086945,0.03043178949130534,0.0
2004-06-30,0.9598723319731174,0.04012766802688238,0.0
2004-07-01,0.9512900807150142,0.048709919284986046,0.0
2004-07-02,0.7802240986597347,0.21977590134026573,0.0
2004-07-06,0.9602668934754227,0.039733106524577705,0.0
2004-07-07,0.8392220314113715,0.16077796858862825,0.0
2004-07-08,0.9466637849742457,0.053336215025754495,0.0
2004-07-12,0.9671851945678359,0.03281480543216456,0.0
2004-07-13,0.9650722607892122,0.03492773921078731,0.0
2004-07-15,0.948526339858881,0.051473660141119294,0.0
2004-07-19,0.9645782691663214,0.03542173083367844,0.0
2004-07-21,0.9014051719342198,0.09859482806578045,0.0
2004-07-23,0.9086190400299213,0.09138095997007842,0.0
2004-07-26,0.9576668856552891,0.04233311434471063,0.0
2004-07-27,0.9245755091194965,0.07542449088050364,0.0
2004-07-28,0.9714781926346859,0.028521807365314015,0.0
2004-07-29,0.9681135511408204,0.031886448859179434,0.0
2004-07-30,0.9672925673259772,0.03270743267402271,0.0
2004-08-02,0.9732456412681251,0.026754358731875115,0.0
2004-08-04,0.9588831128495063,0.04111688715049353,0.0
2004-08-05,0.912730600679957,0.08726939932004288,0.0
2004-08-06,0.029757784715376965,0.9702422152846227,0.0
2004-08-09,0.9729197834746902,0.02708021652531026,0.0
2004-08-11,0.9632538796859182,0.03674612031408156,0.0
2004-08-12,0.9203907113938249,0.07960928860617501,0.0
2004-08-13,0.9413508914051639,0.058649108594836234,0.0
2004-08-16,0.9346518304784013,0.0653481695215983,0.0
2004-08-18,0.9619967824003518,0.03800321759964786,0.0
2004-08-19,0.92379636012891,0.07620363987109,0.0
2004-08-23,0.9418567802766454,0.05814321972335502,0.0
2004-08-24,0.9637040959304861,0.0362959040695139,0.0
2004-08-26,0.9681276687094439,0.031872331290555785,0.0
2004-08-30,0.9577148592788611,0.042285140721138786,0.0
2004-09-01,0.9723260258526001,0.027673974147400204,0.0
2004-09-02,0.9452937501450234,0.05470624985497654,0.0
2004-09-03,0.9456409202531156,0.05435907974688383,0.0
2004-09-07,0.9658730698338576,0.034126930166141704,0.0
2004-09-13,0.962219766996241,0.037780233003759336,0.0
2004-09-15,0.9388329398023827,0.061167060197617446,0.0
2004-09-16,0.9705684225613354,0.029431577438664716,0.0
2004-09-20,0.9589937097647167,0.04100629023528319,0.0
2004-09-21,0.9572648727051593,0.04273512729484131,0.0
2004-09-22,0.9258201785214868,0.07417982147851297,0.0
2004-09-23,0.9590991501456526,0.04090084985434774,0.0
2004-09-24,0.9726704483309583,0.02732955166904166,0.0
2004-09-27,0.9545042827828785,0.04549571721712205,0.0
2004-09-28,0.9376465822399738,0.06235341776002645,0.0
2004-09-29,0.9496721585130409,0.050327841486959124,0.0
2004-09-30,0.9417219775197325,0.05827802248026752,0.0
2004-10-01,0.6524674150475503,0.34753258495244954,0.0
2004-10-04,0.9490708498283853,0.050929150171614875,0.0
2004-10-05,0.971030671727429,0.028969328272571763,0.0
2004-10-06,0.9729950738781383,0.02700492612186159,0.0
2004-10-07,0.9637636738412637,0.03623632615873625,0.0
2004-10-12,0.9391372697195868,0.060862730280413,0.0
2004-10-13,0.9501712603902667,0.04982873960973363,0.0
2004-10-15,0.9685052047109997,0.03149479528899987,0.0
2004-10-18,0.9685729295054107,0.03142707049458889,0.0
2004-10-20,0.9181958447843654,0.08180415521563457,0.0
2004-10-22,0.9689013843474245,0.03109861565257521,0.0
2004-10-25,0.555124037812558,0.4448759621874418,0.0
2004-10-27,0.7691242066693951,0.23087579333060523,0.0
2004-10-28,0.9634536507645559,0.036546349235444454,0.0
2004-10-29,0.9720778562454111,0.027922143754588444,0.0
2004-11-02,0.9380798064919033,0.06192019350809669,0.0
2004-11-03,0.9580020474926739,0.041997952507325916,0.0
2004-11-08,0.9710475993093839,0.02895240069061586,0.0
2004-11-09,0.9718379402056841,0.028162059794316085,0.0
2004-11-10,0.9611422271131812,0.038857772886818846,0.0
2004-11-12,0.9481880878959951,0.05181191210400484,0.0
2004-11-15,0.9623932245897473,0.03760677541025279,0.0
2004-11-16,0.8679289781893841,0.1320710218106163,0.0
2004-11-17,0.9687782129648347,0.031221787035165247,0.0
2004-11-18,0.9701317066785996,0.02986829332140056,0.0
2004-11-22,0.9698705915444431,0.030129408455556676,0.0
2004-11-23,0.9304266214687774,0.06957337853122202,0.0
2004-11-24,0.9296963149503711,0.07030368504962903,0.0
2004-11-29,0.9721253290880996,0.027874670911900143,0.0
2004-12-01,0.9077853007877779,0.0922146992122223,0.0
2004-12-02,0.8837755114733921,0.11622448852660754,0.0
2004-12-03,0.938346522081328,0.061653477918672504,0.0
2004-12-06,0.9586294192378096,0.041370580762190266,0.0
2004-12-08,0.9415459422357486,0.0584540577642508,0.0
2004-12-09,0.9760552185567303,0.02394478144326973,0.0
2004-12-10,0.9756897922441539,0.02431020775584627,0.0
2004-12-13,0.9557426897204763,0.044257310279523766,0.0
2004-12-14,0.9704369594576266,0.029563040542373225,0.0
2004-12-15,0.9319797422069805,0.068020257793019,0.0
2004-12-16,0.9549208189779107,0.045079181022089805,0.0
2004-12-17,0.9472750354521872,0.0527249645478135,0.0
2004-12-20,0.9489851557480761,0.051014844251924485,0.0
2004-12-21,0.9668978867491732,0.03310211325082674,0.0
2004-12-22,0.9664656414295675,0.03353435857043222,0.0
2004-12-23,0.9663331311556796,0.03366686884432088,0.0
2004-12-27,0.9101760498583058,0.08982395014169453,0.0
2004-12-28,0.9660297943774859,0.03397020562251434,0.0
2004-12-29,0.9614604786134643,0.038539521386535845,0.0
2004-12-30,0.9623345892775613,0.03766541072243915,0.0
2005-01-03,0.9331144520302773,0.06688554796972242,0.0
2005-01-05,0.9575400734199193,0.04245992658008068,0.0
2005-01-06,0.951473109855781,0.048526890144219174,0.0
2005-01-07,0.9720920927722281,0.027907907227771814,0.0
2005-01-10,0.9743459131914741,0.025654086808525836,0.0
2005-01-11,0.957354608830088,0.04264539116991181,0.0
2005-01-12,0.9325314124715284,0.06746858752847183,0.0
2005-01-13,0.9580596214538835,0.041940378546116375,0.0
2005-01-18,0.9730829024824569,0.026917097517542937,0.0
2005-01-19,0.966728230858085,0.033271769141914674,0.0
2005-01-20,0.94332183069125,0.05667816930875039,0.0
2005-01-21,0.9487135833802077,0.05128641661979203,0.0
2005-01-24,0.965811465019046,0.03418853498095383,0.0
2005-01-25,0.8859227168062022,0.11407728319379816,0.0
2005-01-27,0.9769469554076678,0.02305304459233223,0.0
2005-01-31,0.9581690758517488,0.04183092414825126,0.0
2005-02-01,0.972874865870408,0.027125134129591874,0.0
2005-02-02,0.9740048297790896,0.02599517022091025,0.0
2005-02-03,0.9713728043821186,0.02862719561788145,0.0
2005-02-04,0.952662466951803,0.047337533048196816,0.0
2005-02-07,0.9505989056866007,0.04940109431339946,0.0
2005-02-08,0.9714582279418609,0.028541772058139094,0.0
2005-02-09,0.9516799268432181,0.048320073156781926,0.0
2005-02-10,0.9469260072653006,0.05307399273469915,0.0
2005-02-11,0.9643334834916859,0.03566651650831357,0.0
2005-02-14,0.9747865774856628,0.025213422514337305,0.0
2005-02-15,0.9735877667872609,0.026412233212739316,0.0
2005-02-16,0.976734771798883,0.0232652282011173,0.0
2005-02-17,0.9574333159789017,0.04256668402109761,0.0
2005-02-18,0.9730876013628026,0.026912398637197306,0.0
2005-02-22,0.6996420851186345,0.3003579148813653,0.0
2005-02-23,0.9778438654463723,0.02215613455362766,0.0
2005-02-24,0.9685122638068185,0.031487736193181584,0.0
2005-02-25,0.9402937932993544,0.05970620670064571,0.0
2005-02-28,0.9684815265943884,0.031518473405611654,0.0
2005-03-01,0.9474726104143496,0.052527389585650175,0.0
2005-03-02,0.967554190035516,0.032445809964484325,0.0
2005-03-03,0.9733932562772417,0.026606743722758373,0.0
2005-03-04,0.9303933042213187,0.06960669577868088,0.0
2005-03-07,0.9771217968746656,0.02287820312533429,0.0
2005-03-08,0.9269520529854707,0.07304794701452953,0.0
2005-03-09,0.9473681717593725,0.05263182824062774,0.0
2005-03-10,0.9727384604535156,0.027261539546484356,0.0
2005-03-11,0.975676904426626,0.024323095573374198,0.0
2005-03-14,0.9690642306607494,0.03093576933925045,0.0
2005-03-15,0.9736446336937905,0.02635536630620974,0.0
2005-03-16,0.9368933606272299,0.06310663937276975,0.0
2005-03-17,0.9769506489148464,0.023049351085153474,0.0
2005-03-18,0.9729956131187317,0.027004386881267932,0.0
2005-03-21,0.9541442406034844,0.045855759396515684,0.0
2005-03-22,0.951881754505832,0.048118245494168106,0.0
2005-03-23,0.9338076975545146,0.06619230244548518,0.0
2005-03-24,0.9756354779988854,0.02436452200111464,0.0
2005-03-28,0.974529539844521,0.02547046015547938,0.0
2005-03-29,0.9678768805180773,0.03212311948192272,0.0
2005-03-30,0.9733855427555494,0.026614457244450697,0.0
2005-03-31,0.9735131063436063,0.02648689365639326,0.0
2005-04-01,0.9762413304573876,0.023758669542612496,0.0
2005-04-04,0.967599405461425,0.0324005945385756,0.0
2005-04-05,0.9732648145401686,0.026735185459831147,0.0
2005-04-06,0.9783163766002552,0.021683623399745146,0.0
2005-04-07,0.9642634068577242,0.035736593142275605,0.0
2005-04-08,0.96805403366669,0.03194596633330981,0.0
2005-04-11,0.9546478553469961,0.0453521446530034,0.0
2005-04-12,0.9758083479242695,0.024191652075730822,0.0
2005-04-13,0.9369959495425848,0.06300405045741517,0.0
2005-04-14,0.9112516458156539,0.08874835418434654,0.0
2005-04-15,0.6583714074342749,0.3416285925657251,0.0
2005-04-18,0.7982453152574489,0.20175468474255107,0.0
2005-04-19,0.9591816980285751,0.04081830197142474,0.0
2005-04-20,0.9545971051163207,0.045402894883679226,0.0
2005-04-21,0.9033538097090804,0.09664619029091888,0.0
2005-04-25,0.9755718334790198,0.024428166520979646,0.0
2005-04-27,0.8819971686660917,0.118002831333908,0.0
2005-04-28,0.9529358160204155,0.0470641839795851,0.0
2005-04-29,0.9478453434150409,0.052154656584958665,0.0
2005-05-02,0.9762795262685096,0.023720473731490662,0.0
2005-05-03,0.9473876397952414,0.05261236020475826,0.0
2005-05-04,0.9564975272797381,0.04350247272026172,0.0
2005-05-05,0.979673800942264,0.02032619905773615,0.0
2005-05-06,0.9473456876796137,0.05265431232038635,0.0
2005-05-09,0.9790613566865382,0.020938643313461285,0.0
2005-05-10,0.9204346818241007,0.07956531817589929,0.0
2005-05-11,0.9782294823092045,0.021770517690795636,0.0
2005-05-12,0.941093574091511,0.05890642590848916,0.0
2005-05-13,0.9699749479899887,0.030025052010011145,0.0
2005-05-16,0.9785695190637045,0.02143048093629571,0.0
2005-05-17,0.970640025317745,0.0293599746822549,0.0
2005-05-18,0.9594848751006971,0.04051512489930311,0.0
2005-05-19,0.9692646541472494,0.030735345852750322,0.0
2005-05-20,0.974032615996982,0.02596738400301855,0.0
2005-05-23,0.9767119047055335,0.023288095294466342,0.0
2005-05-25,0.977779993775948,0.022220006224052017,0.0
2005-05-26,0.9600811395699286,0.039918860430071756,0.0
2005-05-27,0.9071902390509861,0.09280976094901358,0.0
2005-05-31,0.9600656176469383,0.039934382353061404,0.0
2005-06-01,0.958610689869522,0.04138931013047788,0.0
2005-06-02,0.9773325271727656,0.022667472827234247,0.0
2005-06-03,0.9688317165710388,0.031168283428961018,0.0
2005-06-06,0.9688557989163025,0.03114420108369719,0.0
2005-06-07,0.9591509046583575,0.04084909534164243,0.0
2005-06-08,0.9719879827456606,0.02801201725433958,0.0
2005-06-09,0.9599725284553645,0.04002747154463604,0.0
2005-06-10,0.6918605032649833,0.30813949673501684,0.0
2005-06-13,0.9540926866641185,0.045907313335881515,0.0
2005-06-14,0.967614972829952,0.03238502717004736,0.0
2005-06-15,0.9801729092263736,0.019827090773626443,0.0
2005-06-16,0.951850579402808,0.0481494205971923,0.0
2005-06-17,0.9603488424940833,0.03965115750591698,0.0
2005-06-20,0.9614699225975842,0.038530077402415985,0.0
2005-06-21,0.9558684426288978,0.044131557371102005,0.0
2005-06-22,0.9736090061433226,0.026390993856677227,0.0
2005-06-23,0.9590561384150978,0.04094386158490191,0.0
2005-06-24,0.9470644915738687,0.05293550842613133,0.0
2005-06-27,0.954832783651753,0.045167216348247115,0.0
2005-06-28,0.9330135567271748,0.06698644327282505,0.0
2005-06-29,0.8458993987555653,0.15410060124443453,0.0
2005-06-30,0.962151858312481,0.03784814168751821,0.0
2005-07-01,0.9267260222783763,0.07327397772162358,0.0
2005-07-05,0.4798681932399816,0.5201318067600188,0.0
2005-07-06,0.9788227508214776,0.021177249178522522,0.0
2005-07-07,0.9555007637613873,0.04449923623861284,0.0
2005-07-08,0.9382006445000887,0.06179935549991138,0.0
2005-07-11,0.9563350715930321,0.043664928406968166,0.0
2005-07-12,0.9614860251054832,0.03851397489451726,0.0
2005-07-13,0.9617965304670522,0.038203469532947405,0.0
2005-07-14,0.939962178025761,0.06003782197423923,0.0
2005-07-15,0.9750931482421262,0.024906851757873633,0.0
2005-07-18,0.9644398213098387,0.03556017869016119,0.0
2005-07-19,0.9677981854759616,0.03220181452403834,0.0
2005-07-20,0.9786637450808838,0.02133625491911652,0.0
2005-07-21,0.5880092130279425,0.4119907869720575,0.0
2005-07-22,0.9796893414976652,0.02031065850233485,0.0
2005-07-25,0.9764298881133797,0.02357011188661975,0.0
2005-07-26,0.9701587101505929,0.029841289849407062,0.0
2005-07-27,0.9777995069405045,0.022200493059495542,0.0
2005-07-28,0.9674806835382598,0.03251931646174026,0.0
2005-07-29,0.9739061306077937,0.026093869392206388,0.0
2005-08-01,0.9784358561226779,0.021564143877322303,0.0
2005-08-02,0.9704897541984752,0.029510245801524473,0.0
2005-08-03,0.7701462114789208,0.22985378852107893,0.0
2005-08-04,0.968046027057671,0.031953972942329684,0.0
2005-08-05,0.9591823190014146,0.040817680998585223,0.0
2005-08-08,0.9755751126643024,0.02442488733569739,0.0
2005-08-09,0.9757509190842325,0.02424908091576759,0.0
2005-08-10,0.9723519788807305,0.02764802111926969,0.0
2005-08-11,0.9376575596307877,0.06234244036921203,0.0
2005-08-12,0.9613415556367073,0.03865844436329291,0.0
2005-08-15,0.9791234937538028,0.02087650624619727,0.0
2005-08-16,0.9583499392880122,0.04165006071198806,0.0
2005-08-17,0.9626499109307415,0.03735008906925827,0.0
2005-08-18,0.9607774216657184,0.039222578334281284,0.0
2005-08-19,0.9798392326560311,0.02016076734396916,0.0
2005-08-22,0.9669951998084572,0.03300480019154282,0.0
2005-08-23,0.9758694530589598,0.024130546941040755,0.0
2005-08-24,0.9538227979585019,0.04617720204149791,0.0
2005-08-25,0.9710388912141581,0.028961108785842193,0.0
2005-08-26,0.9696836508977433,0.03031634910225589,0.0
2005-08-29,0.9521936253299945,0.04780637467000589,0.0
2005-08-30,0.9329158167285826,0.06708418327141784,0.0
2005-08-31,0.9137245664936986,0.08627543350630157,0.0
2005-09-01,0.9305498282156532,0.06945017178434666,0.0
2005-09-02,0.9648910600363607,0.035108939963639466,0.0
2005-09-06,0.9498779840594156,0.050122015940584415,0.0
2005-09-07,0.9713317490126305,0.0286682509873696,0.0
2005-09-08,0.9568897398330266,0.04311026016697363,0.0
2005-09-09,0.955909353374399,0.044090646625600596,0.0
2005-09-12,0.9576392899937832,0.04236071000621665,0.0
2005-09-13,0.962780058555835,0.0372199414441651,0.0
2005-09-14,0.9194100272552813,0.08058997274471902,0.0
2005-09-15,0.9471935726319625,0.052806427368037916,0.0
2005-09-16,0.7856115573729585,0.2143884426270419,0.0
2005-09-19,0.3416438424089911,0.6583561575910087,0.0
2005-09-20,0.9675879415518451,0.03241205844815501,0.0
2005-09-21,0.7801147367890154,0.2198852632109839,0.0
2005-09-22,0.975487956644212,0.02451204335578813,0.0
2005-09-23,0.9681891412938459,0.031810858706154195,0.0
2005-09-26,0.9540827744737117,0.04591722552628863,0.0
2005-09-27,0.9752404659634207,0.02475953403657938,0.0
2005-09-28,0.9632155091978941,0.03678449080210568,0.0
2005-09-29,0.970020907736199,0.02997909226380145,0.0
2005-09-30,0.9731421443568388,0.026857855643161278,0.0
2005-10-03,0.9543190802263073,0.045680919773693186,0.0
2005-10-04,0.9668267933712261,0.03317320662877362,0.0
2005-10-05,0.8187436754043459,0.18125632459565394,0.0
2005-10-06,0.3481019528093331,0.651898047190667,0.0
2005-10-07,0.9481918362261877,0.051808163773812345,0.0
2005-10-11,0.9655531805196187,0.034446819480380954,0.0
2005-10-12,0.93986959369958,0.060130406300419895,0.0
2005-10-14,0.9357836527638658,0.06421634723613404,0.0
2005-10-17,0.966462277929929,0.03353772207007077,0.0
2005-10-18,0.9470482500936779,0.05295174990632258,0.0
2005-10-19,0.9524540982832115,0.047545901716788894,0.0
2005-10-20,0.9485052523441542,0.0514947476558463,0.0
2005-10-21,0.9152407350150368,0.08475926498496325,0.0
2005-10-24,0.9385221260203236,0.06147787397967605,0.0
2005-10-25,0.8838699123484003,0.11613008765159964,0.0
2005-10-26,0.9612052730151981,0.03879472698480182,0.0
2005-10-27,0.9284919027270325,0.07150809727296804,0.0
2005-10-31,0.9090015861537031,0.09099841384629706,0.0
2005-11-01,0.981007830481245,0.018992169518754994,0.0
2005-11-02,0.9599980780191222,0.04000192198087808,0.0
2005-11-03,0.8748114510954689,0.12518854890453116,0.0
2005-11-04,0.9403955444844175,0.05960445551558225,0.0
2005-11-07,0.9830437460843169,0.016956253915682833,0.0
2005-11-08,0.9779774257135826,0.02202257428641732,0.0
2005-11-09,0.8849651790387556,0.1150348209612443,0.0
2005-11-10,0.9751283711024125,0.024871628897587764,0.0
2005-11-14,0.9786055288999368,0.021394471100063317,0.0
2005-11-15,0.9693069732284598,0.030693026771540403,0.0
2005-11-16,0.6626835729050436,0.3373164270949564,0.0
2005-11-17,0.9512980618091773,0.0487019381908225,0.0
2005-11-18,0.9649414015634312,0.03505859843656827,0.0
2005-11-21,0.9579986103265545,0.04200138967344555,0.0
2005-11-22,0.9817497929548399,0.01825020704516026,0.0
2005-11-23,0.9012488471153561,0.09875115288464381,0.0
2005-11-28,0.962039521308848,0.03796047869115192,0.0
2005-11-29,0.9783295688208509,0.021670431179149074,0.0
2005-11-30,0.8868837625740318,0.11311623742596823,0.0
2005-12-01,0.9010475255032117,0.09895247449678811,0.0
2005-12-02,0.9118807445475591,0.08811925545244075,0.0
2005-12-05,0.9827724564401266,0.01722754355987307,0.0
2005-12-06,0.928405632915155,0.0715943670848449,0.0
2005-12-07,0.9561129636802471,0.043887036319752805,0.0
2005-12-08,0.9383377626151731,0.0616622373848274,0.0
2005-12-09,0.9743857664327815,0.025614233567218876,0.0
2005-12-12,0.9595185921785262,0.040481407821473636,0.0
2005-12-13,0.9778292383135063,0.022170761686494067,0.0
2005-12-14,0.6632811954078561,0.3367188045921442,0.0
2005-12-15,0.92238702845231,0.07761297154769015,0.0
2005-12-16,0.9689805215902091,0.031019478409790784,0.0
2005-12-19,0.9780649483633841,0.021935051636616302,0.0
2005-12-20,0.9712993093936084,0.028700690606391473,0.0
2005-12-21,0.9441410482239707,0.05585895177602935,0.0
2005-12-22,0.9261796019476435,0.07382039805235678,0.0
2005-12-23,0.9788231286720187,0.021176871327981205,0.0
2005-12-27,0.9510710224398263,0.048928977560173836,0.0
2005-12-28,0.9777668995273187,0.022233100472681178,0.0
2005-12-29,0.9581188835074942,0.04188111649250575,0.0
2005-12-30,0.9675881613786708,0.03241183862132894,0.0
2006-01-03,0.4701209409885758,0.5298790590114238,0.0
2006-01-04,0.95091182882822,0.04908817117177988,0.0
2006-01-05,0.9645177486274201,0.03548225137257985,0.0
2006-01-06,0.9519760296864314,0.048023970313568656,0.0
2006-01-09,0.9807015848073405,0.019298415192659492,0.0
2006-01-10,0.9764971476592235,0.023502852340776342,0.0
2006-01-11,0.9762082515398707,0.023791748460129637,0.0
2006-01-12,0.9762048932542604,0.023795106745739755,0.0
2006-01-13,0.9254972354679609,0.07450276453203872,0.0
2006-01-18,0.9131856233064984,0.08681437669350221,0.0
2006-01-19,0.9466880907496568,0.05331190925034356,0.0
2006-01-20,0.9328669709775079,0.06713302902249164,0.0
2006-01-23,0.9455058458371418,0.054494154162858376,0.0
2006-01-24,0.9813713792391,0.01862862076089971,0.0
2006-01-25,0.9584159690949031,0.0415840309050971,0.0
2006-01-26,0.9563900730832828,0.04360992691671712,0.0
2006-01-27,0.9171078260355977,0.08289217396440234,0.0
2006-01-30,0.9736144073873079,0.02638559261269201,0.0
2006-01-31,0.9130695849173158,0.08693041508268415,0.0
2006-02-01,0.9770619579325419,0.022938042067458378,0.0
2006-02-02,0.9670239522022884,0.03297604779771178,0.0
2006-02-03,0.9226203470187274,0.07737965298127285,0.0
2006-02-06,0.9056459371682136,0.09435406283178643,0.0
2006-02-07,0.30695998745769804,0.6930400125423022,0.0
2006-02-08,0.9822192670771598,0.01778073292284021,0.0
2006-02-09,0.9801725430487027,0.019827456951296507,0.0
2006-02-10,0.9457380833779365,0.0542619166220633,0.0
2006-02-13,0.968538633390038,0.03146136660996206,0.0
2006-02-14,0.9687728090828034,0.03122719091719633,0.0
2006-02-15,0.9622778793020963,0.03772212069790341,0.0
2006-02-16,0.9723799380734202,0.027620061926580182,0.0
2006-02-17,0.9791214053241514,0.020878594675848818,0.0
2006-02-21,0.9755650676584388,0.024434932341560953,0.0
2006-02-22,0.9708190110898348,0.02918098891016496,0.0
2006-02-23,0.8843607391226864,0.11563926087731409,0.0
2006-02-24,0.969033025697638,0.030966974302361682,0.0
2006-02-27,0.8857954671794094,0.11420453282059091,0.0
2006-02-28,0.9158794275732542,0.08412057242674598,0.0
2006-03-01,0.9756172006424286,0.024382799357571386,0.0
2006-03-02,0.9635954108355601,0.036404589164440594,0.0
2006-03-03,0.9756116390733771,0.024388360926622873,0.0
2006-03-06,0.955052631128894,0.04494736887110561,0.0
2006-03-07,0.9641402165941853,0.035859783405815276,0.0
2006-03-08,0.971906167200293,0.028093832799706973,0.0
2006-03-09,0.9582637752917001,0.04173622470829995,0.0
2006-03-10,0.9474185238553062,0.052581476144694286,0.0
2006-03-13,0.9772569827355272,0.022743017264472257,0.0
2006-03-14,0.9539774694581337,0.046022530541866224,0.0
2006-03-15,0.9731117457366991,0.02688825426330127,0.0
2006-03-16,0.9608393977125682,0.039160602287431755,0.0
2006-03-17,0.9799463476300361,0.020053652369963596,0.0
2006-03-20,0.9788824645285663,0.02111753547143362,0.0
2006-03-21,0.9601905184162043,0.039809481583796096,0.0
2006-03-22,0.9810595223023363,0.018940477697663678,0.0
2006-03-23,0.9472239113318217,0.052776088668177866,0.0
2006-03-24,0.9661784135549939,0.0338215864450063,0.0
2006-03-27,0.9184652179254762,0.08153478207452376,0.0
2006-03-28,0.9551641024989995,0.04483589750100036,0.0
2006-03-29,0.84855429034391,0.15144570965609008,0.0
2006-03-30,0.963113281075969,0.036886718924031135,0.0
2006-03-31,0.9723850126777037,0.027614987322296253,0.0
2006-04-03,0.9756637843314425,0.02433621566855787,0.0
2006-04-04,0.9575625870632988,0.04243741293670117,0.0
2006-04-05,0.9798162989624913,0.020183701037509005,0.0
2006-04-06,0.977581137679758,0.022418862320242233,0.0
2006-04-07,0.9537590053841674,0.046240994615832594,0.0
2006-04-10,0.9794452358834294,0.020554764116570666,0.0
2006-04-11,0.9400237443182139,0.059976255681786085,0.0
2006-04-12,0.9452842425683547,0.05471575743164464,0.0
2006-04-13,0.9785475840842741,0.02145241591572559,0.0
2006-04-17,0.8823087236957168,0.11769127630428335,0.0
2006-04-18,0.9517124068057915,0.04828759319420851,0.0
2006-04-19,0.958530260475653,0.041469739524346905,0.0
2006-04-20,0.44664016477972246,0.5533598352202777,0.0
2006-04-21,0.9691673319337508,0.030832668066249187,0.0
2006-04-24,0.9114819027408911,0.0885180972591089,0.0
2006-04-25,0.9810934461896603,0.01890655381033985,0.0
2006-04-26,0.976195275080898,0.023804724919102044,0.0
2006-04-27,0.79078972783011,0.2092102721698899,0.0
2006-04-28,0.8991802183000223,0.10081978169997818,0.0
2006-05-01,0.9774100531020958,0.022589946897904084,0.0
2006-05-02,0.9761450055163472,0.023854994483652924,0.0
2006-05-03,0.9742955582687866,0.025704441731213286,0.0
2006-05-04,0.9748797698991588,0.02512023010084114,0.0
2006-05-05,0.9322751107374467,0.06772488926255342,0.0
2006-05-08,0.9788750226319922,0.02112497736800755,0.0
2006-05-09,0.9322387147553688,0.06776128524463083,0.0
2006-05-10,0.9783440508677382,0.021655949132262427,0.0
2006-05-11,0.9259743938481856,0.07402560615181385,0.0
2006-05-12,0.7977750681160176,0.20222493188398233,0.0
2006-05-15,0.5387249566457969,0.46127504335420305,0.0
2006-05-16,0.9725280476920896,0.027471952307910413,0.0
2006-05-17,0.7490610965899487,0.2509389034100516,0.0
2006-05-18,0.9409677202308041,0.05903227976919615,0.0
2006-05-19,0.9372318364437093,0.06276816355629034,0.0
2006-05-22,0.8690929504659407,0.13090704953405885,0.0
2006-05-23,0.9390889957247432,0.06091100427525645,0.0
2006-05-24,0.8364602103293252,0.16353978967067492,0.0
2006-05-25,0.8923903439857859,0.10760965601421432,0.0
2006-05-26,0.9270125100063554,0.07298748999364409,0.0
2006-05-30,0.8428871810197851,0.15711281898021506,0.0
2006-05-31,0.9561082472359279,0.04389175276407261,0.0
2006-06-01,0.9629656064029489,0.03703439359705108,0.0
2006-06-02,0.8977760535307239,0.10222394646927631,0.0
2006-06-05,0.9070062767814105,0.0929937232185894,0.0
2006-06-06,0.7951513642139095,0.20484863578609033,0.0
2006-06-07,0.9599911904335858,0.04000880956641399,0.0
2006-06-08,0.7594961179292089,0.24050388207079157,0.0
2006-06-09,0.9731779653261321,0.02682203467386818,0.0
2006-06-12,0.9303840645388168,0.06961593546118311,0.0
2006-06-13,0.30123555427210835,0.698764445727892,0.0
2006-06-14,0.9709813838680686,0.029018616131931088,0.0
2006-06-15,0.40138915146445686,0.598610848535543,0.0
2006-06-16,0.9795471559494275,0.020452844050572058,0.0
2006-06-19,0.9564560460359218,0.043543953964078744,0.0
2006-06-20,0.963259076851222,0.03674092314877776,0.0
2006-06-21,0.9382056541924116,0.06179434580758822,0.0
2006-06-22,0.9753778053006847,0.024622194699315127,0.0
2006-06-23,0.9616307688261228,0.03836923117387756,0.0
2006-06-26,0.984004608697226,0.015995391302774085,0.0
2006-06-27,0.9483543819999523,0.05164561800004821,0.0
2006-06-28,0.981346987134908,0.018653012865092147,0.0
2006-06-29,0.3962420753858293,0.6037579246141705,0.0
2006-06-30,0.6469170477611553,0.35308295223884484,0.0
2006-07-03,0.9224834484107818,0.07751655158921839,0.0
2006-07-05,0.9005028136367572,0.0994971863632427,0.0
2006-07-06,0.9820299722587428,0.01797002774125714,0.0
2006-07-07,0.9249950769018663,0.0750049230981333,0.0
2006-07-10,0.9820331974710705,0.01796680252892951,0.0
2006-07-11,0.972002526006286,0.02799747399371376,0.0
2006-07-12,0.960014533816472,0.03998546618352844,0.0
2006-07-13,0.8226418724487684,0.1773581275512316,0.0
2006-07-14,0.8410393429063587,0.15896065709364107,0.0
2006-07-17,0.9153018361414227,0.08469816385857715,0.0
2006-07-18,0.9714007931469398,0.028599206853060125,0.0
2006-07-19,0.79103391601826,0.20896608398174005,0.0
2006-07-20,0.7374368236341173,0.2625631763658829,0.0
2006-07-21,0.9152442724736214,0.08475572752637843,0.0
2006-07-24,0.903102609579913,0.09689739042008674,0.0
2006-07-25,0.9576692849143674,0.04233071508563278,0.0
2006-07-26,0.9782297553798388,0.021770244620161538,0.0
2006-07-27,0.6432656522013711,0.35673434779862884,0.0
2006-07-28,0.9515750597391102,0.048424940260889525,0.0
2006-07-31,0.9704844404069317,0.02951555959306844,0.0
2006-08-01,0.8692604805773765,0.1307395194226236,0.0
2006-08-02,0.9736484616214524,0.026351538378547878,0.0
2006-08-03,0.9745985880003403,0.025401411999659573,0.0
2006-08-04,0.9476952488199717,0.05230475118002801,0.0
2006-08-07,0.9285459911379207,0.07145400886207923,0.0
2006-08-08,0.9819446995439988,0.01805530045600122,0.0
2006-08-09,0.9803426932515433,0.019657306748456435,0.0
2006-08-10,0.9743861599446806,0.025613840055319328,0.0
2006-08-11,0.9725943506792718,0.02740564932072839,0.0
2006-08-14,0.9701328193536307,0.02986718064636943,0.0
2006-08-15,0.9603315599075493,0.03966844009245072,0.0
2006-08-16,0.9676315457973741,0.032368454202626004,0.0
2006-08-17,0.9657037083267199,0.03429629167328009,0.0
2006-08-18,0.9848099553516363,0.015190044648363876,0.0
2006-08-21,0.7982435895871004,0.20175641041289963,0.0
2006-08-22,0.9837454626691988,0.016254537330801205,0.0
2006-08-23,0.9792406006535057,0.020759399346493707,0.0
2006-08-24,0.9727672429076306,0.027232757092369563,0.0
2006-08-25,0.9801172711728356,0.019882728827164055,0.0
2006-08-28,0.9646606958574447,0.035339304142555136,0.0
2006-08-29,0.9815378366768147,0.018462163323185152,0.0
2006-08-30,0.9808941220521132,0.019105877947887,0.0
2006-08-31,0.9837695356848914,0.01623046431510857,0.0
2006-09-01,0.9803017853529915,0.019698214647008924,0.0
2006-09-05,0.9415372745025677,0.05846272549743184,0.0
2006-09-06,0.9513998841985154,0.04860011580148454,0.0
2006-09-07,0.9251576115736541,0.07484238842634591,0.0
2006-09-08,0.9612410695745053,0.03875893042549464,0.0
2006-09-11,0.302642084392683,0.6973579156073169,0.0
2006-09-12,0.9621209181311732,0.03787908186882688,0.0
2006-09-13,0.9832139036151966,0.01678609638480305,0.0
2006-09-14,0.857232849894294,0.14276715010570618,0.0
2006-09-15,0.976465679172913,0.023534320827086987,0.0
2006-09-18,0.9669994686647678,0.0330005313352322,0.0
2006-09-19,0.8300336958238695,0.16996630417612998,0.0
2006-09-20,0.9816717272526464,0.018328272747353554,0.0
2006-09-21,0.9817456955494774,0.018254304450522348,0.0
2006-09-22,0.9061916038783188,0.09380839612168103,0.0
2006-09-25,0.9820435396406293,0.017956460359370898,0.0
2006-09-26,0.9450130791332537,0.05498692086674667,0.0
2006-09-27,0.9778288460856834,0.022171153914316864,0.0
2006-09-28,0.9784390500980822,0.02156094990191785,0.0
2006-09-29,0.9813047439874868,0.018695256012513293,0.0
2006-10-02,0.9754030598887755,0.02459694011122452,0.0
2006-10-03,0.36883170188891345,0.6311682981110867,0.0
2006-10-04,0.9805412233327149,0.019458776667285183,0.0
2006-10-05,0.9715817116989863,0.02841828830101335,0.0
2006-10-06,0.9610931549121249,0.03890684508787518,0.0
2006-10-10,0.9632715361505441,0.0367284638494561,0.0
2006-10-11,0.9674935099828064,0.03250649001719388,0.0
2006-10-12,0.9692225276707266,0.03077747232927362,0.0
2006-10-13,0.9647150097693563,0.0352849902306436,0.0
2006-10-16,0.970386884073119,0.029613115926881504,0.0
2006-10-17,0.9629147765236334,0.037085223476366495,0.0
2006-10-18,0.9727078339424022,0.027292166057597333,0.0
2006-10-19,0.9575798640535859,0.04242013594641433,0.0
2006-10-20,0.9698704995132656,0.030129500486734503,0.0
2006-10-23,0.9730441926317134,0.026955807368286476,0.0
2006-10-24,0.985093672899272,0.014906327100728234,0.0
2006-10-25,0.9756753533488265,0.024324646651173645,0.0
2006-10-26,0.9654342827131667,0.03456571728683304,0.0
2006-10-27,0.9518747084066878,0.048125291593312546,0.0
2006-10-30,0.9554655154712026,0.044534484528797234,0.0
2006-10-31,0.9381817034833048,0.06181829651669555,0.0
2006-11-01,0.9802288339175811,0.019771166082418672,0.0
2006-11-02,0.9832409643832379,0.016759035616762043,0.0
2006-11-03,0.9651685581935666,0.034831441806433106,0.0
2006-11-06,0.9222556932714864,0.07774430672851357,0.0
2006-11-07,0.9679975166449096,0.03200248335509037,0.0
2006-11-08,0.9820637439033147,0.017936256096685577,0.0
2006-11-09,0.8416936201914482,0.15830637980855203,0.0
2006-11-10,0.8678652646288582,0.13213473537114173,0.0
2006-11-13,0.982764472406827,0.01723552759317334,0.0
2006-11-14,0.9744114032360048,0.025588596763994942,0.0
2006-11-15,0.9817940403136569,0.01820595968634268,0.0
2006-11-16,0.9172354759170294,0.08276452408297069,0.0
2006-11-17,0.9810521273476374,0.018947872652362713,0.0
2006-11-20,0.9831241002042868,0.016875899795713016,0.0
2006-11-21,0.957786711180282,0.04221328881971785,0.0
2006-11-22,0.9632581171873265,0.03674188281267372,0.0
2006-11-27,0.8857408057698255,0.11425919423017454,0.0
2006-11-28,0.9814927078181166,0.018507292181883538,0.0
2006-11-29,0.9377829076857482,0.06221709231425153,0.0
2006-11-30,0.9437145549261411,0.056285445073859,0.0
2006-12-01,0.9614786800145912,0.03852131998540846,0.0
2006-12-04,0.950544767134685,0.04945523286531518,0.0
2006-12-05,0.9699380088057822,0.030061991194217718,0.0
2006-12-06,0.9743300677110808,0.025669932288919433,0.0
2006-12-07,0.9824674457987557,0.01753255420124421,0.0
2006-12-08,0.9761577109406645,0.023842289059335383,0.0
2006-12-11,0.9716825860024002,0.028317413997600134,0.0
2006-12-12,0.9810277064805935,0.01897229351940654,0.0
2006-12-13,0.9798929978344348,0.020107002165565373,0.0
2006-12-14,0.9691732950291435,0.03082670497085695,0.0
2006-12-15,0.9811746388439874,0.018825361156012545,0.0
2006-12-18,0.980952906709739,0.019047093290261004,0.0
2006-12-19,0.9664887572346968,0.03351124276530321,0.0
2006-12-20,0.9679197078768944,0.032080292123105446,0.0
2006-12-21,0.9782568505098481,0.021743149490151426,0.0
2006-12-22,0.9790456830231099,0.02095431697689026,0.0
2006-12-26,0.98403088844163,0.015969111558370146,0.0
2006-12-27,0.9646246194251097,0.03537538057489069,0.0
2006-12-28,0.9847285558217156,0.015271444178284577,0.0
2006-12-29,0.9815581228996875,0.018441877100312535,0.0
2007-01-03,0.7826511283900197,0.2173488716099803,0.0
2007-01-04,0.9788074475804877,0.02119255241951298,0.0
2007-01-05,0.9516977416893297,0.04830225831067068,0.0
2007-01-08,0.9839160368652224,0.016083963134777522,0.0
2007-01-09,0.9837178408719198,0.01628215912807978,0.0
2007-01-10,0.9749708094256503,0.025029190574349304,0.0
2007-01-11,0.9710222093618638,0.028977790638136026,0.0
2007-01-12,0.9710935488137092,0.028906451186290504,0.0
2007-01-17,0.9836886313502372,0.016311368649763153,0.0
2007-01-18,0.9783123432513605,0.021687656748639136,0.0
2007-01-19,0.9782129358262214,0.021787064173778545,0.0
2007-01-22,0.9813108039444778,0.018689196055522307,0.0
2007-01-23,0.9382646973861165,0.06173530261388353,0.0
2007-01-24,0.9662764447477364,0.0337235552522638,0.0
2007-01-25,0.9687006112018024,0.03129938879819753,0.0
2007-01-26,0.9759040193200571,0.02409598067994297,0.0
2007-01-29,0.9737906909095484,0.02620930909045165,0.0
2007-01-30,0.9550592196420762,0.04494078035792384,0.0
2007-01-31,0.9831189234415136,0.01688107655848628,0.0
2007-02-01,0.9699318131026506,0.030068186897349608,0.0
2007-02-02,0.9760240601303252,0.023975939869674705,0.0
2007-02-05,0.9811511691614977,0.018848830838502115,0.0
2007-02-06,0.983780738748885,0.01621926125111532,0.0
2007-02-07,0.981113796988673,0.018886203011327495,0.0
2007-02-08,0.9707492065078223,0.029250793492177705,0.0
2007-02-09,0.9797339974040518,0.020266002595948695,0.0
2007-02-12,0.9566521972466243,0.04334780275337562,0.0
2007-02-13,0.975906054750626,0.024093945249374096,0.0
2007-02-14,0.9361439914326942,0.06385600856730614,0.0
2007-02-15,0.9814383300707284,0.01856166992927135,0.0
2007-02-16,0.9785993822966866,0.021400617703313037,0.0
2007-02-20,0.9780240481472351,0.02197595185276477,0.0
2007-02-21,0.8882412171611026,0.11175878283889747,0.0
2007-02-22,0.9779082307172342,0.022091769282766013,0.0
2007-02-23,0.9799339462362745,0.020066053763725555,0.0
2007-02-26,0.9797502396920302,0.020249760307969468,0.0
2007-02-27,0.003047629633485244,0.9969523703665146,0.0
2007-02-28,0.8842432530523625,0.11575674694763707,0.0
2007-03-01,0.9653754924221503,0.034624507577849836,0.0
2007-03-02,0.9278975242786902,0.0721024757213096,0.0
2007-03-05,0.7834075872647499,0.21659241273524993,0.0
2007-03-06,0.9179395914839754,0.08206040851602449,0.0
2007-03-07,0.9808002196300581,0.019199780369941973,0.0
2007-03-08,0.9598324519372772,0.040167548062723005,0.0
2007-03-09,0.9795681424174907,0.020431857582509365,0.0
2007-03-12,0.9763180320855598,0.02368196791444013,0.0
2007-03-13,0.7501214358858939,0.24987856411410628,0.0
2007-03-14,0.9048523548897999,0.09514764511020005,0.0
2007-03-15,0.9539951533658598,0.04600484663414034,0.0
2007-03-16,0.9794350479948335,0.02056495200516637,0.0
2007-03-19,0.948079597727635,0.05192040227236518,0.0
2007-03-20,0.9802909560131733,0.019709043986827088,0.0
2007-03-21,0.9636103879657547,0.03638961203424505,0.0
2007-03-22,0.9193836201356873,0.08061637986431254,0.0
2007-03-23,0.9822239018918143,0.01777609810818623,0.0
2007-03-26,0.9815621623293914,0.018437837670608824,0.0
2007-03-27,0.9802499682520779,0.01975003174792233,0.0
2007-03-28,0.9699117743898837,0.030088225610116086,0.0
2007-03-29,0.9717368746529171,0.028263125347083168,0.0
2007-03-30,0.9845918713298445,0.0154081286701561,0.0
2007-04-02,0.9756338783157258,0.02436612168427454,0.0
2007-04-03,0.9597814524729337,0.04021854752706636,0.0
2007-04-04,0.9844525891774494,0.0155474108225509,0.0
2007-04-05,0.9830458323445097,0.016954167655490217,0.0
2007-04-09,0.9791569767493593,0.020843023250641156,0.0
2007-04-10,0.9827675861317295,0.017232413868270353,0.0
2007-04-11,0.9822982357792209,0.01770176422077889,0.0
2007-04-12,0.9848154506475219,0.015184549352478358,0.0
2007-04-13,0.9720397432402766,0.027960256759723957,0.0
2007-04-16,0.9503549335593231,0.04964506644067708,0.0
2007-04-17,0.9788706461167651,0.021129353883234565,0.0
2007-04-18,0.9788011188658065,0.021198881134193253,0.0
2007-04-19,0.9621050929885342,0.037894907011466104,0.0
2007-04-20,0.9712237445549446,0.028776255445055576,0.0
2007-04-23,0.9821237896276314,0.017876210372368806,0.0
2007-04-24,0.9720216029383796,0.027978397061620815,0.0
2007-04-25,0.9774874818606806,0.02251251813931937,0.0
2007-04-26,0.9667839038427208,0.03321609615727907,0.0
2007-04-27,0.9840767674143749,0.015923232585625544,0.0
2007-04-30,0.9648567752059481,0.03514322479405225,0.0
2007-05-01,0.9843712870720538,0.01562871292794652,0.0
2007-05-02,0.9505871961453923,0.049412803854607924,0.0
2007-05-03,0.9820576259485568,0.01794237405144316,0.0
2007-05-04,0.9829261005973505,0.017073899402649702,0.0
2007-05-07,0.9801927524429409,0.019807247557059513,0.0
2007-05-08,0.979006103521722,0.020993896478278137,0.0
2007-05-09,0.9839262534906502,0.01607374650934965,0.0
2007-05-10,0.9376941810139926,0.06230581898600765,0.0
2007-05-11,0.9803409270632992,0.019659072936700713,0.0
2007-05-14,0.9809168532119109,0.019083146788088853,0.0
2007-05-15,0.9861344302351158,0.013865569764884442,0.0
2007-05-16,0.9823707708217029,0.017629229178297165,0.0
2007-05-17,0.9792401004048236,0.020759899595176257,0.0
2007-05-18,0.9798334492756453,0.020166550724354658,0.0
2007-05-21,0.9847352835815857,0.015264716418414506,0.0
2007-05-22,0.9691176634702231,0.03088233652977674,0.0
2007-05-23,0.9812728484563221,0.018727151543678062,0.0
2007-05-24,0.9554337998810946,0.04456620011890529,0.0
2007-05-25,0.9856183907452781,0.014381609254721933,0.0
2007-05-29,0.981114477418104,0.018885522581896148,0.0
2007-05-30,0.985157996626862,0.014842003373138091,0.0
2007-05-31,0.9758068051034469,0.024193194896553086,0.0
2007-06-01,0.9717370493221971,0.02826295067780283,0.0
2007-06-04,0.9801122944480907,0.01988770555190922,0.0
2007-06-05,0.9823808458269333,0.017619154173066885,0.0
2007-06-06,0.9355841802608728,0.0644158197391274,0.0
2007-06-07,0.8020822485209049,0.19791775147909466,0.0
2007-06-08,0.8989086189507696,0.10109138104923046,0.0
2007-06-11,0.9818515043770215,0.018148495622978256,0.0
2007-06-12,0.963008485847924,0.03699151415207601,0.0
2007-06-13,0.9760333100749754,0.023966689925024598,0.0
2007-06-14,0.9680844004684049,0.03191559953159504,0.0
2007-06-15,0.9729801054366203,0.02701989456337988,0.0
2007-06-18,0.9851143143794241,0.014885685620575786,0.0
2007-06-19,0.9601669410785385,0.0398330589214617,0.0
2007-06-20,0.9741958673737601,0.025804132626239863,0.0
2007-06-21,0.9769574547716724,0.02304254522832756,0.0
2007-06-22,0.9572992082556935,0.04270079174430672,0.0
2007-06-25,0.9640639740236919,0.03593602597630812,0.0
2007-06-26,0.9609112626949354,0.039088737305064514,0.0
2007-06-27,0.9790095191189986,0.02099048088100125,0.0
2007-06-28,0.98282283136448,0.017177168635519952,0.0
2007-06-29,0.984931456872698,0.015068543127301801,0.0
2007-07-02,0.9532062820985832,0.04679371790141644,0.0
2007-07-03,0.9797562035602422,0.02024379643975795,0.0
2007-07-05,0.9758834470903437,0.024116552909656305,0.0
2007-07-06,0.9575730522840897,0.04242694771591033,0.0
2007-07-09,0.9854307292255025,0.014569270774497467,0.0
2007-07-10,0.8347970335700754,0.16520296642992463,0.0
2007-07-11,0.9819714048716353,0.01802859512836481,0.0
2007-07-12,0.8893335828912233,0.11066641710877671,0.0
2007-07-13,0.9835050594108203,0.016494940589179746,0.0
2007-07-16,0.9551453986068479,0.04485460139315204,0.0
2007-07-17,0.9836834959195098,0.01631650408049038,0.0
2007-07-18,0.8663158698733715,0.1336841301266283,0.0
2007-07-19,0.9777202649901213,0.022279735009878263,0.0
2007-07-20,0.9044895903996581,0.09551040960034203,0.0
2007-07-23,0.9612468926498636,0.03875310735013656,0.0
2007-07-24,0.8608224787190408,0.13917752128095892,0.0
2007-07-25,0.9797310193746442,0.02026898062535612,0.0
2007-07-26,0.3122674729125807,0.687732527087419,0.0
2007-07-27,0.7625154824140074,0.23748451758599248,0.0
2007-07-30,0.9524629809292383,0.04753701907076153,0.0
2007-07-31,0.9840094874121148,0.015990512587885218,0.0
2007-08-01,0.9643638686416512,0.035636131358348824,0.0
2007-08-02,0.9824550719750421,0.017544928024958086,0.0
2007-08-03,0.7454518238264167,0.2545481761735832,0.0
2007-08-06,0.940810607370993,0.05918939262900726,0.0
2007-08-07,0.9804573251309722,0.019542674869028217,0.0
2007-08-08,0.8256682799012226,0.17433172009877707,0.0
2007-08-09,0.5908738679090447,0.40912613209095516,0.0
2007-08-10,0.7267134553916025,0.27328654460839763,0.0
2007-08-13,0.9713645466947315,0.02863545330526899,0.0
2007-08-14,0.8638529099469142,0.13614709005308612,0.0
2007-08-15,0.7342997731868912,0.2657002268131085,0.0
2007-08-16,0.057987365342760944,0.9420126346572391,0.0
2007-08-17,0.8794423995004643,0.12055760049953596,0.0
2007-08-20,0.8968409634138572,0.1031590365861427,0.0
2007-08-21,0.9836924397486564,0.016307560251343424,0.0
2007-08-22,0.8925898570914507,0.1074101429085494,0.0
2007-08-23,0.9625056761246273,0.037494323875372416,0.0
2007-08-24,0.9770317478059587,0.02296825219404111,0.0
2007-08-27,0.976311708394516,0.02368829160548432,0.0
2007-08-28,0.7069583355822602,0.29304166441774016,0.0
2007-08-29,0.9456465808700079,0.05435341912999235,0.0
2007-08-30,0.9864528729408816,0.013547127059118143,0.0
2007-08-31,0.9066369456171742,0.09336305438282598,0.0
2007-09-05,0.8425190413217697,0.15748095867823003,0.0
2007-09-06,0.6315441895350615,0.3684558104649385,0.0
2007-09-07,0.6754738307685794,0.32452616923142025,0.0
2007-09-10,0.9640495474271299,0.035950452572869995,0.0
2007-09-11,0.9093594404289187,0.09064055957108151,0.0
2007-09-12,0.9796872673255246,0.020312732674475344,0.0
2007-09-13,0.9643360897050443,0.03566391029495532,0.0
2007-09-14,0.985868208079142,0.014131791920858052,0.0
2007-09-17,0.9546770818375272,0.045322918162472206,0.0
2007-09-18,0.7660694843264306,0.23393051567356965,0.0
2007-09-19,0.7724141409788603,0.22758585902113987,0.0
2007-09-20,0.9075608711719498,0.09243912882804979,0.0
2007-09-21,0.9783220981078387,0.021677901892161008,0.0
2007-09-24,0.9854574207277143,0.014542579272285552,0.0
2007-09-25,0.9752919311040344,0.02470806889596542,0.0
2007-09-26,0.9564532468334022,0.04354675316659788,0.0
2007-09-27,0.9735391950106209,0.026460804989379,0.0
2007-09-28,0.9582852877660886,0.04171471223391117,0.0
2007-10-03,0.9846891120189241,0.015310887981075574,0.0
2007-10-04,0.9800581702328884,0.019941829767111376,0.0
2007-10-05,0.9415907947790261,0.058409205220973905,0.0
2007-10-09,0.9746888090439392,0.025311190956060964,0.0
2007-10-10,0.9832286957830709,0.016771304216929156,0.0
2007-10-11,0.9852473742132769,0.014752625786723114,0.0
2007-10-15,0.9652943386837446,0.03470566131625592,0.0
2007-10-16,0.9496952945637048,0.050304705436295546,0.0
2007-10-17,0.9527547417550636,0.0472452582449364,0.0
2007-10-18,0.9586428377258006,0.04135716227419928,0.0
2007-10-19,0.6967208814355329,0.3032791185644671,0.0
2007-10-22,0.9375515439220876,0.062448456077912495,0.0
2007-10-24,0.9744899162525359,0.02551008374746444,0.0
2007-10-25,0.9793838157183776,0.020616184281622322,0.0
2007-10-29,0.9780498856145471,0.021950114385452853,0.0
2007-10-30,0.9654525313495045,0.03454746865049573,0.0
2007-10-31,0.8641121443176496,0.13588785568235034,0.0
2007-11-01,0.7028473976288825,0.29715260237111746,0.0
2007-11-02,0.8772787855387515,0.1227212144612488,0.0
2007-11-05,0.95545889164087,0.04454110835913019,0.0
2007-11-07,0.7466699906265337,0.253330009373466,0.0
2007-11-08,0.9653225891048093,0.03467741089519089,0.0
2007-11-09,0.7367054618156157,0.2632945381843844,0.0
2007-11-13,0.7897418080477661,0.21025819195223439,0.0
2007-11-14,0.9777248498341905,0.022275150165809603,0.0
2007-11-15,0.7579026183319552,0.24209738166804495,0.0
2007-11-19,0.5903485588494531,0.4096514411505464,0.0
2007-11-20,0.9292175330023251,0.07078246699767467,0.0
2007-11-21,0.6317099432234446,0.3682900567765549,0.0
2007-11-23,0.9041811248515341,0.09581887514846618,0.0
2007-11-26,0.7621374506486059,0.23786254935139378,0.0
2007-11-28,0.15853383524431006,0.84146616475569,0.0
2007-11-29,0.9841537653147671,0.015846234685232316,0.0
2007-11-30,0.9346400984439676,0.06535990155603275,0.0
2007-12-03,0.9770147441290993,0.022985255870900376,0.0
2007-12-04,0.9467013450782737,0.053183591257336085,0.00011506366439032056
2007-12-05,0.8691302712627822,0.13013818365093655,0.0007315450862809519
2007-12-06,0.9118484029565386,0.08750614242057587,0.0006454546228857645
2007-12-07,0.981293273181714,0.018671969775066327,3.4757043219372504e-05
2007-12-10,0.9864952835745509,0.01348619329416471,1.8523131284620997e-05
2007-12-11,0.5501429558369005,0.44730562479554176,0.002551419367558055
2007-12-12,0.8558625842911936,0.14314303904416853,0.0009943766646375773
2007-12-13,0.8674375702446449,0.13187429764994346,0.0006881321054113041
2007-12-14,0.7875893913192299,0.2112794510150368,0.001131157665732865
2007-12-17,0.6455239396884405,0.3533936814670316,0.0010823788445279028
2007-12-18,0.9821984990652087,0.01777526497673654,2.6235958054472197e-05
2007-12-19,0.9823377992932476,0.017624206130631526,3.799457612058748e-05
2007-12-20,0.9896435084239158,0.010346070078958948,1.0421497125138215e-05
2007-12-21,0.7133647199381904,0.28483343113303716,0.0018018489287724916
2007-12-26,0.9760574474638662,0.023867061222172005,7.549131396158138e-05
2007-12-27,0.9775941486786361,0.022362282230778262,4.35690905857032e-05
2007-12-28,0.8420629586885513,0.1572357687378008,0.0007012725736484612
2007-12-31,0.9792179453256253,0.020749093512101306,3.296116227348004e-05
2008-01-02,0.044905560823506205,0.9518737236020703,0.0032207155744233057
2008-01-04,0.38476756865183276,0.6138710295508013,0.001361401797365678
2008-01-07,0.9804633716240911,0.019499291289549664,3.733708635924331e-05
2008-01-08,0.7603475444248354,0.23881045889073427,0.0008419966844303833
2008-01-09,0.9863725164098243,0.013610031540472665,1.7452049702683634e-05
2008-01-10,0.973911599371538,0.026038193517663354,5.020711079849201e-05
2008-01-11,0.9341379770991376,0.06572394809391216,0.00013807480695057368
2008-01-14,0.959484219956898,0.040341133230765415,0.00017464681233666653
2008-01-15,0.22621736714718327,0.7721118577859303,0.0016707750668864107
2008-01-16,0.6313181027204854,0.3669211517522934,0.0017607455272210244
2008-01-17,0.8205819444943512,0.17869829397190468,0.0007197615337443555
2008-01-18,0.9565236045501908,0.04336799796380246,0.00010839748600622674
2008-01-22,0.8637058542598673,0.1358752584586629,0.0004188872814702229
2008-01-23,0.7221628540085828,0.27670020454505495,0.0011369414463623987
2008-01-24,0.00824020090858135,0.9828390834613167,0.00892071563010165
2008-01-25,0.9625651237328177,0.0372519847500439,0.0001828915171386435
2008-01-28,0.9781360297221857,0.021806457175550506,5.751310226363258e-05
2008-01-29,0.9196948225797466,0.08019318360131666,0.00011199381893663734
2008-01-30,0.9729079453500507,0.027058266413970113,3.378823597942987e-05
2008-01-31,0.7861453847891539,0.2130574667909179,0.0007971484199280713
2008-02-01,0.7900823553720319,0.20894480255841769,0.0009728420695508053
2008-02-04,0.9396389662903026,0.06016540490284335,0.0001956288068540076
2008-02-05,0.007948215627716512,0.9883624215212514,0.00368936285103214
2008-02-06,0.9649185971081113,0.03502780287505856,5.360001683036383e-05
2008-02-07,0.8459364879183454,0.15165863796178977,0.0024048741198649604
2008-02-11,0.9890031736196464,0.010986048412838751,1.0777967514904236e-05
2008-02-12,0.3459598364118269,0.6526779817503247,0.0013621818378484114
2008-02-13,0.9812201625014885,0.018740420710971088,3.9416787540286894e-05
2008-02-14,0.8596846617740865,0.13950260751170646,0.000812730714207067
2008-02-15,0.9771796661886949,0.02280008814482045,2.0245666484423047e-05
2008-02-19,0.6107448859108494,0.3868160041503548,0.0024391099387961954
2008-02-20,0.8771430735382062,0.12211707698039753,0.0007398494813962979
2008-02-21,0.960883029899948,0.038816816964443536,0.00030015313560825656
2008-02-22,0.9870408874086655,0.012943213862088923,1.5898729245749154e-05
2008-02-25,0.8066464437207372,0.19287177436609435,0.0004817819131682344
2008-02-26,0.9697924832556221,0.03010108365647367,0.00010643308790400832
2008-02-27,0.9181069252343881,0.08135703962957039,0.000536035136041907
2008-02-28,0.6688018921504358,0.33001699548070595,0.001181112368858269
2008-02-29,0.25011999505707205,0.7475330726374881,0.0023469323054396097
2008-03-03,0.7475033721313424,0.25166314799331274,0.0008334798753448289
2008-03-04,0.8516210459429805,0.14762094726794892,0.0007580067890707694
2008-03-05,0.6278817106200524,0.3695317351417399,0.0025865542382075475
2008-03-06,0.8580036280296582,0.14160329949351422,0.0003930724768275786
2008-03-07,0.903035175720598,0.09660985362281171,0.00035497065659050774
2008-03-10,0.652956666518764,0.3455781129809803,0.0014652205002556407
2008-03-11,0.026924653157089706,0.9147374490430584,0.058337897799852025
2008-03-13,0.7567256039578696,0.24058013417137594,0.00269426187075423
2008-03-14,0.6787056120266356,0.32002771952296694,0.0012666684503973129
2008-03-17,1.6578682931449818e-05,0.9389313195270278,0.06105210179004068
2008-03-18,4.792040281991966e-07,0.9584030751286259,0.041596445667346084
2008-03-19,0.011270997994649664,0.9714701320525473,0.017258869952802965
2008-03-24,0.8607667700762383,0.1375960697861957,0.0016371601375659143
2008-03-25,0.4836232328375571,0.5108362138405744,0.0055405533218681
2008-03-26,0.9200368868490221,0.07944256447323142,0.0005205486777467233
2008-03-28,0.9698742209142596,0.02999098235869514,0.00013479672704510065
2008-03-31,0.8735554716026815,0.12529324608139508,0.0011512823159232667
2008-04-01,0.0013610377973339912,0.9566980308718567,0.04194093133080932
2008-04-03,0.9890301244121454,0.010934435920112293,3.5439667741610836e-05
2008-04-04,0.9263016658480776,0.07257761844040649,0.0011207157115155377
2008-04-07,0.9483095506508986,0.05133391854418982,0.0003565308049116615
2008-04-08,0.9795039444783414,0.020433041205162407,6.301431649610456e-05
2008-04-09,0.6795000242872649,0.3187539786139402,0.001745997098794828
2008-04-10,0.9770431859143116,0.022832558451871595,0.00012425563381642316
2008-04-11,0.8843322947163255,0.11489452439830228,0.0007731808853722335
2008-04-14,0.9707359246619796,0.029152888848493586,0.00011118648952696103
2008-04-18,0.4008580163474818,0.5920637725928524,0.007078211059665529
2008-04-21,0.7574284749154419,0.2381831491995748,0.004388375884983549
2008-04-22,0.9192862292434937,0.08020292800848287,0.0005108427480237487
2008-04-23,0.9439109775890285,0.05591513767674876,0.00017388473422231163
2008-04-24,0.7583233190616337,0.23774505124425174,0.003931629694114464
2008-04-28,0.9806736252973799,0.019260463900007574,6.591080261254833e-05
2008-04-29,0.6729792892522993,0.3244512951150984,0.002569415632602351
2008-04-30,0.9105927640962277,0.08885387742153936,0.0005533584822330578
2008-05-01,0.7717471895146103,0.2264541058380221,0.0017987046473678717
2008-05-02,0.6966410122512448,0.2998681694255588,0.0034908183231970092
2008-05-05,0.9421108359527557,0.05757991066853372,0.0003092533787106346
2008-05-08,0.8741785141443993,0.12499674723406798,0.0008247386215327876
2008-05-09,0.8596456060646178,0.1393340906213909,0.0010203033139914081
2008-05-12,0.9736355078634933,0.026231826291862083,0.00013266584464489682
2008-05-13,0.9404276684628611,0.058525360684235674,0.0010469708529031248
2008-05-14,0.9641149189683077,0.035703217488374406,0.00018186354331801752
2008-05-15,0.8941268050918538,0.1046297216847232,0.0012434732234231783
2008-05-19,0.981447283937446,0.01846393525063688,8.878081191711435e-05
2008-05-20,0.7846928662342683,0.2141115737242944,0.001195560041437662
2008-05-21,0.7830142426783311,0.21500560055186618,0.001980156769802024
2008-05-22,0.9371901357528081,0.06200835105198228,0.0008015131952097111
2008-05-23,0.8669806890992415,0.1322015012302984,0.000817809670459705
2008-05-27,0.936828474621259,0.06259596123584413,0.000575564142896929
2008-05-28,0.974360368739208,0.02544417438079403,0.0001954568799977613
2008-05-30,0.9672092728650779,0.03257725277595071,0.0002134743589717484
2008-06-02,0.9642409336719069,0.0356065493528568,0.0001525169752358381
2008-06-03,0.980632079669603,0.019288094048641617,7.982628175572618e-05
2008-06-04,0.9846884904586617,0.015264848844272826,4.666069706554025e-05
2008-06-05,0.7809677030275473,0.2166357429571502,0.00239655401530233
2008-06-06,0.11053201170913203,0.8840892652322594,0.005378723058608303
2008-06-09,0.9131934150429242,0.08589821903983105,0.0009083659172451908
2008-06-10,0.39430139216817467,0.579840014081211,0.025858593750614466
2008-06-11,0.5250742423438883,0.47274121132960883,0.002184546326502361
2008-06-13,0.9514438813818505,0.04795061824494202,0.0006055003732073537
2008-06-16,0.9839777729085208,0.015923791334566586,9.843575691255104e-05
2008-06-17,0.9919339521014523,0.008034295656799867,3.1752241748220614e-05
2008-06-18,0.9204832200234601,0.07901281920415085,0.0005039607723891611
2008-06-19,0.9375646598276889,0.061855622627712666,0.000579717544598441
2008-06-20,0.7003088221433899,0.29773540630450757,0.001955771552102494
2008-06-23,0.9616220524216675,0.037979824134488714,0.00039812344384388207
2008-06-24,0.9822311190403169,0.017661898162801722,0.00010698279688118222
2008-06-25,0.989916536024688,0.010037305622246905,4.615835306519227e-05
2008-06-26,0.004645231848098257,0.989092413998532,0.006262354153369753
2008-06-27,0.9083981772367142,0.09088109728099789,0.0007207254822880349
2008-06-30,0.9894458268491194,0.010489907819996694,6.426533088416345e-05
2008-07-01,0.9446726770824718,0.05488645397284213,0.00044086894468619626
2008-07-02,0.54789092376346,0.4477771491713377,0.004331927065202033
2008-07-07,0.7372172414099849,0.259936495243437,0.002846263346578235
2008-07-08,0.6169036589724006,0.37947965880375356,0.0036166822238456924
2008-07-09,0.986567733088324,0.013357077595872246,7.518931580368577e-05
2008-07-10,0.8637475990709929,0.13515668934834327,0.0010957115806640436
2008-07-11,0.39713387291316,0.5968997563387233,0.005966370748116824
2008-07-14,0.9135972562055208,0.08578919288313727,0.0006135509113418451
2008-07-15,0.31731337965981676,0.6739538110929518,0.008732809247231401
2008-07-16,0.5391391725425845,0.4489519359838511,0.011908891473564406
2008-07-18,0.8177084219655104,0.17756025616286078,0.004731321871629149
2008-07-21,0.9818811173531504,0.01798607234822461,0.00013281029862501943
2008-07-23,0.32718230155135847,0.6666019068291453,0.006215791619496108
2008-07-24,0.7565032141485728,0.24067265968079274,0.0028241261706342087
2008-07-25,0.9862025830780944,0.013704950991524838,9.246593038122e-05
2008-07-28,0.8453164779341773,0.15315477628317897,0.0015287457826437013
2008-07-29,0.9563102793014634,0.043340853654286735,0.0003488670442498538
2008-07-30,0.8773933439118535,0.121448984350806,0.0011576717373409946
2008-07-31,0.963538887429328,0.036160096891065405,0.0003010156796063296
2008-08-01,0.8618691660855141,0.13657285828937815,0.001557975625107524
2008-08-04,0.3144910211437552,0.6791078276642597,0.006401151191985312
2008-08-05,0.022052259074322306,0.9680187186749354,0.00992902225074244
2008-08-06,0.7735494289179312,0.2217914513872603,0.004659119694808162
2008-08-07,0.8458858487033695,0.15240502130096772,0.0017091299956625567
2008-08-08,0.09712479670266491,0.8751401199492547,0.027735083348080336
2008-08-11,0.16153221257478825,0.8313749215232067,0.0070928659020051115
2008-08-12,0.7729907412111607,0.22572131118527738,0.0012879476035617878
2008-08-13,0.02488823702866716,0.9607425621250357,0.014369200846297333
2008-08-14,0.7443959664053896,0.25273099124393694,0.002873042350673165
2008-08-15,0.7879868750134084,0.20892850494438814,0.003084620042203546
2008-08-18,0.9754276933282341,0.024442720194864365,0.00012958647690145046
2008-08-19,0.4750269726296848,0.5209781791270826,0.003994848243232716
2008-08-20,0.9872892782948834,0.012637668409955002,7.30532951612541e-05
2008-08-21,0.3120022409180877,0.6817801381065849,0.006217620975328088
2008-08-22,0.33410582730357996,0.6577823374284832,0.008111835267936808
2008-08-25,0.9668099810664916,0.032975603389200754,0.00021441554430802582
2008-08-26,0.9891568428161527,0.010783661359203892,5.949582464346777e-05
2008-08-27,0.9829341190148391,0.016949935661813128,0.00011594532334752354
2008-08-29,0.9876039009424741,0.012323900500441548,7.219855708458995e-05
2008-09-02,0.18287267696445567,0.8083518964689121,0.008775426566631828
2008-09-03,0.9364020929893133,0.06301186910472556,0.0005860379059612463
2008-09-04,0.08642031982287654,0.9059933814852468,0.0075862986918769065
2008-09-05,0.47127732386001336,0.5192801252481651,0.009442550891821338
2008-09-08,0.0019331481632280493,0.978904466891537,0.019162384945235197
2008-09-09,0.0005055391731700546,0.9398795599458438,0.059614900880986164
2008-09-10,0.24311061232756986,0.7362902702776648,0.020599117394765352
2008-09-11,0.9690849545134916,0.030552252023699232,0.0003627934628087994
2008-09-12,0.009380129733498763,0.9558867179499438,0.03473315231655746
2008-09-15,2.678220397452901e-08,0.8502692792083983,0.14973069400939734
2008-09-16,4.51019569167026e-05,0.8541520086159158,0.14580288942716746
2008-09-17,3.5150524481279033e-13,0.8501307367725444,0.14986926322710414
2008-09-18,0.028715817520431296,0.9130537761459638,0.0582304063336049
2008-09-19,1.5246149304582182e-12,0.8438752236819138,0.15612477631656177
2008-09-22,1.4125544194864853e-05,0.9640632255231445,0.03592264893266061
2008-09-23,0.7237230029853876,0.27133469513228614,0.004942301882326387
2008-09-24,0.9894923874566451,0.010456584806885046,5.102773646985213e-05
2008-09-25,0.12655816721040147,0.8468582707098703,0.0265835620797284
2008-09-29,4.007234310995786e-24,0.8421706474310277,0.15782935256897254
2008-09-30,3.3229612971228647e-09,0.8421054224529501,0.15789457422408862
2008-10-01,0.9858253884490258,0.014053138886216282,0.00012147266475781068
2008-10-02,1.5912661861319975e-12,0.8423467817324499,0.15765321826595893
2008-10-03,0.9894799574118149,0.01046781654526522,5.2226042919842266e-05
2008-10-06,3.3315536697790745e-19,0.8500077989291368,0.14999220107086328
2008-10-07,0.0049144845825133,0.9825213914453375,0.01256412397214901
2008-10-08,2.1533679988784298e-33,0.8500000000141583,0.14999999998584182
2008-10-10,1.5587556707963258e-15,0.8500039113810823,0.1499960886189163
2008-10-14,0.03354607120890238,0.9377868296799889,0.028667099111108735
2008-10-15,3.5235694353560772e-22,0.8500004900339848,0.14999950996601524
2008-10-16,0.07814162945144293,0.8937422099364369,0.028116160612120328
2008-10-17,0.06230321172359352,0.9250553561318047,0.01264143214460214
2008-10-20,7.060635575453075e-08,0.8543162203877142,0.14568370900593047
2008-10-21,0.0005255178419802632,0.9425666553727622,0.05690782678525761
2008-10-22,1.9770540910615074e-21,0.8500001882127224,0.14999981178727767
2008-10-23,0.49238540120542773,0.50155197391871,0.006062624875862064
2008-10-24,1.4401598993408184e-19,0.8500000132689018,0.14999998673109802
2008-10-28,4.981493434190512e-20,0.8500007808950152,0.14999921910498484
2008-10-29,2.6840145326341562e-08,0.8535279857552073,0.14647198740464712
2008-10-30,4.394734467522454e-06,0.8915628259878116,0.10843277927772119
2008-10-31,0.026462079326755143,0.9341386820222395,0.03939923865100545
2008-11-03,0.9876172427272352,0.012306942842473138,7.58144302918077e-05
2008-11-04,7.683241954504931e-12,0.8501204622531858,0.14987953773913093
2008-11-05,0.0018694915284352786,0.9504662587382159,0.04766424973334902
2008-11-06,6.152650039565227e-14,0.8506711887447684,0.14932881125517034
2008-11-10,0.49635933887129413,0.4949977979268979,0.00864286320180802
2008-11-12,1.0084473658558136e-07,0.8639444030925569,0.1360554960627067
2008-11-13,3.3102004505710946e-07,0.8553310965278793,0.14466857245207532
2008-11-14,0.26604729340381333,0.7262094064992476,0.00774330009693921
2008-11-17,0.26456228969100104,0.7290643645833532,0.006373345725645896
2008-11-19,3.1912101465731164e-08,0.9068468066876381,0.09315316140026032
2008-11-20,5.3402925289197045e-18,0.8501426925094367,0.1498573074905633
2008-12-03,0.0383440091648093,0.9528160861241985,0.008839904710992028
2008-12-08,1.696640077417381e-10,0.8536708181414869,0.146329181688849
2008-12-09,0.9664845603623998,0.033318365553768124,0.00019707408383220815
2009-01-02,0.003914083860300607,0.9786696832647708,0.01741623287492868
2009-01-05,0.14307683757431647,0.8271390366453701,0.02978412578031322
2009-01-08,0.027017561003284663,0.9586264987542981,0.014355940242417594
2009-01-21,0.0078206383209482,0.8607187015630255,0.13146066011602658
2009-01-28,0.005409917420534215,0.9804273129383375,0.014162769641128064
2009-01-30,0.25431727375064084,0.7350239004174649,0.010658825831894482
2009-02-03,0.7271432575871565,0.2695588010900801,0.0032979413227631656
2009-02-05,0.9482785351463032,0.05125539999296763,0.00046606486072922555
2009-02-10,8.452163908930794e-05,0.973534093834469,0.026381384526441738
2009-02-17,3.5207878250406744e-12,0.8627257507944526,0.13727424920202685
2009-02-19,0.2555092316989015,0.7365159242066246,0.007974844094473871
2009-02-25,0.7221811154351656,0.26886103753789975,0.008957847026934241
2009-02-27,0.7693652028434819,0.22781053389034098,0.0028242632661771377
2009-03-03,0.4697721684939256,0.5247187601435495,0.005509071362524801
2009-03-06,0.888868143088642,0.10963701498596243,0.0014948419253955222
2009-03-12,0.23297122430965578,0.7596181684754784,0.007410607214866083
2009-03-16,0.8762721288148814,0.12276961002387554,0.0009582611612432405
2009-03-17,0.5339603084214095,0.46285427557542247,0.00318541600316819
2009-03-23,1.6146503831235474e-09,0.882854226229133,0.11714577215621642
2009-03-25,0.7987292172254721,0.197456371277214,0.0038144114973137936
2009-03-26,0.9138077556834823,0.08526469452287644,0.0009275497936414905
2009-03-27,0.28342666598056854,0.707739663026252,0.008833670993179249
2009-03-31,0.22466600839256218,0.7631407387145341,0.012193252892903348
2009-04-01,0.4110993285435156,0.5800682811413043,0.008832390315179923
2009-04-02,2.283894945795883e-13,0.8464456780307721,0.1535543219689995
2009-04-06,0.8583146323397595,0.13989761098327427,0.001787756676966137
2009-04-13,0.9135264625094297,0.08412580963191073,0.002347727858659609
2009-04-14,0.9676976562144352,0.032037753581459945,0.0002645902041047632
2009-04-15,0.9887212251581016,0.01120834025058133,7.043459131743855e-05
2009-04-27,0.8099251059979095,0.1881523000991341,0.0019225939029561866
2009-05-01,0.43982841026911634,0.5563679238344692,0.0038036658964149613
2009-05-04,0.05058889725058785,0.9243479520254241,0.025063150723988036
2009-05-07,0.972178672375535,0.027607907923458647,0.00021341970100610886
2009-05-14,0.9916317739558125,0.008319439108873136,4.878693531420791e-05
2009-05-26,0.8910243913751804,0.1080108345984131,0.0009647740264065617
2009-06-01,5.4250001406040226e-05,0.9694213633976515,0.030524386600942262
2009-06-05,0.29002613715274034,0.6736706006083417,0.03630326223891791
2009-06-09,0.4724566010831096,0.5166427211779688,0.010900677738921312
2009-06-15,0.06702910908799385,0.9244515034832774,0.00851938742872862
2009-06-16,0.9157260924539674,0.08352403746563562,0.000749870080396853
2009-06-17,0.9468675061578731,0.05265066604073443,0.00048182780139283154
2009-06-18,0.9778157745352714,0.022020079298469407,0.00016414616625935635
2009-06-22,0.0030560808153236724,0.9637258147742086,0.033218104410467936
2009-06-23,0.8135574528183527,0.18494658261893782,0.0014959645627098165
2009-06-24,0.9054101492989675,0.09340750624739114,0.001182344453641561
2009-06-25,0.72128477404852,0.27428138990375506,0.0044338360477252665
2009-06-26,0.6046114040739317,0.38813288316007266,0.007255712765995748
2009-07-01,0.9314139919218845,0.06789861944779427,0.0006873886303213143
2009-07-09,0.9396881727953732,0.05950262200643839,0.0008092051981882809
2009-07-15,0.11332634419182985,0.8727303850654818,0.01394327074268813
2009-07-16,0.9805251126773848,0.019338108642562267,0.00013677868005280923
2009-07-27,0.9912726312724965,0.008684137655465562,4.32310720381506e-05
2009-08-05,0.9723180969108844,0.027490194200425776,0.00019170888868964836
2009-08-12,0.975800169640457,0.024039717731740688,0.0001601126278022432
2009-08-19,0.9437240459139428,0.055754746513505406,0.000521207572551397
2009-08-26,0.9883019614620914,0.011622859721212579,7.517881669647441e-05
2009-09-02,0.000816799898218043,0.9690094421663697,0.0301737579354117
2009-09-14,0.9906348885446453,0.009315664634076576,4.944682127828244e-05
2009-09-17,0.9656850027460008,0.03396670934527905,0.00034828790872027277
2009-09-24,0.7392723247475919,0.2578373233228251,0.0028903519295832704
2009-09-30,0.5898085232610224,0.4076245491050633,0.0025669276339141127
2009-10-01,0.27848799137820046,0.7142659636338218,0.007246044987977311
2009-10-21,0.7021033285680363,0.29586393971529895,0.0020327317166649
2009-11-13,0.9850260589752489,0.014876877555622777,9.706346912802746e-05
2009-12-07,0.9878804150180024,0.0120509978187911,6.858716320630838e-05
2009-12-08,0.768768767121233,0.22837968441099132,0.002851548467775587
2009-12-09,0.7024050102547891,0.29454997252397735,0.0030450172212333243
2009-12-31,0.9924605102341346,0.007503658726145089,3.583103972054715e-05
2010-01-05,0.9872012285645413,0.012712197663657674,8.657377180085927e-05
2010-01-11,0.6753048063233883,0.31793470739272583,0.006760486283886005
2010-01-13,0.9848206924930457,0.015066307325876441,0.00011300018107761113
2010-01-14,0.9869168473547593,0.013004282451430621,7.8870193810101e-05
2010-01-15,0.9482480016555599,0.05131549314721432,0.00043650519722584943
2010-01-22,0.7908869377501493,0.2066837604241225,0.002429301825727987
2010-01-26,0.9688596418800758,0.03082726921404102,0.00031308890588354504
2010-01-27,0.8475696333091658,0.1510829614437117,0.0013474052471228511
2010-02-01,0.6080411333088757,0.3838431961493904,0.008115670541734
2010-02-10,0.9892657968750169,0.0106650215912928,6.918153369031102e-05
2010-03-05,0.8704147233926941,0.12763309779241677,0.001952178814888575
2010-03-09,0.991833149298837,0.008122741235023805,4.4109466139535344e-05
2010-03-22,0.9912589019969417,0.00869395495333479,4.714304972330677e-05
2010-04-09,0.981285416589573,0.018590412424868856,0.00012417098555820931
2010-04-19,0.9412950060948635,0.058071665466137935,0.0006333284389985073
2010-05-04,0.028826532887755014,0.9624393951423693,0.008734071969875457
2010-05-06,0.0028304926510431903,0.9819715501502957,0.015197957198661413
2010-05-11,0.2949238528626644,0.6857376769760158,0.01933847016131923
2010-05-13,0.9848246530046165,0.015073977089550926,0.0001013699058325729
2010-05-25,0.0316372130591752,0.9386235728100439,0.02973921413078115
2010-06-02,0.7464677384941529,0.2474630670428345,0.006069194463012481
2010-06-07,0.34220456073579975,0.6517773874704947,0.006018051793705256
2010-06-09,0.9747387147048863,0.02508579368760936,0.0001754916075044317
2010-06-11,0.983914200218743,0.015970548339314123,0.00011525144194308231
2010-06-16,0.9918311504834437,0.0081253435004993,4.3506016056788054e-05
2010-06-17,0.9791988327172784,0.020649931758416354,0.00015123552430513807
2010-06-18,0.9862118215926658,0.013703600186160588,8.457822117389183e-05
2010-06-25,0.8298650785944739,0.16872257108508126,0.0014123503204451723
2010-06-28,0.9455511410449832,0.05383940613997966,0.0006094528150373305
2010-06-30,0.9028674683655206,0.09647369284919745,0.000658838785282003
2010-07-01,0.3064824158350192,0.67451575011482,0.019001834050161155
2010-07-12,0.9862069607581045,0.013713091827319501,7.994741457568923e-05
2010-07-21,0.9858282009807612,0.014091115922515135,8.068309672376836e-05
2010-07-30,0.8117779816398321,0.18697567798075795,0.001246340379410346
2010-08-12,0.9078618054220724,0.09116150188577929,0.0009766926921479673
2010-08-24,0.6332514730519955,0.36263256516311054,0.004115961784893869
2010-09-02,0.9841729684295165,0.01572125608952685,0.00010577548095640305
2010-09-23,0.9800116815910928,0.01985111832517166,0.0001372000837358101
2010-09-28,0.981336554755595,0.018539239845568704,0.00012420539883632284
2010-09-29,0.990338423647634,0.009605471042469314,5.6105309896654615e-05
2010-10-05,0.5710969492534307,0.4235270821803253,0.005375968566244229
2010-10-21,0.9673307030238154,0.03243222224738101,0.000237074728803921
2010-11-01,0.9937737408729734,0.006197672858616177,2.8586268410549216e-05
2010-11-10,0.16524570855787923,0.8004385204881338,0.034315770953987225
2010-12-02,0.8620255865708698,0.13639731071973857,0.001577102709391692
2010-12-07,0.9734814318218159,0.02624906569616351,0.0002695024820207441
2010-12-16,0.9831149545660202,0.016769087320887426,0.00011595811309249528
2010-12-27,0.9921582864501005,0.007803279886405888,3.843366349368541e-05
2011-01-03,0.9852117623390836,0.014704334818429041,8.39028424873097e-05
2011-01-04,0.93727138552144,0.06221252266643453,0.0005160918121253362
2011-01-05,0.47594900571431725,0.5020797521877302,0.021971242097952665
2011-01-13,0.3555697992249861,0.6269585922153497,0.017471608559664085
2011-01-27,0.9697232664889711,0.030042984134495354,0.00023374937653346874
2011-02-03,0.8033383053853733,0.19338474580937998,0.003276948805246921
2011-02-10,0.9714538143346421,0.028250848863040294,0.00029533680231765014
2011-02-16,0.9910698803594723,0.008881151284921512,4.8968355606018484e-05
2011-03-04,0.9800209617379206,0.019847481916202152,0.00013155634587719853
2011-03-09,0.9814487153407713,0.018418157528421034,0.00013312713080800733
2011-03-22,0.9902899983284014,0.009661071084896446,4.8930586702092204e-05
2011-04-01,0.9710355590180344,0.02873067601814558,0.00023376496381967248
2011-04-06,0.9916259912362738,0.008329778705898143,4.423005782822789e-05
2011-04-14,0.988134624602677,0.01179010504101844,7.527035630401029e-05
2011-04-18,0.8210871173155206,0.1767341532462487,0.0021787294382308283
2011-05-04,0.8216730705069832,0.1768079494700651,0.0015189800229518991
2011-05-10,0.9507643566348996,0.04886329797382088,0.0003723453912796281
2011-05-11,0.43793567651293175,0.5576939664428193,0.004370357044248775
2011-06-21,0.8440378862150885,0.15396837817128478,0.0019937356136270333
2011-07-26,0.9502717003072834,0.04927166123775602,0.0004566384549605011
2011-08-01,0.9833441854832629,0.016560596656282116,9.521786045522453e-05
2011-08-02,0.15058985288847865,0.8431073662050173,0.006302780906504409
2011-08-03,0.958896164470222,0.040809844862149156,0.00029399066762885037
2011-10-04,0.8540775080031076,0.14195621132639996,0.003966280670492632
2011-10-06,0.28410344129895587,0.7082284488920789,0.007668109808964825
2011-10-20,0.9642075612886456,0.03551232676246795,0.0002801119488861811
2011-10-27,4.761007171004218e-06,0.9150770464896236,0.08491819250320545
2011-10-28,0.9538883321865693,0.045441802225318295,0.0006698655881124818
2011-12-01,0.9906902516238866,0.009255360457245322,5.438791886843847e-05
2011-12-02,0.9001270391347385,0.0984102171355151,0.0014627437297461147
2011-12-08,0.6002786179263678,0.3956807403616862,0.004040641711945831
2011-12-13,0.835371826185845,0.16298492953176272,0.001643244282392079
2012-01-26,0.5442304806370546,0.44290414968941844,0.01286536967352678
2012-01-30,0.9646213969319617,0.03512182342894761,0.0002567796390907309
2012-02-02,0.9926060656527199,0.007356729563952334,3.720478332764727e-05
2012-02-06,0.9897796804300907,0.010156722814947965,6.359675496108962e-05
2012-02-09,0.9915301194578402,0.00842664757593005,4.323296623005323e-05
2012-02-16,0.852983336839848,0.1432891713319304,0.003727491828221365
2012-03-01,0.9869320304217835,0.012963249101222402,0.00010472047699396081
2012-03-26,0.9711118553633882,0.028650657625810205,0.00023748701080124427
2012-04-18,0.9846352583836242,0.015269932782028317,9.480883434749263e-05
2012-04-24,0.9895373244986828,0.010398593235297933,6.408226601915946e-05
2012-04-27,0.9866761479161509,0.013244616336522467,7.923574732645724e-05
2012-05-09,0.9300831660619788,0.06912564070369227,0.0007911932343289451
2012-05-10,0.9925977575332574,0.0073623015524937035,3.994091424870529e-05
2012-05-16,0.951311362401821,0.04809901316454636,0.0005896244336325558
2012-05-30,0.6957553914877614,0.3014677175298434,0.002776890982394984
2012-06-19,0.9527436388001991,0.04685247658400225,0.0004038846157988353
2012-06-20,0.9851886834059597,0.014716793749546722,9.45228444941364e-05
2012-06-25,0.4630528494940293,0.5344542304918933,0.002492920014076855
2012-06-26,0.9871596060677025,0.01276189964449174,7.849428780631772e-05
2012-06-27,0.9808011063796103,0.019068397855230675,0.00013049576515939638
2012-07-19,0.9265754926726236,0.07289057270329799,0.0005339346240784777
2012-07-24,0.9642211437695959,0.03552236678091898,0.0002564894494850823
2012-07-26,0.3580494138411667,0.6325818831028439,0.009368703055989396
2012-08-02,0.7924313001226353,0.20557644880495843,0.0019922510724066323
2012-08-07,0.9673653385838616,0.03230927733851075,0.0003253840776275789
2012-08-15,0.9778836670074108,0.02186887280440087,0.00024746018818790733
2012-09-10,0.9777290316547583,0.022126200144198003,0.00014476820104388839
2012-09-20,0.987026926583224,0.012890239844896711,8.283357187911824e-05
2012-10-02,0.9909057425964936,0.009041866128919775,5.239127458644846e-05
2012-10-03,0.9719782754230868,0.027814671262775943,0.0002070533141371454
2012-10-04,0.961164590959908,0.038531697113347925,0.0003037119267441911
2012-10-09,0.876656978138163,0.12233124242906956,0.0010117794327676195
2012-10-10,0.9810152682827816,0.01886731860388311,0.00011741311333545361
2012-10-15,0.9569151394408614,0.04272401531800921,0.0003608452411294029
2012-10-26,0.984699928516066,0.015195830677968555,0.00010424080596559463
2012-11-07,0.5822259504338936,0.41397982660290544,0.0037942229632009277
2012-11-09,0.9848361720411758,0.015036296264725454,0.00012753169409956885
2012-11-13,0.986965450465123,0.012958128719864992,7.64208150117588e-05
2012-11-19,0.5606489567560013,0.4329045714375258,0.006446471806472958
2012-11-20,0.9888101557182599,0.011117536180945903,7.230810079386989e-05
2012-11-27,0.9698240996974741,0.02995991697939044,0.00021598332313542637
2012-12-10,0.9892176137309855,0.010717763389692898,6.462287932243573e-05
2012-12-13,0.9699539946528342,0.029806475174204494,0.0002395301729618663
2013-01-02,0.5657087173499868,0.42711832988093645,0.007172952769076648
2013-01-15,0.9900340126750973,0.009898505175321435,6.748214958147319e-05
2013-01-16,0.9903148110210829,0.009623946956104634,6.124202281253712e-05
2013-01-22,0.982836438713302,0.017025147483968738,0.00013841380272889772
2013-01-24,0.9559157346611766,0.04371784206775235,0.0003664232710706273
2013-01-25,0.9613984609453224,0.03829850267204442,0.0003030363826328274
2013-02-14,0.9887729662322989,0.01116248428586028,6.454948184109671e-05
2013-02-21,0.6829043284361025,0.31409331513180194,0.0030023564320952414
2013-03-04,0.9318324553726953,0.06742411246923574,0.0007434321580690342
2013-03-13,0.978790426804311,0.021054202635050097,0.00015537056063860718
2013-03-28,0.9069500716661059,0.09218568504357352,0.0008642432903208477
2013-04-15,0.0012827654777506942,0.9388489267068154,0.05986830781543382
2013-05-06,0.9894991709002579,0.010433482609294316,6.734649044777026e-05
2013-06-27,0.9453288114960925,0.05400921991595571,0.0006619685879517332
2013-06-28,0.02205762977318603,0.9494713323432569,0.028471037883556823
2013-07-01,0.983989069616739,0.015902628042782533,0.00010830234047833156
2013-08-21,0.8699524746853132,0.1284236559738572,0.0016238693408296766
2013-10-04,0.9911690768079341,0.008774931222392139,5.5991969674099906e-05
2013-10-09,0.9768843612391176,0.022923541597281875,0.00019209716360046376
2013-10-10,0.8164102126630165,0.1814140637332069,0.002175723603776815
2013-10-11,0.9602584277980107,0.0394050399366547,0.0003365322653351023
2013-10-15,0.8594168929760994,0.13855644653752575,0.0020266604863749924
2013-10-16,0.9745832488193287,0.025230841439677062,0.00018590974099415967
2013-10-17,0.3218936871996544,0.6620093065007441,0.016097006299601542
2013-11-20,0.9423474574774547,0.05696710503923421,0.0006854374833110045
2013-12-12,0.9751118353362159,0.024698862757653435,0.00018930190613041046
2014-01-13,0.9445486987710846,0.05507448484384584,0.0003768163850686649
2014-01-24,0.33556310413396095,0.6572769504968479,0.007159945369191532
2014-01-30,0.9680545361590941,0.031674701834386775,0.00027076200651894675
2014-01-31,0.9863084384612055,0.013603009749011321,8.855178978335247e-05
2014-02-07,0.9088199787454059,0.08998904598418918,0.0011909752704045429
2014-02-10,0.9401484662677442,0.0592898242522076,0.0005617094800483726
2014-02-12,0.9629777339101743,0.03673319818952652,0.00028906790029923767
2014-03-24,0.6365586492120849,0.3583902233960198,0.005051127391894972
2014-05-08,0.9925684159443507,0.007391240445788577,4.0343609860562465e-05
2014-05-09,0.9847048768951421,0.015174517838494748,0.00012060526636361877
2014-05-14,0.9873868413137996,0.012537387167716857,7.57715184837122e-05
2014-05-22,0.9924018926564567,0.007555527291528805,4.25800520144022e-05
2014-05-23,0.9919475546418189,0.008009000769623497,4.344458855748036e-05
2014-05-28,0.9752741092216779,0.024531036173392175,0.00019485460492982596
2014-06-02,0.9866474498312652,0.013243616938875935,0.00010893322985895612
2014-06-03,0.9883450026767973,0.011572289257664669,8.270806553801056e-05
2014-06-04,0.992295776504528,0.007661465856391106,4.2757639080727267e-05
2014-07-02,0.978171434478303,0.02161908959782055,0.00020947592387633883
2014-07-03,0.9900064553684865,0.009929275567506324,6.426906400698804e-05
2014-07-15,0.9700655129770965,0.029696162289675122,0.00023832473322850958
2014-07-22,0.9843348067549165,0.015562325868090565,0.00010286737699290716
2014-07-24,0.9883060016173513,0.011618341408431638,7.565697421717545e-05
2014-07-25,0.9412522234483951,0.058280633158897296,0.00046714339270786064
2014-07-29,0.9899778315153253,0.009965474634269764,5.669385040519538e-05
2014-10-08,0.0580698772962866,0.922645110907016,0.019285011796697567
2014-10-09,0.600113312508518,0.3947718497227702,0.0051148377687114735
2014-10-30,0.11601024301997509,0.8708839809423342,0.013105776037690767
2014-11-03,0.6346081096801419,0.3588916505457648,0.0065002397740933065
2014-11-17,0.9841563931066108,0.01573591770796556,0.00010768918542377176
2014-11-25,0.9470044363744204,0.05255683037703883,0.0004387332485405883
2014-11-26,0.9798683508086864,0.019981635671194587,0.00015001352011896667
2014-12-02,0.5741115004462579,0.42075076186631943,0.005137737687422739
2014-12-03,0.8678204242335441,0.13044354086528473,0.0017360349011709738
2014-12-04,0.9567690049580418,0.04282427665474744,0.0004067183872106914
2014-12-05,0.9312299205185836,0.06789266654889965,0.0008774129325169039
2014-12-10,0.7620894630118319,0.23530763347607303,0.002602903512095297
2014-12-11,0.9900144153637971,0.009926097396191144,5.948724001170162e-05
2014-12-18,0.13485405563803404,0.8353964924402166,0.029749451921748948
2014-12-19,0.9886713641931187,0.011256072616592469,7.256319028878923e-05
2015-03-20,0.6584769653113484,0.3368426278774955,0.004680406811156197
2015-03-24,0.991266733496621,0.008686614316549886,4.665218682877162e-05
2015-03-30,0.9732035083114775,0.026593473841078675,0.00020301784744398968
2015-03-31,0.9468416969086395,0.05274640668051134,0.00041189641084905267
2015-04-06,0.8494901386205049,0.14847425655730048,0.002035604822194391
2015-04-07,0.9156826480017564,0.0833660752686895,0.00095127672955364
2015-04-20,0.9740300278490366,0.025734538903462105,0.00023543324750089747
2015-05-06,0.973768785787026,0.0259946731969949,0.00023654101597914205
2015-05-07,0.9330026716926548,0.06643278468281043,0.0005645436245346817
2015-07-09,0.9302235118906035,0.06880978454080133,0.0009667035685950917
2015-07-13,0.9428045636945545,0.05650222372266398,0.0006932125827811891
2015-07-20,2.0623890698691075e-05,0.8791643279429406,0.12081504816636053
2015-07-21,0.9688584600905161,0.030929460710878202,0.00021207919860568363
2015-07-24,0.6557339340639889,0.34081333447538825,0.0034527314606230012
2015-07-31,0.8602448354751125,0.13830365294074962,0.0014515115841377475
2015-08-19,0.7307022396626779,0.266922797480197,0.002374962857124805
2015-11-13,0.9526137591656288,0.04705164811291318,0.0003345927214581484
2015-11-24,0.9046024660254173,0.09453892799704866,0.0008586059775341271
2015-12-01,0.9313715096867515,0.06792614696041333,0.000702343352834951
2015-12-02,0.8681052383702434,0.13071275445520936,0.0011820071745476206
2015-12-08,0.9505682719118215,0.04884998218624102,0.000581745901937618
2015-12-10,0.9907069251708724,0.009228904602613438,6.417022651439848e-05
2015-12-15,0.8123162930392996,0.18417402484766549,0.0035096821130347613
2015-12-16,0.42793953501230236,0.562875514320474,0.009184950667223808
2015-12-18,0.4381743534022558,0.5576206489254176,0.004204997672326319
2015-12-22,0.9730283133737746,0.026743050856755896,0.00022863576946946618
2015-12-23,0.7557366291398058,0.24048279596196706,0.0037805748982266524
2015-12-24,0.9781103424984237,0.021745857500765665,0.00014380000081090134
2015-12-30,0.9567300246686822,0.04294874041942253,0.0003212349118951442
2016-01-05,0.991472034903237,0.008476523566523213,5.144153023994819e-05
2016-01-07,0.029568799636319837,0.9606830575693852,0.009748142794294742
2016-01-08,0.7798470547255583,0.2177365947029411,0.00241635057150078
2016-01-29,0.5578231190698945,0.4355826363097334,0.006594244620372327
2016-02-01,0.4764656136716049,0.5176971815449797,0.005837204783415259
2016-02-04,0.6248074260102936,0.37020884506097235,0.004983728928733522
2016-02-08,0.3611268762666556,0.6338282388365113,0.005044884896832874
2016-02-19,0.9753612253938776,0.02445258961517816,0.00018618499094456956
2016-02-29,0.9215317534464239,0.07787852875698145,0.0005897177965944551
2016-03-03,0.8551795214467447,0.14308802418200547,0.0017324543712497291
2016-03-16,0.20131271686299163,0.786575094778271,0.012112188358737603
2016-03-22,0.9897654377030507,0.010179553969467915,5.5008327481439406e-05
2016-03-28,0.9897090402192292,0.010228328684925682,6.263109584493364e-05
2016-03-29,0.613430879691908,0.3810374240682695,0.005531696239822771
2016-03-30,0.689559282486543,0.30557187030345573,0.0048688472100013895
2016-04-01,0.9593178252437198,0.04033018436381709,0.0003519903924631681
2016-04-04,0.7686099854153657,0.22838268190588118,0.0030073326787531714
2016-04-11,0.4110815866202685,0.5817976597048511,0.007120753674880432
2016-04-18,0.9921173833306275,0.007838895264589687,4.37214047828661e-05
2016-04-27,0.9825531056163588,0.01731657929416356,0.0001303150894778517
2016-05-02,0.9259856024993451,0.07307855373220777,0.0009358437684465427
2016-05-09,0.07775514958602764,0.908919656169694,0.013325194244278271
2016-05-20,0.9883236703176165,0.011601148336105963,7.518134627774759e-05
2016-05-26,0.9821036103816404,0.017767381938325468,0.00012900768003416252
2016-06-01,0.9763409223119099,0.023459365998516193,0.00019971168957405943
2016-06-02,0.9784419758082645,0.02142570321999288,0.00013232097174248287
2016-06-03,7.300339417812214e-05,0.925357850327756,0.07456914627806574
2016-06-06,0.9806199748620988,0.019263407361785466,0.00011661777611534654
2016-06-15,0.8096359829179013,0.18818893666159214,0.0021750804205065326
2016-06-27,0.21135664091740097,0.7826417343525918,0.00600162473000688
2016-07-05,0.25819410297373785,0.7363554568483495,0.0054504401779126395
2016-07-18,0.9918835736382219,0.008072048963581034,4.437739819750045e-05
2016-07-22,0.9919398971620117,0.008014623756546126,4.547908144233232e-05
2016-07-27,0.6458074575131707,0.34941736673531304,0.004775175751516184
2016-08-01,0.7507800544396404,0.24609750575686778,0.003122439803491834
2016-08-03,0.9663395623181238,0.03344243538505513,0.0002180022968211546
2016-08-11,0.9792536300037475,0.020571616539893485,0.00017475345635899127
2016-08-12,0.9894868846330027,0.01045025233693574,6.286303006141034e-05
2016-08-18,0.9746908941278368,0.025148911711279358,0.00016019416088370713
2016-08-24,0.016176133139662444,0.9583191591912519,0.025504707669085625
2016-08-31,0.9744301602856302,0.025388081484081466,0.00018175823028832735
2016-09-06,0.6340825068556277,0.36117409991093236,0.004743393233439584
2016-09-13,0.6420764012213188,0.3525711382097832,0.005352460568898304
2016-09-15,0.9883152052043517,0.011609833974932633,7.496082071529935e-05
2016-09-19,0.9907364378220264,0.009210793160953544,5.276901702037657e-05
2016-09-21,0.21749132209368155,0.7678933469900766,0.014615330916242111
2016-09-22,0.7510073411995715,0.24496140604225553,0.004031252758173107
2016-09-23,0.908039074974976,0.09116666127343741,0.0007942637515864215
2016-10-03,0.9798248041243708,0.02004272744772432,0.00013246842790471641
2016-10-04,0.0002191524350067608,0.9315259322065905,0.06825491535840275
2016-10-06,0.9723291486047975,0.02746324768187854,0.00020760371332412798
2016-10-11,0.9144188924389186,0.08472725503526041,0.0008538525258209095
2016-10-13,0.9706953503513986,0.029126942768505505,0.00017770688009612114
2016-10-14,0.9811975469854723,0.018670458675707317,0.00013199433881991394
2016-10-17,0.9856453875730843,0.014271196602512725,8.341582440273138e-05
2016-10-19,0.9787874222671112,0.02105767470155102,0.00015490303133777755
2016-10-25,0.9580695279746001,0.04158108644707618,0.0003493855783235951
2016-10-31,0.8394458707661969,0.15903256825124049,0.0015215609825628004
2016-11-01,0.9428394372422245,0.05670860683185721,0.00045195592591804724
2016-11-10,0.0017970660630812368,0.919724150988564,0.07847878294835518
2016-11-15,0.8165282255192713,0.18153125874903978,0.001940515731688976
2016-11-17,0.9779575470327557,0.021849065991678168,0.00019338697556581212
2016-11-21,0.7552831719260171,0.24306941771150647,0.0016474103624767888
2016-11-28,0.8486619571481737,0.15029185035381448,0.0010461924980116172
2016-11-30,0.5455591486700817,0.45136275255974984,0.0030780987701685032
2016-12-05,0.9528133335472114,0.04687224583618641,0.0003144206166016216
2016-12-09,0.8720943719049554,0.12657084477950126,0.0013347833155430964
2016-12-12,0.9921578658901531,0.007798543676855507,4.359043299082402e-05
2016-12-15,0.008195187374550605,0.9092007321192088,0.0826040805062403
2016-12-19,0.9328757078928955,0.06647912102407214,0.0006451710830322634
2016-12-22,0.992029773058823,0.007927282042223073,4.2944898954048497e-05
2016-12-27,0.8967372728622278,0.10252478133880787,0.0007379457989643238
2016-12-29,0.2925952264107162,0.6986568223679936,0.008747951221289673
2017-01-04,0.9509149041730218,0.048708456237915296,0.0003766395890630819
2017-01-09,0.9694060667612933,0.03038679318022606,0.00020714005848060306
2017-01-17,0.8805319099501199,0.1182296401635143,0.001238449886366184
2017-01-18,0.9839493661917219,0.0159182994583472,0.00013233434993103273
2017-01-19,0.7254219601648549,0.2695169916132853,0.005061048221859673
2017-01-23,0.7732887260486114,0.2238325636591219,0.0028787102922663513
2017-01-26,0.9586660767862947,0.04093981484117174,0.0003941083725340549
2017-01-30,0.960254902297416,0.039403742486133805,0.000341355216450009
2017-02-02,0.9793167621011204,0.020523761405063217,0.00015947649381640268
2017-02-09,0.9657326561929903,0.03398096544051026,0.0002863783664990216
2017-02-13,0.9796028410537065,0.020257325717268796,0.00013983322902471734
2017-02-16,0.8778613893699034,0.12077286424705917,0.0013657463830375137
2017-02-21,0.9866349761260651,0.013274894172484003,9.012970145080238e-05
2017-02-22,0.9786814974048733,0.02116278689881946,0.0001557156963071224
2017-02-27,0.6981814055800533,0.29685095857650917,0.004967635843437662
2017-02-28,0.9857989642591342,0.014124298471543516,7.673726932238967e-05
2017-03-01,0.4789087931920558,0.5076340593168925,0.013457147491051546
2017-03-03,0.9900442182452561,0.009900240532212973,5.554122253105927e-05
2017-03-06,0.946989079377038,0.05249657135073146,0.0005143492722305619
2017-03-15,0.18584653599710105,0.8005348506467647,0.013618613356134544
2017-03-17,0.9890912893455864,0.010846372187616813,6.233846679695544e-05
2017-03-22,0.9841951135373364,0.01569925671177609,0.00010562975088743002
2017-03-27,0.9779630358009891,0.021884308313663014,0.00015265588534745067
2017-03-28,0.9484768347525163,0.05107048207907215,0.00045268316841148084
2017-03-30,0.9920170776038448,0.007938197670864176,4.472472529117877e-05
2017-04-03,0.9697637502018767,0.030027054017886023,0.000209195780237262
2017-04-04,0.9880309883546567,0.01189713349520153,7.18781501418387e-05
2017-04-05,0.9888033647085546,0.011134166853823846,6.246843762158724e-05
2017-04-06,0.9927583528813455,0.007203135045843729,3.851207281123692e-05
2017-04-10,0.9913219125853685,0.008627743614394796,5.034380023679261e-05
2017-04-11,0.9554266703243581,0.04421074242640837,0.0003625872492336897
2017-04-13,0.9725397706414496,0.02728984968767445,0.00017037967087576026
2017-04-17,0.9722244782714569,0.02751252085018242,0.0002630008783609034
2017-04-18,0.9688292593909796,0.03089535087846121,0.00027538973055920267
2017-04-20,0.9868026969857715,0.013103087055200403,9.42159590283968e-05
2017-04-24,0.7300468583847686,0.2666529268238831,0.0033002147913482583
2017-04-25,0.8836886551827531,0.11524281525301361,0.0010685295642329526
2017-04-27,0.9629822534898956,0.03670213804506773,0.0003156084650369502
2017-04-28,0.9764650107606936,0.023382321573971035,0.00015266766533498106
2017-05-04,0.7862852699750265,0.21188831443052575,0.0018264155944478625
2017-05-08,0.9865967401224175,0.013312368463233437,9.089141434871744e-05
2017-05-09,0.9769333364975671,0.022875373969709834,0.00019128953272284306
2017-05-10,0.9828218057153664,0.01707850672192259,9.96875627108e-05
2017-05-11,0.961947777419655,0.037772822702499396,0.000279399877845427
2017-05-15,0.9916078999513152,0.00834411014729443,4.7989901390252e-05
2017-05-17,0.4999351068821358,0.49544703000293877,0.004617863114925343
2017-05-22,0.9874588678371498,0.012464008450930422,7.712371191989817e-05
2017-05-25,0.9672044720080036,0.03255391914760629,0.00024160884439019764
2017-05-30,0.9726084251997,0.027196544955294298,0.00019502984500609962
2017-06-01,0.982612447337171,0.01726178888036407,0.00012576378246523758
2017-06-05,0.9907768615746039,0.00916690426297477,5.623416242132664e-05
2017-06-06,0.6518399322270685,0.3433580170973717,0.004802050675559158
2017-06-08,0.984679961979948,0.015219327947038758,0.0001007100730131921
2017-06-12,0.9606975688607831,0.03893115682271303,0.0003712743165036643
2017-06-13,0.9883637021494603,0.01156077081783852,7.552703270093117e-05
2017-06-15,0.7924062108131842,0.20456356851435437,0.0030302206724616932
2017-06-19,0.9678859037531253,0.031852981214272436,0.00026111503260242176
2017-06-20,0.9732817466132291,0.02652612020818158,0.00019213317858920122
2017-06-21,0.9773048572494287,0.02253288400634649,0.00016225874422450237
2017-06-22,0.9790059308321271,0.020836970599531317,0.0001570985683416691
2017-06-23,0.9851302421975447,0.01477397899341924,9.57788090359036e-05
2017-06-26,0.9897030825900428,0.010236790742094637,6.012666786266257e-05
2017-06-29,0.9074802490172068,0.09175146172704791,0.0007682892557454117
2017-07-03,0.9584090307575588,0.04124621079929558,0.00034475844314566076
2017-07-05,0.96350457651537,0.036214589655632394,0.0002808338289977242
2017-07-06,0.9809197899631155,0.018958224508007743,0.00012198552887688927
2017-07-10,0.9630105795329431,0.036697024554012025,0.0002923959130452791
2017-07-11,0.9828171196440726,0.017085217466239186,9.76628896882671e-05
2017-07-12,0.8896368208004851,0.10901294347867774,0.0013502357208372393
2017-07-13,0.9784383848377525,0.02141421716287605,0.00014739799937174566
2017-07-17,0.9874798664251327,0.012441768008607954,7.83655662588645e-05
2017-07-18,0.9391690839594753,0.06025943104482899,0.0005714849956957443
2017-07-21,0.9643254461941408,0.035411387155378414,0.00026316665048071124
2017-07-24,0.9819900768144239,0.017875266590565604,0.00013465659501006908
2017-07-25,0.9454827862185443,0.05387236895204748,0.0006448448294080189
2017-07-27,0.9230387247867755,0.07605685017822503,0.0009044250349996456
2017-07-31,0.989042049610773,0.010885891740204486,7.205864902223513e-05
2017-08-02,0.9841627079313275,0.015737138342652994,0.00010015372601954536
2017-08-03,0.9807044542633532,0.01916790006507437,0.00012764567157258627
2017-08-07,0.9885027485109475,0.011429946863551902,6.730462550066044e-05
2017-08-09,0.9763269415760352,0.02350882299437895,0.000164235429585881
2017-08-10,0.8289788415620704,0.16918476564310442,0.0018363927948253853
2017-08-14,0.9667190223110893,0.03302204016681889,0.00025893752209202954
2017-08-15,0.960182634413845,0.0394378550841827,0.0003795105019723728
2017-08-17,0.9326255626944405,0.06680810843631424,0.0005663288692453892
2017-08-21,0.9817822883036043,0.018092388752135966,0.00012532294425982005
2017-08-24,0.989181493639494,0.01075329495128795,6.521140921813138e-05
2017-08-25,0.9848573097432896,0.015040260666793167,0.00010242958991706574
2017-08-28,0.9230960349525766,0.07610536535166784,0.0007985996957553181
2017-08-30,0.9532721822746728,0.04622924824550416,0.0004985694798227276
2017-09-05,0.9407902184822957,0.05872424836372753,0.00048553315397665647
2017-09-06,0.9864105602852986,0.013488246660171326,0.00010119305452999836
2017-09-07,0.9685963363740913,0.03114813013015135,0.0002555334957578913
2017-09-08,0.9590319253122026,0.04061698381329349,0.0003510908745036968
2017-09-11,0.9337776390855048,0.0655218648728253,0.0007004960416701056
2017-09-12,0.9666135069094878,0.033046236252095906,0.00034025683841596625
2017-09-14,0.9893145803477962,0.01062220970221916,6.320994998455365e-05
2017-09-15,0.9876839264970227,0.012236484974822465,7.958852815471108e-05
2017-09-18,0.9871014534903206,0.012814774740082557,8.377176959701572e-05
2017-09-19,0.9900366541720681,0.009903458610156315,5.988721777604602e-05
2017-09-21,0.9569669689047542,0.04265129705213894,0.0003817340431066127
2017-09-22,0.9881424203887306,0.011781656411118682,7.59232001506349e-05
2017-09-25,0.9785994983837585,0.021265277091959314,0.00013522452428212512
2017-09-28,0.9880079536438595,0.011914772876754302,7.727347938650832e-05
2017-09-29,0.9823872355492392,0.017484113616738524,0.0001286508340223234
2017-10-02,0.9623925092822395,0.03729251245166581,0.0003149782660945698
2017-10-03,0.9895558988274346,0.010378874531519151,6.522664104660061e-05
2017-10-05,0.982033920135617,0.017831646807564515,0.00013443305681823167
2017-10-10,0.9189196305981802,0.08027719318209357,0.0008031762197263335
2017-10-12,0.9892559418340678,0.010683554194386812,6.050397154545329e-05
2017-10-13,0.9742223871319272,0.025610505240909603,0.00016710762716318442
2017-10-16,0.9883083979314377,0.011609692023426633,8.19100451358101e-05
2017-10-18,0.9900955537793558,0.009843004751827518,6.144146881676556e-05
2017-10-20,0.963218469992333,0.03639602188219648,0.0003855081254701462
2017-10-23,0.984325531497087,0.015580694704194731,9.377379871848039e-05
2017-10-24,0.9872508300072044,0.01267013282748213,7.903716531280499e-05
2017-10-25,0.9849641452236109,0.014925803203795171,0.0001100515725944074
2017-10-27,0.9886249660994642,0.01129936031013878,7.567359039686478e-05
2017-10-30,0.9729694236370297,0.02682863644806845,0.00020193991490188813
2017-11-02,0.989749147246175,0.010189915161610451,6.0937592214712006e-05
2017-11-06,0.9294907088644049,0.07007747732433893,0.00043181381125604473
2017-11-10,0.9843530655192237,0.01549202692520173,0.00015490755557433293
2017-11-13,0.9906474593614325,0.009298679210871972,5.386142769550621e-05
2017-11-16,0.9794775767491819,0.020358780040630537,0.00016364321018747533
2017-11-17,0.9470660148647202,0.05261819585869306,0.00031578927658658254
2017-11-20,0.9863139369795901,0.013599609499588768,8.645352082068943e-05
2017-11-21,0.9894684692756777,0.010466428346988655,6.510237733369523e-05
2017-11-24,0.9887996391854772,0.011129864043076443,7.049677144654385e-05
2017-11-27,0.9902799074690087,0.00966268299332541,5.740953766615118e-05
2017-11-29,0.9859998713979774,0.01390182883699739,9.829976502524112e-05
2017-11-30,0.9622124336460901,0.03750249398120649,0.000285072372703031
2017-12-04,0.9826725643961293,0.01721418196885951,0.00011325363501095481
2017-12-06,0.9688598061523314,0.030921316811263345,0.00021887703640536914
2017-12-07,0.9875088955224716,0.012399316872550692,9.178760497761669e-05
2017-12-11,0.9898135800635094,0.01012444243386246,6.19775026281479e-05
2017-12-13,0.915518000558807,0.08357850139521614,0.0009034980459771052
2017-12-18,0.9727497449581903,0.02698188955663274,0.000268365485176425
2017-12-19,0.9681305374444242,0.03156197697792,0.000307485577655535
2017-12-20,0.9816170811149323,0.018261952380495317,0.00012096650457237053
2017-12-21,0.9911308501792974,0.008817144311334346,5.200550936849034e-05
2017-12-22,0.9877616584976311,0.012164461487594922,7.388001477428118e-05
2017-12-26,0.9594103540371564,0.040348124256926104,0.00024152170591733437
2017-12-28,0.9870052922244161,0.01291632323356012,7.83845420237706e-05
2017-12-29,0.9781983368063187,0.021660485043091173,0.0001411781505902455
2018-01-02,0.9046081609974241,0.09380629640149935,0.0015855426010765706
2018-01-03,0.986626153065308,0.013286019475312869,8.782745937920339e-05
2018-01-04,0.9829910425725332,0.016886781674598995,0.0001221757528677126
2018-01-05,0.9713520608756017,0.028431937099265885,0.00021600202513213782
2018-01-08,0.9897047426097405,0.010230247676936425,6.500971332345407e-05
2018-01-09,0.9779630504128303,0.02182599406450063,0.00021095552266885105
2018-01-11,0.9889394393382004,0.010991332717480356,6.92279443193408e-05
2018-01-16,0.9834637678322113,0.016425007561263662,0.00011122460652504872
2018-01-17,0.984363656519801,0.015522114914671453,0.00011422856552778703
2018-01-18,0.9868642629843073,0.013045060289644477,9.067672604860496e-05
2018-01-19,0.9870864727819594,0.012810069623108471,0.00010345759493210512
2018-01-22,0.989160969630178,0.010769907502098535,6.912286772326872e-05
2018-01-23,0.9836689757853743,0.016221881425204927,0.0001091427894210719
2018-01-24,0.8881308627564998,0.11095561531146306,0.0009135219320370146
2018-01-25,0.8445725683364659,0.15317337803869402,0.002254053624839992
2018-01-29,0.9229674891620062,0.07623251654778665,0.0007999942902069451
2018-01-31,0.9815821683610894,0.018293886839666006,0.00012394479924438738
2018-02-05,0.003001858049350619,0.9775498829844915,0.01944825896615778
2018-02-07,0.9477472985444517,0.05167669226502645,0.0005760091905216336
2018-02-08,0.040197339114364176,0.9486039659214738,0.011198694964162318
2018-02-12,0.865823547173896,0.13240569862734142,0.001770754198762384
2018-02-14,0.419733456369917,0.567251786869987,0.013014756760095697
2018-02-15,0.9284165866797224,0.0708126774538128,0.0007707358664644415
2018-02-20,0.9610478713471231,0.038618713085450285,0.0003334155674268147
2018-02-21,0.9816790110442959,0.01818304445013945,0.00013794450556466295
2018-02-22,0.9854517505488326,0.014453984024855366,9.426542631224647e-05
2018-02-23,0.9634536497622008,0.03622101842248476,0.00032533181531414654
2018-02-26,0.9825202592606631,0.017350424706323853,0.00012931603301312756
2018-02-27,0.9225225643906791,0.07665045594060385,0.0008269796687167052
2018-02-28,0.9424706377555508,0.05704040027467917,0.0004889619697697642
2018-03-01,0.8576402102491099,0.14113099974250645,0.0012287900083835124
2018-03-02,0.9488838818165236,0.050138334987881075,0.0009777831955951988
2018-03-05,0.9839360194776969,0.01595083885742515,0.00011314166487789065
2018-03-07,0.9459461363694457,0.05356561954066432,0.00048824408988977226
2018-03-08,0.9843689075785633,0.01552346126596194,0.00010763115547485802
2018-03-12,0.9867130830227625,0.013199647270537105,8.726970670023531e-05
2018-03-13,0.9804763856379436,0.019401050004106524,0.00012256435794976775
2018-03-14,0.9860200839401274,0.013889356291606588,9.055976826565546e-05
2018-03-16,0.9912772211084044,0.008667775500701774,5.5003390893621117e-05
2018-03-19,0.8999126695597756,0.09917216260166775,0.000915167838556551
2018-03-21,0.9276562615459631,0.07165516669859696,0.0006885717554392489
2018-03-22,0.38143417165889876,0.6106770013582856,0.007888826982815643
2018-03-26,0.8222304499744231,0.17559432927043456,0.002175220755142346
2018-03-27,0.9679731981459236,0.03175990526864328,0.00026689658543281646
2018-03-28,0.9823140829366807,0.01756616127898376,0.00011975578433600965
2018-03-29,0.9714083395090339,0.02836267529996083,0.00022898519100506917
2018-04-02,0.8178672604262125,0.18027831078243234,0.0018544287913549035
2018-04-03,0.9862068679743287,0.013683481746076264,0.00010965027959506258
2018-04-04,0.9825287172788878,0.017348168857790464,0.00012311386332145477
2018-04-05,0.9098742946446621,0.0889239648177231,0.0012017405376146654
2018-04-09,0.9524735387565691,0.04719784277199383,0.00032861847143707897
2018-04-10,0.936672931886309,0.06270107859511251,0.0006259895185785666
2018-04-11,0.9681157143368843,0.0316651918522038,0.00021909381091152425
2018-04-13,0.9866244839355447,0.013291288619548262,8.422744490658692e-05
2018-04-16,0.9866520650908461,0.013260224032241748,8.771087691237896e-05
2018-04-17,0.985150488159187,0.014745058346818832,0.00010445349399434266
2018-04-19,0.9673184507127116,0.03232992679431766,0.0003516224929707772
2018-04-20,0.9370002099290786,0.06231169977041954,0.0006880903005018975
2018-04-23,0.97090276574323,0.028859160732725354,0.00023807352404448223
2018-04-24,0.9759270256635499,0.02390625391595873,0.00016672042049114703
2018-04-25,0.9847811934120415,0.015096832751304565,0.00012197383665384156
2018-04-26,0.9869957968800573,0.012915949714494283,8.825340544826635e-05
2018-04-27,0.9911534131939493,0.008795013820458395,5.157298559224152e-05
2018-04-30,0.9660513699564032,0.03369452963949619,0.00025410040410060454
2018-05-01,0.9661583526224753,0.033393135575413936,0.00044851180211064425
2018-05-02,0.9854665294463956,0.01444075995895697,9.271059464763532e-05
2018-05-03,0.9844409999331413,0.015443090280356734,0.00011590978650206625
2018-05-04,0.983044376497209,0.016825130199050613,0.00013049330374039666
2018-05-07,0.9906814398541485,0.00926157114029129,5.698900556030175e-05
2018-05-09,0.9850401509667434,0.014857680260523157,0.00010216877273396842
2018-05-10,0.983152450634089,0.016728772770146477,0.00011877659576494759
2018-05-11,0.9782107954691517,0.02163699596889784,0.00015220856195051127
2018-05-14,0.9906742094216476,0.009271936127646421,5.385445070642555e-05
2018-05-15,0.8274196584057394,0.16912858723764848,0.0034517543566122224
2018-05-17,0.9909603759668391,0.00898478082455945,5.484320860116926e-05
2018-05-18,0.9901144229195038,0.009829814312503144,5.576276799304916e-05
2018-05-21,0.9856602839537609,0.014244419732780794,9.529631345827778e-05
2018-05-22,0.9880298378589811,0.011897377726822537,7.278441419682622e-05
2018-05-23,0.9849686753901716,0.01492922895424803,0.00010209565558026209
2018-05-24,0.975750656057612,0.02406265602724693,0.00018668791514131038
2018-05-25,0.9858560031346444,0.014056263392925355,8.773347243023104e-05
2018-05-29,0.8767424421231178,0.1215462325917747,0.0017113252851075605
2018-05-30,0.9745570473049,0.025124365961139022,0.0003185867339609718
2018-06-01,0.9692339117533443,0.030462128272227877,0.0003039599744272589
2018-06-04,0.9342946013380763,0.06516347564752713,0.0005419230143963713
2018-06-05,0.9877631539011761,0.012162232220335358,7.461387848850202e-05
2018-06-06,0.9837548040451372,0.01612003481320162,0.00012516114166109262
2018-06-07,0.9881648708179578,0.011761817335161137,7.331184688089663e-05
2018-06-08,0.9909244769153179,0.009013673899258987,6.184918542290046e-05
2018-06-11,0.9868025086435839,0.013106696073114835,9.079528330082266e-05
2018-06-12,0.9905433194625025,0.009400912841903548,5.576769559426887e-05
2018-06-13,0.9900942259026623,0.0098462444422628,5.952965507482827e-05
2018-06-14,0.9704744172258742,0.029304043038491184,0.00022153973563492673
2018-06-15,0.8526664832310181,0.14620333997658355,0.0011301767923982175
2018-06-18,0.9882999154318279,0.011624758153594934,7.532641457761835e-05
2018-06-19,0.9456347745563187,0.05390239020762588,0.0004628352360556275
2018-06-20,0.9907783895614305,0.009160338081995133,6.127235657444352e-05
2018-06-21,0.9839885624967424,0.015910844983693582,0.00010059251956395974
2018-06-22,0.9786697195076839,0.021192059420284355,0.00013822107203156073
2018-06-25,0.7508402616111756,0.2467264664784669,0.00243327191035743
2018-06-26,0.9902201050297268,0.009721492104397291,5.8402865875519926e-05
2018-06-27,0.9573306136043191,0.04238888262385318,0.00028050377182803896
2018-06-28,0.9885638266700582,0.011350191769624915,8.598156031659849e-05
2018-06-29,0.9774504496568139,0.02239461185470023,0.00015493848848596216
2018-07-02,0.7764382686241432,0.22162609658369975,0.0019356347921572002
2018-07-03,0.9814073202208741,0.01846571394747762,0.00012696583164807385
2018-07-05,0.9738964299783517,0.02590389994787403,0.00019967007377426154
2018-07-06,0.9732282721968943,0.02656629867160029,0.00020542913150560944
2018-07-09,0.9829797356433089,0.016894099511047565,0.0001261648456438103
2018-07-10,0.9864435616752448,0.013462749784170456,9.368854058453603e-05
2018-07-11,0.29336335322037954,0.7026505761984804,0.00398607058114008
2018-07-12,0.9785648941754385,0.02126293720364781,0.00017216862091382255
2018-07-13,0.9901381750217106,0.00980190378528454,5.992119300453065e-05
2018-07-16,0.9671556693616091,0.03262488572508625,0.00021944491330499457
2018-07-17,0.9917167978254569,0.008231976508446454,5.122566609663876e-05
2018-07-18,0.9900858922169278,0.009851458333473867,6.264944959884594e-05
2018-07-19,0.9857078804582324,0.014201254268052212,9.086527371531973e-05
2018-07-20,0.9787469247885923,0.021068340470877644,0.00018473474053025784
2018-07-23,0.9856400338353344,0.014246338780123704,0.00011362738454155172
2018-07-24,0.9875064329641324,0.012412455719926158,8.111131594143545e-05
2018-07-25,0.9812977982333873,0.018586443469290552,0.00011575829732209713
2018-07-26,0.9669399316675292,0.032775598774972874,0.00028446955749788453
2018-07-27,0.9901144354199293,0.009827996542397775,5.756803767307136e-05
2018-07-30,0.9798745197489591,0.02001034248848069,0.00011513776256011861
2018-07-31,0.9908498572785828,0.009094103202472862,5.6039518944746804e-05
2018-08-01,0.9404542465261037,0.059072345719975404,0.00047340775392096105
2018-08-02,0.9898654502787488,0.01007426123912571,6.0288482125593256e-05
2018-08-03,0.9892491597592823,0.010686568434901908,6.427180581582383e-05
2018-08-06,0.9893145685461768,0.010620339099004013,6.509235481913635e-05
2018-08-07,0.9817772852652735,0.018076779299611153,0.00014593543511522876
2018-08-08,0.989146574996252,0.010782647303055296,7.077770069256197e-05
2018-08-09,0.9911245763891005,0.008824245473048773,5.117813785082273e-05
2018-08-10,0.9424898359143562,0.057036705820344556,0.00047345826529928553
2018-08-13,0.9483456923587793,0.051182492569189664,0.0004718150720312541
2018-08-14,0.9867396422671965,0.01316677607436804,9.358165843569278e-05
2018-08-15,0.08686723462268067,0.8999119674855892,0.01322079789172979
2018-08-16,0.783616494979221,0.21360722077026,0.0027762842505190317
2018-08-17,0.9785888744840332,0.02125143894896784,0.00015968656699902212
2018-08-20,0.988051017712614,0.01187101266865055,7.796961873598124e-05
2018-08-21,0.9891077696480369,0.010821263609457812,7.096674250509857e-05
2018-08-22,0.9901520538704437,0.009789771342828215,5.8174786727929706e-05
2018-08-23,0.9579248424017613,0.04170254078591974,0.000372616812319172
2018-08-24,0.9369247530447178,0.06246570976145314,0.0006095371938295405
2018-08-27,0.9766700550771062,0.02313573782423818,0.0001942070986557485
2018-08-28,0.9843874259234952,0.015502158144064877,0.00011041593243985479
2018-08-29,0.9887400554006065,0.01119017740385864,6.976719553463559e-05
2018-08-30,0.9806233700271092,0.019241828389803334,0.00013480158308758593
2018-08-31,0.9889015731800926,0.011026055356112303,7.237146379480976e-05
2018-09-04,0.8481291988624001,0.14917849553725648,0.002692305600343374
2018-09-05,0.9829523686988619,0.0169378258317069,0.0001098054694313765
2018-09-06,0.9808918498336096,0.018978127581343894,0.00013002258504660676
2018-09-07,0.9782674242086037,0.02153234859600498,0.0002002271953913653
2018-09-10,0.974857310571078,0.024948438686252065,0.00019425074266981267
2018-09-12,0.9531687453957235,0.04643016107411326,0.0004010935301634154
2018-09-13,0.9670891476638395,0.03266528161868321,0.00024557071747727824
2018-09-14,0.9900660078136875,0.009869841320521594,6.415086579111308e-05
2018-09-17,0.9593799367304529,0.04026762606898321,0.00035243720056398744
2018-09-19,0.9689495087689262,0.030793888460633956,0.0002566027704393472
2018-09-20,0.9725271565912427,0.02723508196812623,0.0002377614406308355
2018-09-21,0.9836164496510265,0.016278617284239988,0.00010493306473408981
2018-09-24,0.9843001099401898,0.015607335540155986,9.255451965417965e-05
2018-09-25,0.9893635135365603,0.0105677071640608,6.877929937862856e-05
2018-09-26,0.9687930041632857,0.030950054246456395,0.0002569415902575458
2018-09-27,0.9907771614262497,0.00916553488709429,5.730368665602234e-05
2018-09-28,0.9798385353640493,0.02002588998700095,0.00013557464894999797
2018-10-01,0.938256912346081,0.06132587456025925,0.00041721309365959374
2018-10-02,0.9401013032686123,0.059457325287140705,0.0004413714442470868
2018-10-03,0.9672500112962874,0.03232629988833084,0.00042368881538167757
2018-10-04,0.9420044573645846,0.05742150344801197,0.0005740391874032698
2018-10-05,0.978214461449026,0.021627163799210848,0.00015837475176334897
2018-10-09,0.9789114509076701,0.020946918148692095,0.000141630943637558
2018-10-10,0.12032947840236308,0.867606341492938,0.012064180104699035
2018-10-11,9.67380981052454e-05,0.9076485422052804,0.09225471969661472
2018-10-12,0.9767152133991562,0.023080176654435382,0.00020460994640845916
2018-10-15,0.9423298397003522,0.057275788903356904,0.0003943713962907745
2018-10-16,0.7796627133311322,0.21731153758263116,0.0030257490862366813
2018-10-17,0.9895131467095292,0.010412052646138878,7.480064433226845e-05
2018-10-18,0.8473723487331817,0.15101991788888341,0.001607733377934497
2018-10-19,0.9892505031367957,0.010668714018614864,8.078284458947874e-05
2018-10-22,0.9853761643375805,0.014529130453978117,9.470520844123405e-05
2018-10-23,0.934665701976759,0.06470259544757026,0.0006317025756708249
2018-10-24,0.316422743884905,0.67695870529848,0.006618550816614749
2018-10-25,0.39027107749489404,0.5932705165592427,0.016458405945863563
2018-10-26,0.7922866439646858,0.20575292093359687,0.001960435101717384
2018-10-29,0.9853808773398084,0.014525748792140428,9.337386805121937e-05
2018-10-30,0.7463980778170034,0.2503059041976505,0.003296017985346104
2018-10-31,0.8870706895303059,0.11139444449380824,0.0015348659758860808
2018-11-01,0.8140887628983627,0.18343658716156735,0.0024746499400700684
2018-11-05,0.989923824978318,0.010016623369304891,5.9551652376995096e-05
2018-11-06,0.9795321090126411,0.02032193437802005,0.00014595660933942146
2018-11-07,0.7794141362883656,0.21740047080694708,0.0031853929046873884
2018-11-08,0.9865814213717847,0.01332700458846581,9.157403974934931e-05
2018-11-09,0.9578308967795144,0.04183637256889205,0.0003327306515938821
2018-11-13,0.9819539838629057,0.017924402841792874,0.00012161329530104518
2018-11-14,0.1410852532824639,0.85599170263527,0.0029230440822659827
2018-11-15,0.04410267392610269,0.938985960751317,0.01691136532258043
2018-11-16,0.9516465158424439,0.04805202279041107,0.0003014613671449832
2018-11-19,0.6825915552791578,0.3152369551992213,0.002171489521621124
2018-11-20,0.3096723484971555,0.6824876283199062,0.007840023182938426
2018-11-21,0.951587308375683,0.04794067422348212,0.0004720174008348959
2018-11-23,0.5888408871539699,0.40818165610176216,0.0029774567442682714
2018-11-26,0.9547239643554848,0.04482643529516024,0.0004496003493549525
2018-11-27,0.9863535138199628,0.013546342902105199,0.00010014327793163935
2018-11-28,0.6844854268295432,0.31156039486348175,0.003954178306975281
2018-11-29,0.9243673882193251,0.07464231490544546,0.0009902968752297683
2018-11-30,0.9902153550113348,0.00971835163209769,6.629335656738744e-05
2018-12-03,0.9449398993007507,0.054501023712492644,0.0005590769867563537
2018-12-04,0.043728885762626145,0.9479066121553519,0.008364502082021677
2018-12-06,0.8166698960952452,0.181262349410298,0.0020677544944566503
2018-12-07,0.37772398216396635,0.6189387611534121,0.0033372566826221236
2018-12-10,0.9736922250235522,0.02611349636907486,0.0001942786073729535
2018-12-11,0.9902831679045807,0.0096547127056593,6.211938976013041e-05
2018-12-12,0.8674045762218162,0.1311448579521548,0.0014505658260289302
2018-12-13,0.9886230146027954,0.011306909740856486,7.007565634760537e-05
2018-12-14,0.6418272225430638,0.35461337125236175,0.0035594062045740567
2018-12-17,0.4458377199515534,0.5472727828533495,0.006889497195097181
2018-12-18,0.9484365802203026,0.05111990745249853,0.00044351232719877173
2018-12-19,0.03006457156587111,0.9394063093133124,0.030529119120816565
2018-12-20,0.0021009630609534462,0.9158670911881495,0.08203194575089703
2018-12-21,0.7763116533022949,0.22125973732164841,0.002428609376056609
2018-12-24,0.0414892978519388,0.9432143935283087,0.015296308619753151
2018-12-26,0.006968600671898204,0.9343093988813238,0.058722000446777944
2018-12-27,0.9720449789767241,0.02773211432517814,0.0002229066980973718
2018-12-28,0.9749834503127632,0.024800253627173287,0.00021629606006397565
2018-12-31,0.8440399709284246,0.15452558205192682,0.0014344470196485388
2019-01-02,0.9893191635831134,0.010617302473560719,6.353394332575597e-05
2019-01-03,0.40286784847001106,0.591995386476771,0.005136765053217787
2019-01-04,0.05697833436550823,0.9076145629877166,0.03540710264677519
2019-01-07,0.9784474596893283,0.021372603376992698,0.00017993693367915407
2019-01-08,0.9796556141320958,0.020176976409815233,0.0001674094580890888
2019-01-09,0.9527700275131042,0.04687801411127529,0.00035195837562031885
2019-01-10,0.9794107623195288,0.020425635591423696,0.00016360208904789967
2019-01-11,0.9912010836285947,0.008748253580478958,5.066279092604033e-05
2019-01-14,0.9810392866276537,0.0188320401402119,0.0001286732321342539
2019-01-15,0.9527364989805235,0.04676957647164321,0.000493924547833313
2019-01-16,0.9911380021663092,0.008807998527236245,5.3999306454343126e-05
2019-01-17,0.9905040157117125,0.009435338549309768,6.064573897802536e-05
2019-01-18,0.816952326709116,0.18049077977598582,0.0025568935148982752
2019-01-22,0.7331086257582273,0.26428753047302306,0.0026038437687498366
2019-01-23,0.9916423372848212,0.008309086749266833,4.857596591166269e-05
2019-01-24,0.9886187551549067,0.011308837053274373,7.24077918193319e-05
2019-01-25,0.8815844754150831,0.11716900489096842,0.0012465196939485982
2019-01-28,0.8637313002006681,0.13513918638746708,0.0011295134118646957
2019-01-29,0.9653670377212703,0.03438229125909458,0.0002506710196347316
2019-01-30,0.9709004007523131,0.02883924985714407,0.00026034939054311526
2019-01-31,0.8529072582847592,0.14498189249573912,0.00211084921950205
2019-02-01,0.9889780603735289,0.010951370351454088,7.056927501674261e-05
2019-02-04,0.9865533749029669,0.013346934636116753,9.969046091643889e-05
2019-02-05,0.9833396771130212,0.016536730559810787,0.00012359232716787865
2019-02-06,0.9876566674743453,0.012265213222004369,7.811930364979148e-05
2019-02-07,0.9231328294337849,0.07625768190166825,0.0006094886645464015
2019-02-08,0.9853830670564195,0.014520198516199435,9.67344273811048e-05
2019-02-11,0.9842939284855394,0.015587831610188329,0.00011823990427205696
2019-02-12,0.9631884091200164,0.03646257005254886,0.00034902082743476243
2019-02-13,0.9911113381498069,0.008832455609306813,5.620624088646622e-05
2019-02-14,0.9889683310933863,0.010964110194177248,6.755871243642772e-05
2019-02-15,0.9569472443364208,0.04272150295583755,0.0003312527077414273
2019-02-19,0.899500192315821,0.09939140477516173,0.001108402909017382
2019-02-20,0.9900246161558295,0.00991479083434171,6.0593009828574736e-05
2019-02-21,0.9847484448685219,0.015131509125279581,0.0001200460061984244
2019-02-22,0.9895431444195039,0.010391147325716018,6.570825478026115e-05
2019-02-25,0.9728846725436924,0.026933283882025375,0.0001820435742821547
2019-02-26,0.989633868612659,0.010302469849206367,6.3661538134836e-05
2019-02-27,0.9786331666294823,0.021207065227961938,0.000159768142555718
2019-02-28,0.9893849041423152,0.010549362279797636,6.573357788746069e-05
2019-03-01,0.968741884448236,0.030986181366065277,0.0002719341856989546
2019-03-04,0.9877852597953591,0.01213630117112232,7.84390335183898e-05
2019-03-05,0.9880888160349369,0.011839556877588364,7.162708747452672e-05
2019-03-06,0.9431066382491201,0.05635367322182144,0.0005396885290580483
2019-03-07,0.9720867573190666,0.027712272691582135,0.00020096998935161653
2019-03-08,0.8919187527465312,0.10667077775192944,0.0014104695015393852
2019-03-11,0.9564311435553325,0.04315765542103026,0.0004112010236372216
2019-03-12,0.9768943401405202,0.022919492639405736,0.00018616722007399833
2019-03-13,0.9834534718829187,0.01643863903906317,0.00010788907801848334
2019-03-14,0.975313659040196,0.02448236751369187,0.00020397344611248672
2019-03-15,0.9868586534648485,0.013049538087455329,9.180844769631695e-05
2019-03-18,0.9827771122618238,0.017093316556832504,0.0001295711813437348
2019-03-19,0.9912664620974176,0.008681528456365797,5.20094462158938e-05
2019-03-20,0.9735764619831304,0.02623131487841153,0.00019222313845739417
2019-03-21,0.9785662477102621,0.021248855466046032,0.00018489682369166938
2019-03-22,0.6178199419119035,0.37767705508822513,0.004503002999871222
2019-03-25,0.9671760762342705,0.032560950696009686,0.00026297306971979065
2019-03-26,0.9825658488226865,0.01729158199176204,0.00014256918555159785
2019-03-27,0.9789064679307266,0.020944291387164953,0.00014924068210890907
2019-03-28,0.9743554723010224,0.02542835785828306,0.0002161698406947925
2019-03-29,0.9883039353703877,0.011613058118296308,8.300651131566914e-05
2019-04-01,0.9182870793008193,0.08065016961733316,0.0010627510818479427
2019-04-02,0.990805388858828,0.00913954200133253,5.506913983918095e-05
2019-04-03,0.9895802522736056,0.01035124049952014,6.85072268739979e-05
2019-04-04,0.9773615525660111,0.022456818096631415,0.00018162933735740183
2019-04-05,0.9910001433844653,0.008943209902007511,5.664671352760153e-05
2019-04-08,0.9871932815120876,0.012725801747850858,8.091674006168921e-05
2019-04-09,0.985018331219821,0.014886506573851413,9.516220632797704e-05
2019-04-10,0.9787807086075441,0.021065203597537368,0.0001540877949189991
2019-04-11,0.9759057344154355,0.023931518252550524,0.00016274733201428863
2019-04-12,0.9853360246692842,0.014558542733249549,0.0001054325974663162
2019-04-15,0.9886403685375639,0.011285431487745586,7.419997469042479e-05
2019-04-16,0.9853010867275623,0.0145871193582703,0.00011179391416728157
2019-04-17,0.989723656625691,0.010212359196559911,6.398417774928007e-05
2019-04-18,0.9865405390561494,0.013366873453121082,9.258749072927295e-05
2019-04-22,0.9829077538003541,0.016957980642943262,0.00013426555670242697
2019-04-23,0.9839253451079772,0.01595649860316356,0.00011815628885928058
2019-04-24,0.9836957301615801,0.01619256672713296,0.00011170311128738116
2019-04-25,0.9876659038311695,0.012246873061395392,8.722310743530549e-05
2019-04-26,0.9248758585256005,0.07437697713780485,0.0007471643365947002
2019-04-29,0.9799782591919044,0.019857104422123847,0.00016463638597178176
2019-04-30,0.9880738721127549,0.01184972898103407,7.639890621112282e-05
2019-05-01,0.9610899307393262,0.038579004017334724,0.00033106524333932565
2019-05-02,0.9644080018289887,0.0352335392732111,0.0003584588977997832
2019-05-03,0.984601096046319,0.015286404052669646,0.00011249990101162571
2019-05-06,0.9833680647315179,0.016521793379162226,0.0001101418893196564
2019-05-07,0.7460004797587988,0.25105552066205683,0.002943999579144362
2019-05-08,0.9795181121794404,0.02028254694645253,0.0001993408741074725
2019-05-09,0.9784798471299487,0.021362188591677756,0.00015796427837341188
2019-05-10,0.9887007325655759,0.011222744242771442,7.652319165263742e-05
2019-05-13,0.3576466741351249,0.6338558102006532,0.008497515664222213
2019-05-14,0.9488562807726557,0.05073636063167653,0.00040735859566733325
2019-05-15,0.987517234775063,0.012398691092146943,8.40741327898811e-05
2019-05-16,0.9672983589031475,0.032407271577015125,0.0002943695198369899
2019-05-17,0.9806461161984993,0.019222441565062805,0.0001314422364384369
2019-05-20,0.9809466877131627,0.01892932388709175,0.0001239883997456132
2019-05-21,0.985655153350868,0.014239300118366528,0.00010554653076538503
2019-05-22,0.9615470796108997,0.038156339568901354,0.0002965808201989515
2019-05-23,0.7725377828738,0.2251602398341222,0.0023019772920778326
2019-05-24,0.9761462115008693,0.023661124098864783,0.0001926644002661097
2019-05-28,0.9297367617510471,0.06980326998221226,0.000459968266740709
2019-05-29,0.952452349562249,0.047090994353911585,0.0004566560838396988
2019-05-30,0.9784418175466887,0.021371647898833265,0.00018653455447763083
2019-05-31,0.05140001621038656,0.9325275428321572,0.01607244095745586
2019-06-03,0.8083780907831918,0.18900278915035576,0.0026191200664526263
2019-06-04,0.8847425473863,0.11364839274760634,0.0016090598660938305
2019-06-05,0.6027485170068885,0.39380818059785255,0.0034433023952589693
2019-06-06,0.9853242786411881,0.014585503216137176,9.02181426748211e-05
2019-06-07,0.9218844152674356,0.07718616105707013,0.0009294236754941372
2019-06-10,0.9850190566267975,0.014863830852277469,0.00011711252092512835
2019-06-11,0.9889217523660346,0.011012793411152622,6.545422281251295e-05
2019-06-12,0.9805257789553047,0.019333232414845036,0.00014098862985040148
2019-06-13,0.9838960341338825,0.016002600664920735,0.00010136520119686593
2019-06-14,0.9869674296768098,0.012942666187305775,8.990413588455996e-05
2019-06-17,0.9883878478543044,0.011533392378207045,7.875976748816258e-05
2019-06-18,0.973140685028941,0.026636994765927687,0.00022232020513119333
2019-06-19,0.9674630393182817,0.03226782171445725,0.0002691389672610332
2019-06-20,0.48681204385931925,0.5073084291920608,0.00587952694861988
2019-06-21,0.9842652865981433,0.015618777071880382,0.00011593632997619685
2019-06-24,0.9148178037269209,0.08431670276166306,0.0008654935114161651
2019-06-25,0.9404305115752153,0.05909318111441304,0.0004763073103714968
2019-06-26,0.977669259304479,0.022155168277477523,0.00017557241804331316
2019-06-27,0.9881589322730467,0.011750788047920232,9.027967903344744e-05
2019-06-28,0.9675444891036501,0.032206867815210344,0.00024864308113917936
2019-07-01,0.8832209369052064,0.11534849017998577,0.0014305729148079297
2019-07-05,0.9226281732782403,0.0760626382331799,0.0013091884885799896
2019-07-08,0.9850672720586376,0.014833443731961457,9.92842094004934e-05
2019-07-09,0.9861709864694551,0.013720474336063701,0.00010853919448139307
2019-07-10,0.8446519310030038,0.15433373671924314,0.001014332277752555
2019-07-11,0.9884779059025831,0.011421047615909756,0.0001010464815068081
2019-07-12,0.9877712108493604,0.01215041992172996,7.83692289101318e-05
2019-07-15,0.9842709573435797,0.01562494936203256,0.00010409329438815956
2019-07-16,0.952351209494875,0.04722906204907435,0.0004197284560508244
2019-07-17,0.8596936435522157,0.1384816220936885,0.0018247343540954645
2019-07-18,0.7988152655108122,0.19854775786411868,0.002636976625069217
2019-07-19,0.9816505526698613,0.018235648611904482,0.00011379871823433057
2019-07-22,0.9900939876324896,0.009843130435527042,6.288193198325749e-05
2019-07-23,0.9852096081796473,0.014668713617135417,0.00012167820321752065
2019-07-24,0.981480558104415,0.018380244169852,0.00013919772573277902
2019-07-25,0.9730081538447645,0.02678165903153019,0.00021018712370553152
2019-07-26,0.9878711938936308,0.012043320261524418,8.54858448444194e-05
2019-07-29,0.9856650684699386,0.014242219578118805,9.27119519424462e-05
2019-07-30,0.984945312477637,0.014941763267614457,0.00011292425474894086
2019-07-31,0.24312727137498016,0.7428443760308694,0.014028352594150703
2019-08-01,0.0008610835949693185,0.963448457659604,0.035690458745426756
2019-08-02,0.5473770321250813,0.4436311373364112,0.008991830538507665
2019-08-05,0.0026850303526742385,0.9592109418011837,0.0381040278461424
2019-08-06,0.9842083188925916,0.015677912553695512,0.00011376855371321123
2019-08-07,0.9148350870485717,0.08425261758668895,0.0009122953647391264
2019-08-09,0.9627127912820003,0.036996153073480906,0.00029105564451874265
2019-08-12,0.8726136625357241,0.12591265893608802,0.0014736785281878177
2019-08-13,0.9329575528286698,0.06629347147621945,0.0007489756951107211
2019-08-14,0.14952905182523832,0.8400198904320066,0.010451057742755239
2019-08-15,0.9848293438372266,0.015064707093320613,0.00010594906945261488
2019-08-16,0.94700687909121,0.052397776077260184,0.0005953448315299406
2019-08-19,0.9477067597049026,0.051682355036999666,0.0006108852580976394
2019-08-20,0.9288597776525981,0.07043918086562398,0.0007010414817782676
2019-08-21,0.9860444896481377,0.013851234172897273,0.0001042761789648878
2019-08-22,0.9872793445075653,0.012630638410848261,9.001708158640207e-05
2019-08-23,0.08977935370363307,0.8878994525034207,0.022321193792946434
2019-08-26,0.9877952640564187,0.012103302268676067,0.00010143367490499681
2019-08-27,0.9463814181344645,0.05309880622282744,0.0005197756427079125
2019-08-28,0.9852656264589037,0.014636489648939884,9.78838921563743e-05
2019-08-29,0.9079062798995147,0.0906851230925418,0.0014085970079436103
2019-08-30,0.9813848743638597,0.018476142251028792,0.00013898338511178322
2019-09-03,0.9754973882284548,0.02430597550126027,0.0001966362702846661
2019-09-04,0.8300902459709314,0.16850480013412752,0.0014049538949410566
2019-09-05,0.43903721706311116,0.5473136001255141,0.013649182811374522
2019-09-06,0.8908784496358272,0.10771578532011804,0.0014057650440547841
2019-09-09,0.9383485827383184,0.06100154631067805,0.0006498709510037373
2019-09-10,0.9722765811107896,0.027393234068945692,0.0003301848202645841
2019-09-11,0.9444409333819763,0.05500180069425323,0.0005572659237704495
2019-09-12,0.9827484508689551,0.017102256297297683,0.00014929283374731658
2019-09-13,0.976608015246141,0.0231522299324484,0.00023975482141065153
2019-09-16,0.004409218181181393,0.9915753522423434,0.004015429576475242
2019-09-17,0.33379642243640084,0.6595360404363145,0.006667537127284625
2019-09-18,0.9611507822121254,0.03850571892614776,0.0003434988617272302
2019-09-19,0.9813947849281048,0.018463947306556393,0.00014126776533858324
2019-09-20,0.9757315869697274,0.024069865442188528,0.00019854758808426012
2019-09-23,0.9537839850991663,0.04589859601238841,0.00031741888844549147
2019-09-24,0.9632574952350798,0.036436303821488214,0.0003062009434322136
2019-09-25,0.9080936215174349,0.089316293389502,0.002590085093063176
2019-09-26,0.9830132783407975,0.016859942232887424,0.00012677942631498997
2019-09-30,0.9544754339781798,0.04509219312221965,0.0004323728996005239
2019-10-01,0.9380328055704125,0.06142489507839333,0.0005422993511939495
2019-10-02,0.5467463715902194,0.4472550115344585,0.005998616875322396
2019-10-03,0.9381928794272508,0.06113495150189874,0.0006721690708497616
2019-10-04,0.9579358746774628,0.041653495337693365,0.0004106299848437393
2019-10-07,0.9891612184095074,0.010759869045304219,7.891254518836912e-05
2019-10-08,0.6756547233467896,0.3203461311099519,0.0039991455432585015
2019-10-09,0.9841587687974684,0.015700342315664112,0.0001408888868675978
2019-10-10,0.9761834566567983,0.023583245420447433,0.00023329792275347957
2019-10-15,0.8988417977755824,0.09974682346813464,0.0014113787562829916
2019-10-16,0.9846389954231658,0.015248006927209757,0.00011299764962490739
2019-10-17,0.9831838639631664,0.016695404082020367,0.00012073195481340139
2019-10-21,0.969059159592406,0.03066279227168076,0.00027804813591311033
2019-10-22,0.9868311192816088,0.013087263271394433,8.161744699714473e-05
2019-10-23,0.9853582670478231,0.014545981119547842,9.575183262892835e-05
2019-10-25,0.9786020571537818,0.021212400341844136,0.00018554250437380392
2019-10-28,0.9815984244604664,0.018240843858863345,0.00016073168067009828
2019-10-29,0.9898754720863914,0.010061216630610617,6.33112829980344e-05
2019-10-30,0.9893885004890488,0.01054188378122112,6.961572973023214e-05
2019-10-31,0.8374496447055254,0.16050969450076435,0.002040660793710549
2019-11-01,0.9517029176052998,0.047869237346007974,0.00042784504869227866
2019-11-04,0.9799857388264029,0.019833565482665377,0.00018069569093231308
2019-11-05,0.9525069939473487,0.04685186002149465,0.0006411460311566561
2019-11-06,0.9759928694734382,0.023802385159074506,0.00020474536748750467
2019-11-08,0.9904456150598452,0.009489159720115495,6.522522003943622e-05
2019-11-12,0.987970709083746,0.011943282941823563,8.600797443073378e-05
2019-11-13,0.986584106868998,0.013326574352080529,8.931877892173992e-05
2019-11-14,0.9865205296063182,0.013389867749640481,8.960264404153065e-05
2019-11-15,0.9837461890738033,0.016121557678587434,0.00013225324760916688
2019-11-18,0.9431492434427075,0.056389329674746885,0.0004614268825455836
2019-11-19,0.9849900444573438,0.014909490878505764,0.00010046466415012718
2019-11-20,0.9778268478113723,0.022036562783234362,0.0001365894053934719
2019-11-21,0.9716137508303944,0.028117065885603903,0.00026918328400179
2019-11-25,0.9800894378485189,0.019743287587557248,0.00016727456392390846
2019-11-26,0.9832472617296595,0.016625100840836887,0.00012763742950366554
2019-11-29,0.7429112087659235,0.25451344123527,0.0025753499988066305
2019-12-02,0.9643763502729314,0.035269931434705866,0.0003537182923626255
2019-12-03,0.863031270585652,0.1350141825861558,0.001954546828192836
2019-12-04,0.9823639059145042,0.017478506421292533,0.00015758766420354898
2019-12-05,0.9893916982747087,0.010539615402720592,6.868632257059664e-05
2019-12-06,0.9538130129114195,0.045604955271251454,0.0005820318173286964
2019-12-09,0.9873683280185672,0.012548665190442185,8.300679099095527e-05
2019-12-10,0.986075954776941,0.01383796460659281,8.60806164658704e-05
2019-12-13,0.9539960257870443,0.0453776796489472,0.0006262945640085988
2019-12-16,0.9584750797970346,0.041101921889929255,0.00042299831303586226
2019-12-17,0.9895843433364767,0.010348919027357002,6.673763616637645e-05
2019-12-18,0.9804800024532032,0.01935594351266702,0.00016405403412977917
2019-12-19,0.9905580189428079,0.009380677902033709,6.130315515842591e-05
2019-12-20,0.983021597261344,0.016838847580364823,0.00013955515829144622
2019-12-23,0.8162829715709367,0.18078926869093045,0.002927759738133093
2019-12-24,0.9479222231605422,0.05160295723082444,0.00047481960863316104
2019-12-26,0.9836988261143553,0.016192942030994,0.00010823185465044414
2019-12-27,0.9718275777304348,0.027925625976170498,0.00024679629339469214
2019-12-30,0.9665631092664975,0.033129421990810225,0.0003074687426925123
2019-12-31,0.9814504500500014,0.01841140463955073,0.00013814531044831002
2020-01-02,0.9827297030601518,0.017131535233296653,0.00013876170655112918
2020-01-03,0.9438489222107287,0.05570317405844208,0.0004479037308295676
2020-01-06,0.9893817999393903,0.010539644881432324,7.855517917752707e-05
2020-01-08,0.7770740462511964,0.21911039879624455,0.0038155549525591428
2020-01-09,0.9807656257006222,0.01903203521132091,0.00020233908805679298
2020-01-10,0.9825522860701535,0.01731261428654941,0.00013509964329674355
2020-01-13,0.9761672386117758,0.02361589402325026,0.00021686736497393672
2020-01-14,0.9886140809640754,0.01130646361428372,7.945542164110338e-05
2020-01-16,0.980386766021485,0.019455799554586945,0.000157434423927814
2020-01-21,0.9459944827574893,0.053474566807982085,0.0005309504345282527
2020-01-22,0.9846105223367484,0.01528211121792055,0.0001073664453309204
2020-01-23,0.9786174728617197,0.02119617876926483,0.0001863483690154113
2020-01-27,0.3835774802827351,0.6075652668950419,0.008857252822223115
2020-01-28,0.9666591077623266,0.032929438467230863,0.0004114537704426975
2020-01-30,0.9534660290281665,0.04612321053864022,0.00041076043319310246
2020-01-31,0.853769233285408,0.14470363237374198,0.0015271343408501405
2020-02-03,0.9609701496016564,0.03870700861875642,0.0003228417795875545
2020-02-04,0.8841004843663616,0.11373400698524683,0.0021655086483920085
2020-02-05,0.9465407099868647,0.05284213015682267,0.0006171598563121969
2020-02-07,0.9380133817336954,0.06137246918340154,0.0006141490829029979
2020-02-10,0.9598399303086796,0.039802807981520916,0.0003572617097995755
2020-02-12,0.9670065490181302,0.032689273628442504,0.0003041773534271746
2020-02-13,0.987145125169583,0.012764820175923395,9.005465449340025e-05
2020-02-14,0.98691639053174,0.012987672639063518,9.593682919686796e-05
2020-02-18,0.8067714557173794,0.19125830702733604,0.001970237255284384
2020-02-19,0.9627693590386573,0.036853169060654625,0.0003774719006884498
2020-02-20,0.9817352647157424,0.018107778909865646,0.0001569563743925139
2020-02-21,0.8787678725630376,0.11983576892735177,0.0013963585096110032
2020-02-24,0.0008736353936466924,0.9573083308562091,0.041818033750143674
2020-02-25,0.004680986845933903,0.9681020106667956,0.027217002487270665
2020-02-26,0.9761916960494798,0.023616165553378036,0.00019213839714237805
2020-02-27,4.390163045214566e-08,0.7836503343307478,0.2163496217676219
2020-02-28,2.9151753103081252e-05,0.8772064938435934,0.12276435440330312
2020-03-02,0.0035648207844335296,0.9528267188212973,0.04360846039426895
2020-03-03,0.16581414894704505,0.8245183077129695,0.009667543339985095
2020-03-04,0.058038267016349496,0.9160564745627678,0.025905258420882375
2020-03-05,0.08727082438180415,0.8955400769996105,0.017189098618585242
2020-03-06,6.035706761840351e-06,0.9178292873505958,0.08216467694264266
2020-03-09,3.651291025311767e-36,0.6000000002151631,0.399999999784837
2020-03-10,1.3588362052674056e-09,0.6007638055617955,0.39923619307936803
2020-03-11,1.7217922163433933e-08,0.6260107832562443,0.3739891995258343
2020-03-12,2.462237067902192e-45,0.6000000000006954,0.39999999999930463
2020-03-13,3.905532853656552e-24,0.6000332042420016,0.39996679575799826
2020-03-16,1.299312662446895e-52,0.6000000000009406,0.3999999999990596
2020-03-17,4.023006689076954e-38,0.6000000000009974,0.3999999999990028
2020-03-18,3.8947993821894123e-32,0.6000000000000002,0.39999999999999974
2020-03-19,8.925289400894877e-09,0.6002677518733218,0.39973223920138895
2020-03-20,1.0425160221730699e-06,0.7359966404110084,0.26400231707296923
2020-03-31,0.8927358087811167,0.10517750320783807,0.002086688011045354
2020-04-01,2.0168008767914983e-08,0.7284181279191545,0.27158185191283635
2020-04-02,0.25567180828651753,0.7348063587562336,0.009521832957249211
2020-04-08,0.27677958996166446,0.701658787616018,0.021561622422317527
2020-04-09,7.48485597394423e-07,0.6007682901682652,0.3992309613461373
2020-04-14,0.04807056074428074,0.8582372636231844,0.09369217563253526
2020-04-15,0.1158987188100886,0.8722857335442399,0.011815547645671432
2020-04-16,0.9839536855359994,0.015917789751974908,0.00012852471202578223
2020-04-20,0.8168953652975354,0.1806215341261136,0.0024831005763515
2020-04-24,0.8708556569835384,0.1277135004502382,0.001430842566223424
2020-04-27,0.3433572668937324,0.6476013654386545,0.009041367667613147
2020-05-13,0.4905871451940464,0.5025489169187486,0.0068639378872053045
2020-06-04,0.9763471931698539,0.02348183424315984,0.00017097258698673816
2020-06-05,0.13478461476277648,0.7770169025012695,0.08819848273595401
2020-06-11,5.113192413858843e-13,0.6189966736663411,0.38100332633314776
2020-06-18,0.982000663491403,0.01784237767658049,0.00015695883201632423
2020-07-01,0.9893556507300677,0.010567721311825552,7.662795810716428e-05
2020-07-09,0.9744584378676161,0.025352695557014006,0.00018886657536976216
2020-07-21,0.9063467682346852,0.09297445140390577,0.0006787803614090043
2020-08-03,0.7057604423724334,0.2906787405480231,0.003560817079543234
2020-08-19,0.9581516123925888,0.04140462217280759,0.0004437654346034313
2020-09-14,0.7779749065385232,0.2185642820576861,0.003460811403790545
2020-09-28,0.8614259732903911,0.13658302664453123,0.0019910000650779085
2020-10-20,0.9874469967501186,0.01245735579412636,9.564745575446135e-05
2020-11-04,0.10004581755499702,0.844622530101937,0.055331652343065786
2020-11-19,0.9768364804432997,0.022977919217301804,0.0001856003393982044
2020-12-10,0.9386098910391656,0.060976658259499536,0.00041345070133455884
2020-12-30,0.9548948655419629,0.04471130378848833,0.00039383066954864294
2020-12-31,0.970694189820135,0.029056542011270278,0.00024926816859481684
2021-01-11,0.9195678390672228,0.07938727902136775,0.001044881911409113
2021-01-26,0.9795886528476411,0.020272418384940354,0.00013892876741852052
2021-02-04,0.9798105567673316,0.019994183149482002,0.00019526008318593147
2021-03-12,0.9197619051268449,0.07834922812830589,0.0018888667448493366
2021-07-19,0.07641550988861755,0.9165462513991984,0.00703823871218378
2021-08-19,0.8521760614693715,0.14667567840506243,0.0011482601255660212
2021-10-12,0.9837230888814438,0.016149001545251916,0.00012790957330429423
2021-10-15,0.9842022978650246,0.015655009379216843,0.00014269275575926537
2021-10-27,0.9313390887264227,0.06797081285672212,0.0006900984168552023
2021-11-15,0.9825314416523181,0.017215875437432606,0.00025268291024943676
2021-11-17,0.971951005504983,0.027835412021673642,0.00021358247334331027
2021-11-22,0.9269078933749985,0.07165197471792902,0.0014401319070724982
2021-12-15,0.9085651986935558,0.09002179344476667,0.0014130078616774687
2022-02-01,0.9795732248664336,0.02026239145645254,0.0001643836771135745
2022-02-10,0.772084302810749,0.2210389632936098,0.006876733895641575
2022-02-11,0.04131237852523874,0.9250747325746619,0.03361288890009927
2022-02-15,0.6342428693704313,0.3608785049227571,0.004878625706811935
2022-02-22,0.4064670655037902,0.5894854190928118,0.004047515403398261
2022-03-01,1.289871623230954e-07,0.9951263309435346,0.004873540069303049
2022-03-02,0.003806386948091263,0.8363175219277146,0.15987609112419393
2022-03-04,0.00012344934890022637,0.9958668074128749,0.004009743238224591
2022-03-17,0.03637799381455906,0.9504968080285894,0.013125198156851226
2022-03-22,0.9142033057457976,0.08441845225473164,0.0013782419994706394
2022-03-23,0.034094781482590916,0.9625686272385642,0.0033365912788448178
2022-03-24,0.968835597411406,0.03077793474267359,0.00038646784592040017
2022-03-28,0.04817814924053481,0.9442388595834972,0.0075829911759676735
2022-04-12,0.4114078413070259,0.5865431412022015,0.0020490174907728228
2022-04-19,0.004772440993624665,0.9844031334332213,0.010824425573153693
2022-04-25,0.6332974445577405,0.3630735640651905,0.003628991377069012
2022-04-26,0.0027211708695924707,0.9876295795051437,0.009649249625263326
2022-04-28,0.07531145356278314,0.8961366319197813,0.028551914517435672
2022-05-02,0.9649720912713582,0.034405188563272016,0.0006227201653695227
2022-05-03,0.9770210034173126,0.02278685693376187,0.00019213964892559018
2022-05-05,0.0013252441412732335,0.9489478714394287,0.0497268844192976
2022-05-09,2.1977431922830105e-08,0.9472682337338431,0.052731744288725214
2022-05-13,0.1412117656624102,0.8332079616629867,0.025580272674603326
2022-05-16,0.6489750051338482,0.34937991794291906,0.001645076923232531
2022-05-17,0.6873121743106795,0.3052112000531526,0.007476625636167909
2022-05-18,0.001739281278038201,0.9717089037455803,0.02655181497638149
2022-05-20,0.9879335207134042,0.011980246333634896,8.623295296059646e-05
2022-05-23,0.7505875995757403,0.24486385117966997,0.004548549244589508
2022-05-24,0.7462797758216914,0.24890207511607024,0.004818149062238948
2022-05-31,0.5583144625140029,0.4349661849809655,0.006719352505032036
2022-06-07,0.9868334047159489,0.01304852533001411,0.00011806995403697461
2022-06-10,6.737126044389006e-08,0.6506680185015086,0.3493319141272307
2022-06-13,5.640740171890727e-09,0.6434648649536471,0.35653512940561255
2022-06-15,0.6519434213258094,0.33047994720787777,0.01757663146631223
2022-06-16,0.0012091387555052172,0.9704328493708738,0.028358011873620994
2022-06-21,0.4280195674075512,0.5613880624529528,0.010592370139496403
2022-06-22,0.39176310364165284,0.5984452974018712,0.009791598956475828
2022-06-23,0.00113446429065358,0.9936987418364327,0.0051667938729137355
2022-06-24,0.05092996371937582,0.9262739480664203,0.02279608821420416
2022-06-27,0.9852802727545207,0.014597313390803364,0.00012241385467580093
2022-06-28,0.46754576775801865,0.5283243200597274,0.004129912182254371
2022-06-29,0.9763603486401335,0.023460653728306365,0.0001789976315604711
2022-06-30,3.917857290424048e-06,0.9941520809126103,0.005844001230099157
2022-07-05,5.384767312577929e-06,0.9955937926599314,0.00440082257275642
2022-07-06,0.9495215173809057,0.0498712804015981,0.0006072022174967706
2022-07-07,0.0008734672886312276,0.9953516267172913,0.0037749059940776976
2022-07-08,0.9849687498630987,0.01493509978750841,9.615034939281975e-05
2022-07-11,0.7719125269678221,0.22500839942683198,0.0030790736053457053
2022-07-12,0.0005031085235166337,0.9964049359382811,0.0030919555382023806
2022-07-13,0.809924915927479,0.1890206409125869,0.001054443159933904
2022-07-15,0.3559932223020106,0.6329390356981823,0.011067741999807033
2022-07-18,0.02703990110074104,0.9715728992063618,0.001387199692897412
2022-07-19,0.08591094576556789,0.9035673910519828,0.010521663182449263
2022-07-21,0.560959881148672,0.43402469049937864,0.005015428351949643
2022-07-22,0.07350305514545005,0.9053921548659668,0.021104789988583353
2022-07-25,0.8154779620980785,0.18260817866367582,0.0019138592382461719
2022-07-27,0.7199201756419593,0.27530687481249316,0.004772949545547551
2022-07-28,0.5180013032419395,0.474070227806676,0.00792846895138477
2022-07-29,0.8860269970096509,0.11280513046535809,0.0011678725249907598
2022-08-01,0.36944743134042934,0.6255897852421266,0.0049627834174440656
2022-08-02,0.27211449505314594,0.6801827162290356,0.04770278871781898
2022-08-03,0.847376750521203,0.14807551292829427,0.004547736550503027
2022-08-04,0.9122659272884539,0.08676354646640341,0.00097052624514228
2022-08-05,0.38268629205127674,0.578198955186997,0.03911475276172606
2022-08-08,0.9203889095847765,0.07869268375658006,0.0009184066586433592
2022-08-09,0.8992956309734664,0.09999126721916848,0.000713101807365042
2022-08-10,0.10215952595560715,0.8818003433851943,0.016040130659198605
2022-08-11,0.1344324441929939,0.8619908990764388,0.0035766567305672227
2022-08-12,0.7620978726835362,0.23310173614257726,0.00480039117388662
2022-08-15,0.8481254842143449,0.1507382687034768,0.0011362470821779727
2022-08-16,0.9833600572391684,0.01650132277883171,0.00013861998199978808
2022-08-17,0.7624428994446727,0.23119388879746122,0.006363211757865959
2022-08-18,0.9917120618592153,0.008235158580409851,5.2779560374826366e-05
2022-08-19,0.1742140279743432,0.8074450072585491,0.018340964767107407
2022-08-22,0.20491428715537652,0.7855891275152415,0.009496585329382235
2022-08-23,0.9759449827700016,0.02386579557145169,0.00018922165854681007
2022-08-24,0.9731127000620383,0.02666295734470392,0.00022434259325798025
2022-08-25,0.8697005954436078,0.1285569153824614,0.0017424891739304563
2022-08-26,0.0016822967504121554,0.9816040684200856,0.016713634829502347
2022-08-29,0.7215936418951371,0.2756632621706648,0.0027430959341984704
2022-08-30,0.46747742804614306,0.5294294426964353,0.0030931292574212736
2022-08-31,0.9575085044508018,0.04183689431942253,0.0006546012297757779
2022-09-01,0.27647678157789773,0.7047106532467999,0.01881256517530228
2022-09-02,0.8427956952214918,0.15456728988220972,0.0026370148962987614
2022-09-06,0.6793782285922527,0.31277357657938354,0.007848194828364003
2022-09-07,0.0529457496209937,0.9233481088030052,0.023706141576000914
2022-09-08,0.9716090444288668,0.02806649321446057,0.00032446235667272366
2022-09-09,0.5301703255095139,0.46569005043523837,0.0041396240552476465
2022-09-12,0.7318346746310376,0.2660073766472379,0.002157948721724035
2022-09-14,0.9665294766356403,0.03326348156537529,0.0002070417989845976
2022-09-15,0.10069674626266047,0.8962127787896029,0.0030904749477368345
2022-09-16,0.9406017856585225,0.0587545763460084,0.0006436379954690945
2022-09-19,0.9628090590745223,0.036806665207677655,0.0003842757178003556
2022-09-20,0.7675424962654758,0.22924521773582762,0.003212285998696396
2022-09-21,0.8421005921372414,0.15612713740958523,0.0017722704531737319
2022-09-22,0.09860582625396257,0.7103779294800743,0.19101624426596298
2022-09-23,0.002158168292707072,0.9855750876834972,0.012266744023795823
2022-09-26,0.07243550932735804,0.8633228808430382,0.06424160982960431
2022-09-27,0.47143633462687795,0.4910832228059522,0.03748044256716998
2022-09-28,0.053472256476375,0.9296505155960624,0.016877227927562695
2022-09-29,0.6801606229065897,0.3136652478883369,0.006174129205073524
2022-10-03,0.11039275918375203,0.8684792451387464,0.0211279956775015
2022-10-04,0.0009073227653149473,0.9706813380546176,0.028411339180067562
2022-10-05,0.6724671633100675,0.3217330611097618,0.005799775580170322
2022-10-07,0.010382712506718723,0.9755804090899943,0.014036878403286915
2022-10-11,0.9602968336158572,0.039201007112263264,0.0005021592718791405
2022-10-12,0.9774490256108889,0.022392660285550255,0.00015831410356071415
2022-10-14,0.3807935008241239,0.6157742845646875,0.0034322146111887904
2022-10-17,0.21280759329449164,0.7803736442243974,0.006818762481111049
2022-10-19,0.813215414083956,0.18131469207643489,0.005469893839609149
2022-10-20,0.9765647038814098,0.023233259146974605,0.0002020369716157521
2022-10-21,0.04040295304973885,0.927350699397353,0.032246347552907895
2022-10-24,0.7546462703439846,0.24061529632221765,0.004738433333797702
2022-10-25,0.18665105842680293,0.7934354379270628,0.019913503646133767
2022-10-26,0.7302530167558822,0.26729243928353774,0.0024545439605801168
2022-10-27,0.9191295474398861,0.08008201738961351,0.0007884351705002981
2022-10-28,0.41037560847855414,0.5856242909867789,0.004000100534666587
2022-10-31,0.6655667051093866,0.3329037647201438,0.0015295301704695912
2022-11-01,0.9843504680360996,0.015541190944664158,0.00010834101923647324
2022-11-02,8.669084968962127e-05,0.9741353827764762,0.025777926373834605
2022-11-03,0.4999715051203963,0.49235028826189087,0.007678206617712805
2022-11-04,3.2115025280957944e-05,0.9850240503185098,0.01494383465620877
2022-11-07,0.9734836385270996,0.026288589956033958,0.00022777151686614582
2022-11-08,0.03266539987874361,0.959106098224135,0.008228501897120951
2022-11-09,0.492838066287236,0.5030381635145392,0.004123770198225269
2022-11-10,1.3431581947943837e-12,0.7504850230137298,0.2495149769849272
2022-11-14,0.9729802680103335,0.02675152588918762,0.0002682061004790387
2022-11-15,0.5699072553379975,0.4220670626356886,0.008025682026313615
2022-11-16,0.8272129846354197,0.16994311284421673,0.0028439025203635102
2022-11-17,0.8354151908209287,0.16308597277697484,0.0014988364020962618
2022-11-18,0.9848253198635977,0.015075013427117062,9.966670928499963e-05
2022-11-21,0.9225188194036598,0.07679473559425616,0.0006864450020841664
2022-11-22,0.7251573866466203,0.2710137284658843,0.003828884887495406
2022-11-23,0.7692372057228952,0.22747161146642525,0.00329118281067936
2022-11-25,0.9322480886271619,0.06729145050655912,0.0004604608662791601
2022-11-28,0.6485029382600336,0.34715071590519414,0.004346345834771833
2022-11-29,0.9120331954255159,0.08684527532876161,0.0011215292457224602
2022-11-30,0.31170576566715075,0.6749919591411605,0.01330227519168852
2022-12-01,0.0011401034513428981,0.9174576231321643,0.0814022734164937
2022-12-02,0.9381315661668647,0.061534216255391926,0.0003342175777436836
2022-12-05,0.07481486359331666,0.9229855512459149,0.0021995851607677992
2022-12-06,0.8609306705607774,0.13738677218027343,0.0016825572589487293
2022-12-07,0.9521818397646773,0.04740200213447602,0.0004161581008465352
2022-12-08,0.990855676744029,0.009088270136999756,5.605311897185126e-05
2022-12-09,0.9597821453742101,0.03970188513815124,0.0005159694876383423
2022-12-12,0.9764110914924821,0.023428283464901195,0.0001606250426167095
2022-12-13,0.34847267978570523,0.6476167274193435,0.003910592794951181
2022-12-14,0.987095096811586,0.012828401620109335,7.650156830458264e-05
2022-12-15,0.020013852517826572,0.9592076517064646,0.02077849577570878
2022-12-16,0.8155832571244913,0.1815583219993403,0.002858420876168765
2022-12-19,0.9276918940025163,0.07138682750462368,0.000921278492859793
2022-12-20,0.12335096291084424,0.7790810731597088,0.09756796392944739
2022-12-21,0.9454637170268999,0.05407580466752882,0.00046047830557093385
2022-12-22,0.8125851985214277,0.1860684042958147,0.0013463971827579423
2022-12-23,0.9703996474896474,0.029427098633633488,0.0001732538767192015
2022-12-27,0.9255620719112194,0.07365184682741686,0.0007860812613637657
2022-12-28,0.91389424233243,0.08530924486377507,0.0007965128037949583
2022-12-29,0.8706532229530963,0.12794637970408956,0.0014003973428143386
2022-12-30,0.9840215381518655,0.015860350337002786,0.00011811151113191055
2023-01-03,0.12227363786317758,0.8738729886790519,0.003853373457770978
2023-01-04,0.061232284339554716,0.9312603696518952,0.0075073460085501266
2023-01-06,0.12196580404737979,0.8543565972098595,0.023677598742760653
2023-01-09,0.7628523992047698,0.2344641907035556,0.0026834100916744755
2023-01-10,0.9009663170957866,0.09769590881106524,0.0013377740931486638
2023-01-11,0.7794944783911982,0.2163814427551731,0.004124078853628934
2023-01-12,0.7197684755080557,0.2769068000502143,0.003324724441729923
2023-01-13,0.9739867741573627,0.025687381367778383,0.00032584447485849627
2023-01-17,0.8887826287270884,0.10975890728363889,0.0014584639892730401
2023-01-18,0.5245890100191519,0.46452526175602266,0.010885728224825697
2023-01-19,0.8357310178574635,0.16200621961391046,0.002262762528625697
2023-01-20,0.7759662312865344,0.2199669736473406,0.004066795066125211
2023-01-23,0.9796245672592271,0.02020493429159973,0.00017049844917277492
2023-01-24,0.977196200238749,0.02264546162185519,0.00015833813939573495
2023-01-25,0.9844648126221848,0.015429766313909306,0.00010542106390576952
2023-01-26,0.969226251195666,0.03048161728160047,0.00029213152273332494
2023-01-27,0.9837597482045958,0.01613373957530868,0.00010651222009569983
2023-01-30,0.9626995342973981,0.03701490007378103,0.00028556562882053416
2023-01-31,0.9736920587148794,0.026108061392998295,0.00019987989212269885
2023-02-01,0.1575034023085218,0.8402182839977258,0.0022783136937528058
2023-02-02,0.1427267308592012,0.8273699350839917,0.029903334056806674
2023-02-03,0.09793091131153318,0.8935373400409626,0.008531748647504377
2023-02-06,0.5248289094063935,0.4645543922093884,0.010616698384217877
2023-02-07,0.9323189596052575,0.066914744305048,0.0007662960896942152
2023-02-08,0.9788577176038458,0.021004705250258226,0.0001375771458961547
2023-02-09,0.9709464412011595,0.02871084795964748,0.00034271083919290037
2023-02-10,0.8951927140892483,0.10330631422530501,0.001500971685446545
2023-02-13,0.9767694510666739,0.023020373505953987,0.00021017542737210553
2023-02-14,0.9902338954256219,0.009693012595488756,7.309197888919175e-05
2023-02-15,0.8953765106560181,0.10375570395825466,0.0008677853857270687
2023-02-16,0.9606982668924426,0.03891358885999927,0.0003881442475578915
2023-02-17,0.9800999458435783,0.01977967249486151,0.00012038166155952747
2023-02-21,0.46985065347847554,0.5218104732944798,0.008338873227044333
2023-02-22,0.9779360847693429,0.021924681832670014,0.0001392333979869161
2023-02-23,0.9886688044769163,0.011255915105059723,7.528041802378162e-05
2023-02-24,0.8129540642092096,0.1840881037482912,0.0029578320424992767
2023-02-27,0.9890949808705858,0.010838555915648116,6.646321376630543e-05
2023-02-28,0.9893045348155539,0.010632434025200465,6.303115924552753e-05
2023-03-01,0.8552168567655546,0.14320828176599598,0.0015748614684492706
2023-03-02,0.9761576969686689,0.023635288648660126,0.000207014382671652
2023-03-03,0.8438230901209907,0.15422558414506837,0.0019513257339406481
2023-03-06,0.9564134542660011,0.0432363708241063,0.0003501749098930917
2023-03-07,0.5903559341784166,0.40551164599568285,0.004132419825900609
2023-03-08,0.9867899547920004,0.013123549655778834,8.649555222032316e-05
2023-03-09,0.8888295255314254,0.11015685097197338,0.0010136234966012412
2023-03-10,0.001099715678921252,0.9490025479291927,0.049897736391886174
2023-03-13,0.018317534550334583,0.9345606241642755,0.04712184128538946
2023-03-14,0.4602794948730404,0.528652198987351,0.011068306139608351
2023-03-15,0.38521095368721614,0.610632095281752,0.00415695103103167
2023-03-16,0.9310490566609577,0.06800984327796676,0.000941100061075333
2023-03-17,0.320830053247859,0.6666059362797722,0.01256401047236873
2023-03-20,0.9736783897495911,0.02603018626497853,0.0002914239854303787
2023-03-21,0.7036550629992282,0.2882712456195284,0.008073691381244101
2023-03-22,0.833588726022117,0.1610972302887208,0.005314043689162749
2023-03-23,0.7686876081307513,0.22768914904317275,0.0036232428260756723
2023-03-24,0.9806987292097937,0.019142720512159442,0.00015855027804674302
2023-03-27,0.9439174474135954,0.05537255471697993,0.0007099978694242843
2023-03-28,0.9786043624033307,0.02124213059609538,0.00015350700057404986
2023-03-29,0.9471791219281211,0.05227649935499048,0.0005443787168886181
2023-03-30,0.9768654103519971,0.022908490443370063,0.00022609920463264666
2023-03-31,0.9122924674420827,0.0865468270205181,0.0011607055373993008
2023-04-03,0.9556210884481519,0.04402329367622828,0.00035561787561997233
2023-04-04,0.9368669485473524,0.062422388643974626,0.0007106628086725259
2023-04-05,0.9856398595942163,0.014271881195185727,8.825921059777806e-05
2023-04-06,0.9904061114785899,0.009537447082518065,5.644143889183757e-05
2023-04-10,0.9810153537312797,0.018836195273462617,0.00014845099525755058
2023-04-11,0.9858916406499408,0.014031674877994688,7.668447206496614e-05
2023-04-12,0.9903961986886094,0.009554647455428236,4.9153855962145654e-05
2023-04-13,0.9223280539134675,0.07675544510274748,0.0009165009837847291
2023-04-14,0.9825747746686521,0.017291512470754902,0.00013371286059303062
2023-04-17,0.9577059752146478,0.04184643439486495,0.00044759039048741485
2023-04-18,0.9862906839715817,0.013631744949720758,7.757107869810057e-05
2023-04-19,0.9571873544518965,0.04256011785501825,0.00025252769308478195
2023-04-20,0.962872862038956,0.03686995260867238,0.00025718535237209233
2023-04-21,0.9872612929281864,0.01266539033741286,7.331673440059992e-05
2023-04-24,0.9858361345843187,0.014069957807754408,9.390760792762422e-05
2023-04-25,0.7507423275796673,0.2468917596501698,0.002365912770163072
2023-04-26,0.9613559201949433,0.038294965471595346,0.0003491143334611863
2023-04-28,0.8978764617434406,0.10068807086039375,0.0014354673961654903
2023-05-01,0.8520302664472685,0.1435225991952102,0.004447134357521497
2023-05-02,0.3510384588578357,0.6394177454362897,0.009543795705874325
2023-05-03,0.9498108417617617,0.04977690469484453,0.00041225354339385824
2023-05-04,0.9225531426295926,0.07607467098878383,0.0013721863816233964
2023-05-05,0.8547834782032453,0.14341240214314455,0.0018041196536097536
2023-05-08,0.9841634337954697,0.015710693844481503,0.0001258723600488388
2023-05-09,0.989374429874321,0.010558911200232775,6.665892544593273e-05
2023-05-10,0.944860346291397,0.054670295486910304,0.00046935822169244263
2023-05-11,0.744462657602154,0.2534520790147533,0.002085263383093286
2023-05-12,0.9794280723160309,0.020383069329024946,0.0001888583549444833
2023-05-15,0.9724894911787173,0.027349107053640125,0.00016140176764241001
2023-05-16,0.9525064297073417,0.04710058633858364,0.00039298395407434737
2023-05-17,0.9874277101982216,0.012474467066725812,9.782273505184258e-05
2023-05-18,0.9128373760494901,0.08599913514873699,0.0011634888017731338
2023-05-19,0.9935915285248533,0.006373863140016927,3.460833512965747e-05
2023-05-22,0.9936310106564324,0.006335258936204685,3.3730407362479866e-05
2023-05-23,0.9716416016057003,0.028153094808210283,0.00020530358608912116
2023-05-24,0.9326710213106054,0.06674099951088033,0.000587979178514289
2023-05-25,0.9178562559211073,0.08154500202174034,0.000598742057152511
2023-05-26,0.9737978813439613,0.025990286193487394,0.000211832462551549
2023-05-30,0.5686534967547539,0.42818174099478357,0.003164762250462632
2023-05-31,0.9596646818157485,0.039981157217677185,0.00035416096657497
2023-06-01,0.9025782911307448,0.09662413360042056,0.000797575268834616
2023-06-02,0.9191359806881957,0.07954406596768353,0.0013199533441211528
2023-06-05,0.9920761364640749,0.0078812194982185,4.264403770698316e-05
2023-06-06,0.9933500111719373,0.006615835843333424,3.4152984729425146e-05
2023-06-07,0.9817484601924553,0.018086993087160868,0.00016454672038411126
2023-06-08,0.9775360388550688,0.022305132299220758,0.00015882884571023323
2023-06-09,0.989592265040033,0.010336684900018715,7.105005994810893e-05
2023-06-12,0.9580521294599356,0.04169899964060608,0.00024887089945894867
2023-06-13,0.969838611475866,0.02993334957192557,0.00022803895220836447
2023-06-14,0.9905885598104532,0.009354963917842076,5.647627170473185e-05
2023-06-15,0.534741858295184,0.46285494006816874,0.002403201636647476
2023-06-16,0.9213670596423251,0.078349696458031,0.0002832438996441442
2023-06-20,0.7128837572813989,0.2842490505974177,0.00286719212118319
2023-06-21,0.9541972603101867,0.04559462832430074,0.00020811136551238054
2023-06-22,0.8879174715712607,0.1112465998974472,0.0008359285312915521
2023-06-23,0.9621485580443782,0.03757211525141165,0.0002793267042100419
2023-06-26,0.9883531788647992,0.011580616123168398,6.620501203240797e-05
2023-06-27,0.8910744905177136,0.10819059325965238,0.0007349162226345799
2023-06-28,0.9807595239894257,0.01911966246793617,0.00012081354263834502
2023-06-29,0.9556147893148683,0.04370047853014815,0.0006847321549839865
2023-06-30,0.9447750427310415,0.05475852794514872,0.0004664293238096945
2023-07-03,0.9862611483405631,0.013636607646826638,0.00010224401260984666
2023-07-05,0.9152939996731378,0.08387931634334365,0.0008266839835180863
2023-07-06,0.8438911750612498,0.15355203540955464,0.002556789529195455
2023-07-07,0.9837526423354334,0.016145849946871318,0.00010150771769508121
2023-07-10,0.9867780818018094,0.013131603470354695,9.031472783578765e-05
2023-07-11,0.9789099829846704,0.020954811996474438,0.00013520501885491698
2023-07-12,0.23769596768752654,0.7500385368992771,0.012265495413196164
2023-07-13,0.8068119269527442,0.19068610698229188,0.0025019660649642653
2023-07-14,0.9916559770449604,0.008284488402821501,5.953455221824957e-05
2023-07-17,0.9803356915842704,0.019550416452548482,0.00011389196318095543
2023-07-18,0.9598844345118892,0.03987723503997217,0.0002383304481383651
2023-07-19,0.988273735885429,0.011645203045154519,8.106106941633271e-05
2023-07-20,0.9309933543126974,0.06816689837829165,0.0008397473090106033
2023-07-21,0.9919015687752063,0.008047857519474552,5.057370531893491e-05
2023-07-24,0.9562051461854075,0.043551197527235394,0.000243656287356611
2023-07-25,0.9884046744582972,0.011519779060323842,7.554648137859069e-05
2023-07-26,0.986226370355521,0.013692022797115387,8.160684736380844e-05
2023-07-27,0.9185966244177943,0.07987395074512224,0.0015294248370832297
2023-07-28,0.9840111123041524,0.015852976438318008,0.00013591125752888513
2023-07-31,0.9736519827551674,0.026014491735470057,0.0003335255093626094
2023-08-01,0.9098085208587177,0.08882344009835967,0.0013680390429225697
2023-08-02,0.6990900085313382,0.2978099196708667,0.0031000717977954224
2023-08-03,0.9742855976739979,0.025417706770162755,0.00029669555583946314
2023-08-04,0.9124334603292115,0.08625898830968828,0.001307551361100526
2023-08-07,0.9896801872891088,0.010245859772777068,7.39529381135942e-05
2023-08-08,0.9866243334423717,0.013293620197858014,8.204635977023783e-05
2023-08-09,0.9728495529124288,0.02700674596869015,0.00014370111888140506
2023-08-10,0.9788400467473094,0.020970169729752363,0.00018978352293786674
2023-08-11,0.9628545181964875,0.036699739618583756,0.0004457421849281488
2023-08-14,0.9862032020338768,0.013696603554097984,0.0001001944120247482
2023-08-15,0.9016683382010435,0.09744465477867392,0.0008870070202829823
2023-08-16,0.9797195695754911,0.020114738452009853,0.00016569197249902422
2023-08-17,0.9719620602517401,0.02784772054506103,0.00019021920319847258
2023-08-18,0.9823701896951422,0.017513346912887102,0.00011646339197060249
2023-08-21,0.9834217365029646,0.016427995822461492,0.00015026767457421378
2023-08-22,0.9904270343827677,0.00951541109487856,5.755452235375222e-05
2023-08-23,0.8451226394750475,0.15228149590757895,0.0025958646173737656
2023-08-24,0.9521377912041026,0.047506331195545586,0.0003558776003517968
2023-08-25,0.9849316378610629,0.014964723163651023,0.00010363897528555533
2023-08-28,0.9768495796060895,0.022956762331733573,0.00019365806217703705
2023-08-29,0.9219764397781657,0.0771066725621234,0.0009168876597111373
2023-08-31,0.9905590090770651,0.009383627605730764,5.736331720437841e-05
2023-09-01,0.9763233580227119,0.023425907970824597,0.00025073400646360804
2023-09-05,0.9474963895729405,0.051888742892861814,0.0006148675341977202
2023-09-06,0.9872662813477243,0.01264808691220213,8.563174007368225e-05
2023-09-07,0.9869848238381861,0.012932701070436124,8.247509137849249e-05
2023-09-08,0.992774241925755,0.0071853495816298395,4.0408492614678877e-05
2023-09-11,0.986617940190627,0.013287844479079755,9.421533029254438e-05
2023-09-12,0.9894996657211936,0.010439269403462867,6.106487534312508e-05
2023-09-13,0.992411655915885,0.007546174757047963,4.216932706720421e-05
2023-09-14,0.9787984390817659,0.02100756917698737,0.0001939917412467116
2023-09-15,0.9371054538987368,0.06205602501589775,0.0008385210853653612
2023-09-18,0.9925330547006241,0.007424778147064399,4.2167152311655806e-05
2023-09-19,0.9889369009599928,0.010988966860277408,7.413217973047805e-05
2023-09-20,0.9850461336834804,0.014855585313989228,9.828100252975321e-05
2023-09-21,0.5922712649041887,0.39904578253882494,0.008682952556986808
2023-09-22,0.9877269122762695,0.01218692810794759,8.61596157825528e-05
2023-09-25,0.95769720800251,0.041663475115803,0.0006393168816875367
2023-09-26,0.8782087172654376,0.12048043772939088,0.0013108450051714797
2023-09-27,0.9679225239982985,0.031736967416880243,0.00034050858482134326
2023-09-28,0.991432759824006,0.00851381290672692,5.342726926665902e-05
2023-09-29,0.961048155038665,0.03867756436824048,0.0002742805930943158
2023-10-02,0.8212143777262167,0.17507532508547896,0.003710297188304446
2023-10-03,0.6687360806983547,0.32011738039100596,0.0111465389106399
2023-10-04,0.7685905723204886,0.23020390244496086,0.0012055252345502894
2023-10-05,0.9901762185159966,0.009762169471457147,6.161201254592451e-05
2023-10-06,0.9391596203940549,0.06014517860051665,0.000695201005428836
2023-10-10,0.8662268708167148,0.13081081991103713,0.002962309272247691
2023-10-11,0.9559024531914228,0.043718388527455014,0.00037915828112181543
2023-10-12,0.8977397007179321,0.10001100787047464,0.002249291411593553
2023-10-13,0.29607034301434587,0.7009148676591459,0.0030147893265085254
2023-10-16,0.9752416120065852,0.024566003506242835,0.00019238448717239046
2023-10-17,0.9505104746516277,0.04880349479362251,0.0006860305547497125
2023-10-18,0.7643053463284581,0.23446638381283066,0.001228269858711278
2023-10-19,0.9670653236908084,0.032677600794829675,0.00025707551436196264
2023-10-20,0.9315725068781878,0.06787337371889558,0.0005541194029168
2023-10-23,0.9703100903411965,0.0294974602392367,0.00019244941956744546
2023-10-24,0.9906090589313514,0.009343783426246,4.71576424031084e-05
2023-10-25,0.9131902754180865,0.08606063422331194,0.0007490903586015472
2023-10-26,0.9465510573877893,0.052984732556749715,0.0004642100554609498
2023-10-27,0.9657096235105113,0.03410536887914187,0.00018500761034670024
2023-10-30,0.9220201536609371,0.07741106436761909,0.0005687819714437697
2023-10-31,0.9829282810914237,0.016944535379197167,0.0001271835293788867
2023-11-01,0.9276481610301961,0.07160838201264075,0.0007434569571636878
2023-11-02,0.4976488595853347,0.4960648682277417,0.006286272186923376
2023-11-03,0.6886204400208573,0.30783835873772475,0.003541201241418162
2023-11-06,0.9915505095736008,0.008395600691981728,5.388973441747363e-05
2023-11-07,0.8399028214023391,0.15947976010295853,0.0006174184947019181
2023-11-08,0.9303840119553481,0.06888294251638075,0.0007330455282707263
2023-11-09,0.9846700888299313,0.015193177884880163,0.0001367332851884175
2023-11-10,0.9797926891965678,0.020080874508289596,0.0001264362951420022
2023-11-13,0.914542894480141,0.08502735846935346,0.0004297470505050985
2023-11-14,0.012242349696881108,0.9559804503390199,0.03177719996409868
2023-11-15,0.9896016161118312,0.010315940279604198,8.244360856423886e-05
2023-11-16,0.8357169906873181,0.16333434890219756,0.0009486604104845016
2023-11-17,0.9920302220883794,0.007928651395976021,4.112651564417909e-05
2023-11-20,0.9764078651908764,0.023426938815046417,0.00016519599407740506
2023-11-21,0.9840805803066095,0.0158130478122372,0.00010637188115294979
2023-11-22,0.9664051019743308,0.033283612811347986,0.00031128521432107804
2023-11-24,0.9856463714553356,0.014276111526756716,7.751701790731984e-05
2023-11-27,0.9683540630256976,0.031398515093470324,0.0002474218808315214
2023-11-28,0.9160054964695085,0.08328655474057413,0.0007079487899175146
2023-11-29,0.9615811628775861,0.03810618011141484,0.00031265701099946624
2023-11-30,0.9791121169048138,0.020737195150094524,0.00015068794509213852
2023-12-01,0.9725773365626532,0.02719508761327919,0.0002275758240678727
2023-12-04,0.9255937625775513,0.07387608243685982,0.0005301549855883143
2023-12-05,0.9386321813794514,0.060736871154529345,0.0006309474660195198
2023-12-06,0.7695719852044528,0.22975493361493263,0.0006730811806146674
2023-12-07,0.9896250151727862,0.010300008121280738,7.497670593315157e-05
2023-12-08,0.9887537217044748,0.011173801723135751,7.247657238953285e-05
2023-12-11,0.9881966294070287,0.011737031253325335,6.633933964571733e-05
2023-12-12,0.8834749311176009,0.11532893131925938,0.0011961375631396468
2023-12-13,0.12547919748639202,0.8509213842243828,0.0235994182892252
2023-12-14,0.0006691884317316826,0.9788742596411738,0.02045655192709456
2023-12-15,0.9929109411556407,0.007054375239385348,3.468360497389021e-05
2023-12-18,0.9922353352477058,0.007723969743667327,4.06950086274505e-05
2023-12-19,0.977505110747485,0.022337553687868248,0.00015733556464677737
2023-12-20,0.8831528996276019,0.11561673570793894,0.0012303646644591796
2023-12-21,0.9833840412411565,0.016492239760545573,0.00012371899829818743
2023-12-22,0.9940939802277553,0.0058800273988493384,2.5992373394854598e-05
2023-12-26,0.9923774044286344,0.0075887435998155655,3.385197155009442e-05
2023-12-27,0.9480783443926465,0.05141826066497566,0.0005033949423777512
2023-12-28,0.9799813515264272,0.019849840092171424,0.00016880838140175312
2023-12-29,0.9826835137122167,0.01722350006153002,9.298622625252393e-05
2024-01-02,0.9192019673163199,0.0797956962824668,0.0010023364012127182
2024-01-03,0.942496750434484,0.057090399667528643,0.0004128498979879535
2024-01-04,0.9914389162042897,0.008511976768670658,4.910702703987223e-05
2024-01-05,0.9930041947456895,0.006957629743828366,3.817551048185364e-05
2024-01-08,0.8795288162411262,0.11986546790273152,0.0006057158561418417
2024-01-09,0.97344124771774,0.02642150619009686,0.00013724609216318772
2024-01-10,0.9841645630662076,0.015757812019439203,7.762491435317962e-05
2024-01-11,0.9895391162906974,0.010404704254376814,5.617945492650523e-05
2024-01-12,0.9812041699474084,0.01866857129791677,0.00012725875467514073
2024-01-16,0.8987832779675802,0.0999187104714995,0.0012980115609201788
2024-01-17,0.9500133188405595,0.049575956693505514,0.0004107244659348028
2024-01-18,0.989762932353767,0.010177853631548606,5.9214014684689384e-05
2024-01-19,0.9765132678233469,0.023335471944720555,0.0001512602319328164
2024-01-22,0.9904762185817323,0.009470637463439296,5.3143954828526665e-05
2024-01-23,0.9637905906741516,0.03585133391570566,0.0003580754101432316
2024-01-24,0.9395448617630761,0.059824576556566186,0.0006305616803581119
2024-01-25,0.9914402099722448,0.008507488061528188,5.230196622707808e-05
2024-01-26,0.9941984114681386,0.005774800909911138,2.6787621950935177e-05
2024-01-29,0.9653136206807221,0.03448060449609452,0.0002057748231830466
2024-01-30,0.9759092162219298,0.023963481555814674,0.00012730222225497675
2024-01-31,0.8037809358783828,0.19385649363747334,0.002362570484143301
2024-02-01,0.7852939015844914,0.2125125467643758,0.002193551651132396
2024-02-02,0.7251939916440371,0.27051012636090005,0.004295881995062688
2024-02-05,0.9134119875980754,0.08531104255965098,0.0012769698422731744
2024-02-06,0.9866052081129923,0.013313921632286006,8.087025472174592e-05
2024-02-07,0.9892422287964217,0.010682607263100937,7.516394047749928e-05
2024-02-08,0.9898421027743146,0.010099650173049117,5.82470526360484e-05
2024-02-09,0.9915888121814806,0.008361246786042918,4.9941032476220906e-05
2024-02-12,0.9920240459517614,0.007933353890774281,4.26001574646943e-05
2024-02-13,0.17741629055712446,0.8039631660872153,0.018620543355659908
2024-02-14,0.9559459490878489,0.04379418247861794,0.00025986843353299885
2024-02-15,0.9711334598254594,0.02862236644804771,0.00024417372649318
2024-02-16,0.9891567012875776,0.01078801308109599,5.528563132651963e-05
2024-02-20,0.9791585747043151,0.020707558081831345,0.00013386721385293715
2024-02-21,0.9862578168084808,0.01367055864153756,7.162454998130886e-05
2024-02-22,0.7791450146000579,0.21721779860984838,0.0036371867900937146
2024-02-23,0.9471732971490193,0.05246652844136564,0.00036017440961450583
2024-02-26,0.9864981098903909,0.013422204025997999,7.968608361111222e-05
2024-02-27,0.9848909149028761,0.015026364329411767,8.272076771219604e-05
2024-02-28,0.99082067119621,0.00913103467187669,4.82941319136909e-05
2024-02-29,0.9836886614525451,0.016186223238584197,0.00012511530887104582
2024-03-01,0.9702570739284256,0.029469840986820647,0.0002730850847535151
2024-03-04,0.9336397699130571,0.06545687551180358,0.0009033545751387856
2024-03-05,0.9496552423404742,0.04992859389028332,0.0004161637692432584
2024-03-06,0.9867933940004004,0.013128909116342662,7.769688325656417e-05
2024-03-07,0.9774089649808845,0.022421150607869818,0.00016988441124607956
2024-03-08,0.9836989596428916,0.016200818261160693,0.00010022209594785561
2024-03-11,0.9753416484430553,0.024444056751414256,0.00021429480553044431
2024-03-12,0.9789011257726418,0.020923777346708423,0.0001750968806504767
2024-03-13,0.9731265907454756,0.0266773912461837,0.00019601800834065294
2024-03-14,0.9753972810381849,0.02437653759825575,0.0002261813635593948
2024-03-15,0.9868701605554613,0.013049372735777748,8.04667087615645e-05
2024-03-18,0.9895626788227905,0.010374409791395079,6.29113858144368e-05
2024-03-19,0.9856168820019287,0.014278987030834401,0.00010413096723709614
2024-03-20,0.8847653553211449,0.11351547212050286,0.001719172558352043
2024-03-21,0.9913438664056067,0.008608229935913923,4.790365848026528e-05
2024-03-22,0.9849437023026221,0.014974936680746629,8.136101663063975e-05
2024-03-25,0.9889798106573322,0.010963677341035385,5.651200163196599e-05
2024-03-26,0.9907851681167331,0.009170202293522082,4.4629589744565976e-05
2024-03-27,0.9263789947269616,0.07278278649522252,0.0008382187778157906
2024-03-28,0.9637201960837093,0.036070397141797564,0.00020940677449311773
2024-04-01,0.9078465472078845,0.09041294312363278,0.0017405096684831583
2024-04-02,0.9630834045446377,0.036677109476466616,0.0002394859788959757
2024-04-03,0.9623641828296865,0.037412770008043154,0.00022304716227052575
2024-04-04,0.9307670761374611,0.06864814266747023,0.0005847811950692406
2024-04-05,0.8811718153774662,0.11647153939371058,0.0023566452288229294
2024-04-08,0.9938487826690917,0.0061219965001884915,2.9220830719635135e-05
2024-04-09,0.9840934032173941,0.01579957293806223,0.00010702384454305651
2024-04-10,0.6059984629533531,0.3840722474954537,0.009929289551192938
2024-04-11,0.9580974530527121,0.041461111574599814,0.00044143537268743577
2024-04-12,0.8488888950513178,0.14997381635528506,0.001137288593397536
2024-04-15,0.9484413015643475,0.05102670665361815,0.0005319917820343407
2024-04-16,0.9840531424083669,0.0158401293560065,0.00010672823562637805
2024-04-17,0.9704646281835453,0.029287903951223757,0.0002474678652313677
2024-04-18,0.9924477831082404,0.007506644633753318,4.5572258006350114e-05
2024-04-19,0.945751394972679,0.05395986756181309,0.0002887374655082187
2024-04-22,0.8860023800942028,0.11180257380766297,0.002195046098133972
2024-04-23,0.9694863546248796,0.03025525155171974,0.00025839382340082456
2024-04-24,0.9899716548740196,0.00996156889847855,6.677622750140483e-05
2024-04-25,0.9293496361707835,0.06952014606893442,0.0011302177602826107
2024-04-26,0.9828908458199083,0.016974327430776554,0.00013482674931421544
2024-04-29,0.9841840484992966,0.01571531220308073,0.00010063929762288137
2024-04-30,0.6697520553453115,0.32703853628259383,0.003209408372094675
2024-05-01,0.9642809631209381,0.03548478317050585,0.00023425370855621202
2024-05-02,0.9556795455330276,0.0437849375433566,0.0005355169236160209
2024-05-03,0.8899181545831767,0.10845035963876026,0.0016314857780636877
2024-05-06,0.9632212698381558,0.03652325561563075,0.0002554745462128941
2024-05-07,0.9922990534596726,0.007659481012795596,4.146552753205586e-05
2024-05-08,0.9877640205488959,0.012154901257867457,8.107819323706254e-05
2024-05-09,0.9727638097735355,0.026958577895235467,0.00027761233122965194
2024-05-10,0.9923237574581566,0.007630554406701097,4.5688135142349345e-05
2024-05-13,0.9872145488521875,0.012711775706882264,7.367544092995648e-05
2024-05-14,0.9896390862193666,0.01029589378668136,6.501999395220716e-05
2024-05-15,0.8984293387487622,0.10030859335767363,0.0012620678935637616
2024-05-16,0.9917627013678376,0.0081901058573633,4.719277479972774e-05
2024-05-17,0.8071918401539614,0.19087167123543458,0.001936488610603723
2024-05-20,0.953443842263367,0.0463165277199151,0.0002396300167174472
2024-05-21,0.9921509900533066,0.007808073945024572,4.093600166874115e-05
2024-05-22,0.9448646067806602,0.054509814658042326,0.0006255785612977276
2024-05-23,0.95742359210329,0.04228848369130548,0.00028792420540526127
2024-05-24,0.9911978756033158,0.00875191719018989,5.020720649558574e-05
2024-05-28,0.8782667709389417,0.12090248069813812,0.0008307483629199115
2024-05-29,0.9054152670772521,0.09361618207248841,0.0009685508502593824
2024-05-30,0.890877211771642,0.10834035524702688,0.0007824329813314657
2024-05-31,0.9451941097404152,0.054448840904678976,0.00035704935490648784
2024-06-03,0.9741909066011557,0.025603979288264744,0.00020511411057855768
2024-06-04,0.44193695514670733,0.5504764723265583,0.00758657252673485
2024-06-05,0.9855713901088886,0.014332394705256738,9.621518585431231e-05
2024-06-06,0.9050368945354657,0.09429149689919647,0.000671608565338317
2024-06-07,0.19198823829748604,0.7935139581529155,0.014497803549598917
2024-06-10,0.9711190243055069,0.028593477758137715,0.00028749793635547666
2024-06-11,0.9857044734784419,0.014202336060404495,9.319046115305519e-05
2024-06-12,0.8140980979657733,0.18280465504251397,0.0030972469917133045
2024-06-13,0.9751644247185913,0.024635476301553206,0.00020009897985534284
2024-06-14,0.9888839429753951,0.011043026951754555,7.303007285078396e-05
2024-06-17,0.9859278725632966,0.013968343198748479,0.0001037842379554145
2024-06-18,0.9838899470777358,0.016016292383569258,9.376053869451811e-05
2024-06-20,0.9628278719786102,0.03666398711506836,0.0005081409063212833
2024-06-21,0.9807589483472126,0.019136931384253156,0.00010412026853464776
2024-06-24,0.9842083921130086,0.01571279318589419,7.881470109721213e-05
2024-06-25,0.968894895685377,0.030931176879705563,0.00017392743491765868
2024-06-26,0.9799183001705175,0.0198909287685493,0.00019077106093405777
2024-06-27,0.9923674981142238,0.007591671362302228,4.083052347400427e-05
2024-06-28,0.989734662405338,0.010192492318029036,7.284527663252697e-05
2024-07-01,0.9871736415967485,0.012734609078750158,9.174932450092767e-05
2024-07-02,0.9899449698081861,0.009994639391843462,6.03907999706795e-05
2024-07-03,0.9166058045231648,0.08245100716253595,0.0009431883142998883
2024-07-05,0.9801002228678781,0.0197454380796443,0.0001543390524772972
2024-07-08,0.9708708001555572,0.0289738049158548,0.0001553949285888864
2024-07-09,0.9884727359854146,0.011460106729296954,6.71572852886462e-05
2024-07-10,0.9505754765585167,0.04891900287559306,0.0005055205658904055
2024-07-11,0.8966423946329577,0.10212845350113088,0.0012291518659114434
2024-07-12,0.9890569827329885,0.010875960229290467,6.705703772084466e-05
2024-07-15,0.9726153577138029,0.027214343409631386,0.00017029887656574408
2024-07-16,0.9705355630315834,0.02914841606506888,0.0003160209033476908
2024-07-17,0.8987540051560381,0.09999130328727257,0.0012546915566889227
2024-07-18,0.9735222536589612,0.026268901437055375,0.00020884490398326142
2024-07-19,0.8957471062613568,0.10349391119581364,0.0007589825428286499
2024-07-22,0.9845406059620988,0.015344101002362354,0.00011529303553947385
2024-07-23,0.9876607086429268,0.012264729518874987,7.456183819835418e-05
2024-07-24,0.6671690530170191,0.32715994465370885,0.005671002329272824
2024-07-25,0.9448883662540137,0.05458270529721169,0.0005289284487741799
2024-07-26,0.9382745518238025,0.06128535507816955,0.00044009309802789376
2024-07-29,0.9878703402724591,0.01205917999264855,7.047973489240076e-05
2024-07-30,0.9900994731765934,0.0098448108681251,5.571595528146143e-05
2024-07-31,0.7717389331142932,0.2243672469824094,0.0038938199032978486
2024-08-01,0.7594963029845582,0.23763521443397978,0.002868482581462388
2024-08-02,0.00014964808315588398,0.8942110866065013,0.10563926531034391
2024-08-05,5.598219133656811e-07,0.8039846002408424,0.19601483993724486
2024-08-06,0.7914400166214254,0.2030051135778403,0.005554869800734476
2024-08-07,0.910572069478493,0.08832018174608754,0.0011077487754198325
2024-08-08,0.8673857070776458,0.13011880621816413,0.0024954867041909394
2024-08-09,0.9859856890430502,0.013922160487218466,9.215046973138904e-05
2024-08-12,0.9199637545379463,0.07918122953376437,0.0008550159282889715
2024-08-13,0.6227899533058652,0.37457881982337443,0.002631226870759633
2024-08-14,0.9735716346407033,0.026203609832409346,0.00022475552688763713
2024-08-15,0.8233306911020624,0.17293494018543693,0.003734368712500336
2024-08-16,0.9697228273694168,0.03000665163979056,0.0002705209907925913
2024-08-19,0.9638210260391091,0.03584413400390871,0.0003348399569828768
2024-08-20,0.983398007363102,0.01649166935312487,0.00011032328377284907
2024-08-21,0.9893204178883599,0.010617525781385211,6.205633025528538e-05
2024-08-22,0.9702749728631052,0.029493660644020557,0.00023136649287462105
2024-08-23,0.8917063945939242,0.10722605244572081,0.0010675529603546502
2024-08-26,0.9805138322256279,0.01936746350002769,0.00011870427434380986
2024-08-27,0.9929296498239907,0.00703140289546386,3.894728054546378e-05
2024-08-28,0.9690239743150018,0.030750220621160052,0.0002258050638388811
2024-08-29,0.9810171634543909,0.018845570776496658,0.0001372657691121857
2024-08-30,0.9464631681783537,0.05309745117278386,0.000439380648861922
2024-09-03,0.2231890040068433,0.7648021005479606,0.01200889544519637
2024-09-04,0.8925680799364105,0.10606607294026707,0.0013658471233230066
2024-09-05,0.9870565543930875,0.012868982159702275,7.446344721022489e-05
2024-09-06,0.4772477352441917,0.5169822137635678,0.005770050992240209
2024-09-09,0.9797451622861368,0.02007640342880317,0.0001784342850599993
2024-09-10,0.9647340929129736,0.03502188534966693,0.0002440217373593945
2024-09-11,0.9754568483893253,0.02429986416067653,0.00024328744999853623
2024-09-12,0.581069832930359,0.4109861498853511,0.007944017184290046
2024-09-13,0.9653801671293225,0.0342849751091028,0.00033485776157528605
2024-09-16,0.9763643574831103,0.023461658010741567,0.00017398450614781183
2024-09-17,0.9915543993893335,0.00839905584967553,4.6544760990797924e-05
2024-09-18,0.98887044994081,0.011058260177920673,7.128988126985005e-05
2024-09-19,0.9025494176980657,0.09608099749425257,0.001369584807681942
2024-09-20,0.9840240577870698,0.015854778530171525,0.00012116368275838728
2024-09-23,0.9795805895253089,0.020295407344816795,0.00012400312987398594
2024-09-24,0.9568151109017299,0.042882420694066184,0.0003024684042033431
2024-09-25,0.9906333741798298,0.009303019063467081,6.36067567039215e-05
2024-09-26,0.9819350665151225,0.017925656173379725,0.00013927731149734256
2024-09-27,0.8363943775306873,0.15976853935913493,0.003837083110177835
2024-09-30,0.9849825853640137,0.01490593993313607,0.0001114747028503105
2024-10-01,0.922416910409046,0.07701888088889422,0.0005642087020587477
2024-10-02,0.9797234748081358,0.020091431318402853,0.00018509387346148266
2024-10-03,0.9666342739759817,0.033122124944780555,0.00024360107923770925
2024-10-04,0.9261616214974102,0.07261551215951818,0.001222866343072229
2024-10-07,0.9844138031221433,0.015485353040015032,0.00010084383784242816
2024-10-08,0.7475866037201794,0.251493141849964,0.0009202544298560463
2024-10-09,0.9744877113340653,0.025331854400899044,0.00018043426503573033
2024-10-10,0.9432488043269183,0.05629264424163442,0.0004585514314468735
2024-10-11,0.9914410359316346,0.008508616296585695,5.0347771778892325e-05
2024-10-15,0.9228621851484815,0.07645342943215658,0.0006843854193622424
2024-10-16,0.9915103113435476,0.008441179479341353,4.850917711100863e-05
2024-10-17,0.9932194750000247,0.006780524999974958,0.0
2024-10-18,0.9126308032867682,0.08736919671323182,0.0
2024-10-21,0.9794361641861344,0.0205638358138655,0.0
2024-10-22,0.978779131688888,0.02122086831111313,0.0
2024-10-23,0.991904796805564,0.008095203194435876,0.0
2024-10-24,0.9851704904575425,0.014829509542456648,0.0
2024-10-25,0.9943297149073593,0.0056702850926406085,0.0
2024-10-28,0.8931069717520425,0.10689302824795746,0.0
2024-10-29,0.9962027641168509,0.003797235883149477,0.0
2024-10-30,0.9936964239247537,0.006303576075247121,0.0
2024-10-31,0.86805923897477,0.13194076102523034,0.0
2024-11-01,0.9961465968172594,0.003853403182739707,0.0
2024-11-04,0.9769043039323224,0.023095696067677966,0.0
2024-11-05,0.9955729349282288,0.004427065071771052,0.0
2024-11-06,0.10535732014193641,0.8946426798580643,0.0
2024-11-07,0.9662882565342815,0.03371174346571839,0.0
2024-11-08,0.9898346497988515,0.010165350201147708,0.0
2024-11-12,0.9880656938280071,0.011934306171992575,0.0
2024-11-13,0.9965215667141087,0.0034784332858922556,0.0
2024-11-14,0.9935723256101578,0.00642767438984188,0.0
2024-11-15,0.9841967700507465,0.015803229949253192,0.0
2024-11-18,0.9401865724775277,0.05981342752247327,0.0
2024-11-19,0.9948624357236663,0.00513756427633392,0.0
2024-11-20,0.9949908638375697,0.005009136162430606,0.0
2024-11-21,0.9963232801597864,0.0036767198402135725,0.0
2024-11-22,0.9972541820443591,0.0027458179556409446,0.0
2024-11-25,0.44152058282359374,0.558479417176407,0.0
2024-11-26,0.9967551332592217,0.0032448667407782117,0.0
2024-11-27,0.9765026880616192,0.023497311938380692,0.0
2024-11-29,0.9938481495977116,0.006151850402288514,0.0
2024-12-02,0.992169509371681,0.007830490628319375,0.0
2024-12-03,0.9892839401984953,0.010716059801504862,0.0
2024-12-04,0.9959973458256166,0.004002654174383615,0.0
2024-12-05,0.9971122538971664,0.0028877461028338405,0.0
2024-12-06,0.9943714411766701,0.0056285588233293184,0.0
2024-12-09,0.9716367486307784,0.028363251369221364,0.0
2024-12-10,0.9949806181889691,0.0050193818110314285,0.0
2024-12-11,0.9740796178093565,0.025920382190643732,0.0
2024-12-12,0.9754590083487082,0.024540991651291495,0.0
2024-12-13,0.9944309516525128,0.005569048347486974,0.0
2024-12-16,0.996667161814202,0.0033328381857977056,0.0
2024-12-17,0.9958832628680712,0.004116737131929393,0.0
2024-12-18,0.0867232231339882,0.9132767768660125,0.0
2024-12-19,0.9426207093433363,0.05737929065666393,0.0
2024-12-20,0.9921216477356143,0.007878352264385371,0.0
2024-12-23,0.9960341677304703,0.003965832269529648,0.0
2024-12-24,0.9954316641354786,0.004568335864522695,0.0
2024-12-26,0.9976979186837751,0.0023020813162248415,0.0
2024-12-27,0.9950830638737682,0.0049169361262313485,0.0
2024-12-30,0.945261152041946,0.05473884795805395,0.0
2024-12-31,0.9963500633415966,0.0036499366584024457,0.0
2025-01-02,0.916985660285349,0.08301433971465179,0.0
2025-01-03,0.9748884177937999,0.02511158220620048,0.0
2025-01-06,0.9909953066207119,0.009004693379288308,0.0
2025-01-07,0.9877236214050581,0.012276378594941342,0.0
2025-01-08,0.9848343047197232,0.01516569528027693,0.0
2025-01-10,0.2309020822493516,0.7690979177506486,0.0
2025-01-13,0.9924558106491899,0.007544189350810314,0.0
2025-01-14,0.9913916046809497,0.00860839531905097,0.0
2025-01-15,0.7384623482825025,0.26153765171749727,0.0
2025-01-16,0.9965350635474083,0.003464936452592139,0.0
2025-01-17,0.9938888929374645,0.0061111070625363825,0.0
2025-01-21,0.9922026566758795,0.007797343324120373,0.0
2025-01-22,0.9971858486177375,0.002814151382262557,0.0
2025-01-23,0.9968322073452708,0.0031677926547294573,0.0
2025-01-24,0.993318489217324,0.006681510782677383,0.0
2025-01-27,0.8870440079761747,0.11295599202382528,0.0
2025-01-28,0.9956152380150843,0.004384761984915843,0.0
2025-01-29,0.995759170288442,0.004240829711558765,0.0
2025-01-30,0.974189537820428,0.02581046217957186,0.0
2025-01-31,0.9966189573595535,0.0033810426404464826,0.0
2025-02-03,0.9165641366738809,0.0834358633261185,0.0
2025-02-04,0.9957931743134208,0.004206825686578899,0.0
2025-02-05,0.9810059849402623,0.01899401505973755,0.0
2025-02-06,0.996660717902284,0.0033392820977162143,0.0
2025-02-07,0.9941199142430462,0.005880085756953638,0.0
2025-02-10,0.9867856640290725,0.013214335970926605,0.0
2025-02-11,0.9965953535153723,0.003404646484626994,0.0
2025-02-12,0.9884022665382801,0.01159773346171983,0.0
2025-02-13,0.9712347434783432,0.028765256521657536,0.0
2025-02-14,0.7979949849518103,0.20200501504818927,0.0
2025-02-18,0.9880165122702153,0.011983487729785877,0.0
2025-02-19,0.9975752569680768,0.0024247430319241253,0.0
2025-02-20,0.9920932867942444,0.007906713205755193,0.0
2025-02-21,0.6929588456605041,0.30704115433949536,0.0
2025-02-24,0.9929819823635503,0.007018017636448839,0.0
2025-02-25,0.985756446414516,0.014243553585483364,0.0
2025-02-26,0.9935279381154483,0.006472061884551943,0.0
2025-02-27,0.93089846467772,0.06910153532228093,0.0
2025-02-28,0.9366326429936143,0.06336735700638602,0.0
2025-03-03,0.9745116969534718,0.025488303046528677,0.0
2025-03-04,0.9689169703932343,0.031083029606764734,0.0
2025-03-05,0.9305229296336814,0.0694770703663191,0.0
2025-03-06,0.9859830771195134,0.01401692288048687,0.0
2025-03-07,0.9970827265468348,0.0029172734531649883,0.0
2025-03-10,0.12183884512604787,0.8781611548739522,0.0
2025-03-11,0.9136061471545043,0.08639385284549578,0.0
2025-03-12,0.994615250458421,0.0053847495415795645,0.0
2025-03-13,0.9444548628826182,0.05554513711738234,0.0
2025-03-14,0.9537420291376483,0.04625797086235248,0.0
2025-03-17,0.9919899809724857,0.008010019027513448,0.0
2025-03-18,0.9952952434280066,0.0047047565719934145,0.0
2025-03-19,0.9962422183590015,0.003757781641000091,0.0
2025-03-20,0.9970231643145665,0.002976835685432858,0.0
2025-03-21,0.9967137176953772,0.0032862823046228423,0.0
2025-03-24,0.9827151878667054,0.017284812133295507,0.0
2025-03-25,0.9968010338735539,0.0031989661264458656,0.0
2025-03-26,0.9921815142390429,0.007818485760956862,0.0
2025-03-27,0.9945533609525246,0.005446639047475631,0.0
2025-03-28,0.7021091766122066,0.29789082338779344,0.0
2025-03-31,0.9959218529618178,0.004078147038182599,0.0
2025-04-01,0.9966647863947565,0.0033352136052431196,0.0
2025-04-02,0.997255698425116,0.002744301574884313,0.0
2025-04-03,3.0834727001084705e-11,0.9999999999691648,0.0
2025-04-04,3.5066387696552004e-19,1.0,0.0
2025-04-07,0.007582381597672316,0.9924176184023278,0.0
2025-04-08,0.9929826517674952,0.007017348232504678,0.0
2025-04-09,2.1954429347308066e-15,0.9999999999999977,0.0
2025-04-10,0.8132173409881301,0.18678265901186908,0.0
2025-04-11,0.5282861875622581,0.4717138124377429,0.0
2025-04-14,0.9740831947710994,0.025916805228901107,0.0
2025-04-15,0.9976376494711076,0.0023623505288928076,0.0
2025-04-16,0.4460813935500035,0.5539186064499965,0.0
2025-04-17,0.9932249614997875,0.006775038500213787,0.0
2025-04-21,0.8579781096452673,0.14202189035473264,0.0
2025-04-22,0.8962558615661796,0.1037441384338215,0.0
2025-04-23,0.934690833233139,0.0653091667668611,0.0
2025-04-24,0.9731856699383342,0.026814330061666093,0.0
2025-04-25,0.9921424402243475,0.007857559775652743,0.0
2025-04-28,0.9967177221832104,0.0032822778167892605,0.0
2025-04-29,0.9918367651898556,0.00816323481014452,0.0
2025-04-30,0.9564490985634815,0.04355090143651914,0.0
2025-05-01,0.9777945294742216,0.022205470525777912,0.0
2025-05-02,0.9580142399600555,0.04198576003994409,0.0
2025-05-05,0.9808181191074602,0.019181880892540366,0.0
2025-05-06,0.9445678697144363,0.055432130285563055,0.0
2025-05-07,0.9940218343567717,0.0059781656432279125,0.0
2025-05-08,0.9888668601027433,0.011133139897256526,0.0
2025-05-09,0.981822045458679,0.018177954541320665,0.0
2025-05-12,0.00013406790678897445,0.9998659320932123,0.0
2025-05-13,0.9946624882288847,0.005337511771115334,0.0
2025-05-14,0.9870288307079258,0.012971169292073828,0.0
2025-05-15,0.9914607829478128,0.008539217052186025,0.0
2025-05-16,0.9953084868314271,0.004691513168574111,0.0
2025-05-19,0.9949093720697078,0.005090627930292231,0.0
2025-05-20,0.979076683754333,0.02092331624566584,0.0
2025-05-21,0.9730260349598265,0.026973965040174106,0.0
2025-05-22,0.9966143565544423,0.0033856434455567046,0.0
2025-05-23,0.9796644729572703,0.020335527042730492,0.0
2025-05-27,0.9632862009767309,0.036713799023269565,0.0
2025-05-28,0.9881346827992779,0.011865317200723341,0.0
2025-05-29,0.994798628424515,0.005201371575486326,0.0
2025-05-30,0.9952495477467656,0.004750452253234752,0.0
2025-06-02,0.436804737386672,0.5631952626133272,0.0
2025-06-03,0.9975270379588715,0.0024729620411284496,0.0
2025-06-04,0.9951456768873044,0.0048543231126943745,0.0
2025-06-05,0.9950753133794706,0.004924686620529281,0.0
2025-06-06,0.9833434398935421,0.01665656010645837,0.0
2025-06-09,0.9973689462271252,0.0026310537728755183,0.0
2025-06-10,0.9945131156647439,0.005486884335255819,0.0
2025-06-11,0.9960347902024594,0.003965209797540273,0.0
2025-06-12,0.9895932969594435,0.010406703040555264,0.0
2025-06-13,0.6156742428633151,0.38432575713668504,0.0
2025-06-16,0.9947777739664628,0.005222226033537287,0.0
2025-06-17,0.9795926952737921,0.02040730472620729,0.0
2025-06-18,0.996040927167375,0.003959072832624922,0.0
2025-06-20,0.9956404110784105,0.004359588921589878,0.0
2025-06-23,0.9396989147162085,0.060301085283792764,0.0
2025-06-24,0.041233297288772064,0.9587667027112272,0.0
2025-06-25,0.9975066297599184,0.0024933702400808163,0.0
2025-06-26,0.9912107342552783,0.008789265744722321,0.0
2025-06-27,0.9597908223626498,0.04020917763735096,0.0
2025-06-30,0.982516977284672,0.017483022715327257,0.0
2025-07-01,0.9964253462778678,0.003574653722130711,0.0
2025-07-02,0.9837546447144332,0.01624535528556638,0.0
2025-07-03,0.9958410633418672,0.004158936658133813,0.0
2025-07-07,0.9836349933473156,0.01636500665268399,0.0
2025-07-08,0.8444706820654432,0.155529317934556,0.0
2025-07-09,0.9932702930262588,0.0067297069737419935,0.0
2025-07-10,0.9973924769643323,0.0026075230356682752,0.0
2025-07-11,0.9909060799045651,0.009093920095435196,0.0
2025-07-14,0.9977952639491273,0.002204736050872833,0.0
2025-07-15,0.9957823372879941,0.004217662712005697,0.0
2025-07-16,0.9974140160012762,0.0025859839987233835,0.0
2025-07-17,0.9964885924777926,0.00351140752220755,0.0
2025-07-18,0.9953614130010109,0.004638586998987998,0.0
2025-07-21,0.9716832998955757,0.02831670010442411,0.0
2025-07-22,0.9926011555064901,0.007398844493509366,0.0
2025-07-23,0.9919195721714182,0.008080427828581782,0.0
2025-07-24,0.9973644847108679,0.0026355152891333984,0.0
2025-07-25,0.9954348507557489,0.004565149244249587,0.0
2025-07-28,0.9953089581743948,0.0046910418256067565,0.0
2025-07-29,0.9953574753653871,0.0046425246346118495,0.0
2025-07-30,0.9875553078752235,0.012444692124775728,0.0
2025-07-31,0.9148972003021126,0.0851027996978875,0.0
2025-08-01,0.7500197135703401,0.24998028642965972,0.0
2025-08-04,0.8760380967574207,0.12396190324257891,0.0
2025-08-05,0.9903884370070485,0.009611562992949971,0.0
2025-08-06,0.9965552030680562,0.0034447969319453655,0.0
2025-08-07,0.9962488471982162,0.0037511528017844195,0.0
2025-08-08,0.9967755747426427,0.003224425257356691,0.0
2025-08-11,0.997454309187478,0.002545690812522287,0.0
2025-08-12,0.9931935213767054,0.006806478623293175,0.0
2025-08-13,0.9897872603132513,0.01021273968674748,0.0
2025-08-14,0.9964096602954685,0.0035903397045303586,0.0
2025-08-15,0.9975396933029191,0.0024603066970806265,0.0
2025-08-18,0.9973677842491268,0.0026322157508732037,0.0
2025-08-19,0.9882306187977545,0.011769381202246297,0.0
2025-08-20,0.9944753407278288,0.005524659272171219,0.0
2025-08-21,0.9849146877119789,0.01508531228802117,0.0
2025-08-22,0.9726909432710932,0.027309056728905604,0.0
2025-08-25,0.9969819913726279,0.003018008627372817,0.0
2025-08-26,0.9935607921868644,0.006439207813136768,0.0
2025-08-27,0.9976913864759865,0.00230861352401501,0.0
2025-08-28,0.9925935765961791,0.007406423403819424,0.0
2025-08-29,0.9840293072096764,0.015970692790322642,0.0
2025-09-02,0.95550182171239,0.04449817828760906,0.0
2025-09-03,0.9966841427948502,0.0033158572051514923,0.0
2025-09-04,0.9937780266611647,0.006221973338836189,0.0
2025-09-05,0.9680865383175955,0.031913461682405116,0.0
2025-09-08,0.9958518406205775,0.004148159379422974,0.0
2025-09-09,0.9965282878561202,0.003471712143880451,0.0
2025-09-10,0.9953323871950754,0.004667612804923981,0.0
2025-09-11,0.9955006873888069,0.0044993126111924275,0.0
2025-09-12,0.9967256109643116,0.0032743890356874148,0.0
2025-09-15,0.9954406508892734,0.004559349110725853,0.0
2025-09-16,0.9637551609272796,0.03624483907271848,0.0
2025-09-17,0.9918572681608661,0.008142731839135622,0.0
2025-09-18,0.9863645304370869,0.013635469562912847,0.0
2025-09-19,0.8258097630230977,0.1741902369769022,0.0
2025-09-22,0.9931605508296828,0.006839449170318295,0.0
2025-09-23,0.9948655401711534,0.005134459828847834,0.0
2025-09-24,0.9811329899091016,0.018867010090897373,0.0
2025-09-25,0.9925665781958642,0.007433421804136582,0.0
2025-09-26,0.9956966047881364,0.0043033952118624215,0.0
2025-09-29,0.9956502034672051,0.004349796532796128,0.0
2025-09-30,0.995826791899573,0.004173208100427811,0.0
2025-10-01,0.9967617326925865,0.0032382673074153063,0.0
2025-10-02,0.9973129503878673,0.0026870496121322892,0.0
2025-10-03,0.9973702545408768,0.0026297454591227274,0.0
2025-10-06,0.9928669385287239,0.007133061471276698,0.0
2025-10-07,0.9944192128238859,0.005580787176115306,0.0
2025-10-08,0.9912465021143108,0.008753497885688452,0.0
2025-10-09,0.9567907216788065,0.04320927832119486,0.0
2025-10-10,0.19336656513788672,0.8066334348621128,0.0
2025-10-14,0.9948473176391756,0.005152682360825093,0.0
2025-10-15,0.9850603988689691,0.01493960113102975,0.0
2025-10-16,0.98487667582299,0.015123324177010091,0.0
2025-10-17,0.06837152545124203,0.9316284745487597,0.0
2025-10-20,0.9616375856013392,0.038362414398661504,0.0
2025-10-21,5.944601806364082e-05,0.9999405539819362,0.0
2025-10-22,0.996785839596583,0.0032141604034170925,0.0
